fixed acidity,volatile acidity,citric acid,residual sugar,chlorides,free sulfur dioxide,total sulfur dioxide,density,pH,sulphates,alcohol
0.023359971,-0.18787016,0.035503257,0.036923718,0.0047617103,0.011991637,0.050450273,-0.10945621,-0.043080226,-0.15270577,-0.22832112
0.035972334,-0.30689183,-0.0038985384,0.04837535,-0.09103293,-0.015938992,-0.1650745,0.00520397,0.048746243,0.07855628,-0.25757024
0.03421866,-0.23234634,-0.024304103,0.030944293,0.118127495,0.009551417,-0.09670788,-0.054020964,-0.007102584,0.11492712,-0.27658176
-0.004546404,0.37780356,0.022472482,0.047969364,0.01573379,0.0385767,-0.062831365,-0.05590971,0.06443778,-0.12548925,-0.13965774
0.021021426,-0.12615544,0.05277232,0.03042141,-0.005941833,0.04557188,-0.009863213,-0.10326154,-0.049680598,-0.14987858,-0.24820821
0.059990846,-0.03568297,0.0650685,-0.14424138,-9.335606e-05,0.049671836,-0.0705845,-0.0015918235,-0.02208588,-0.267185,-0.25627688
0.09210062,0.035303343,0.11850462,0.09869981,0.20827533,0.11630392,0.13666284,0.13952477,0.005491896,-0.24492712,0.023532353
0.11148684,0.050840553,0.18006848,0.01763998,0.014771426,0.05953538,0.25143856,0.059781466,0.037300494,-0.09341039,-0.14776023
-0.02392451,-0.02303115,-0.023719087,-0.002759773,-0.018818276,0.04280323,-0.40672398,-0.08455744,-0.014905779,0.13839003,-0.020760974
-0.082955025,-0.026383124,0.04421964,0.025449589,0.03827201,0.04318656,-0.08014208,0.009363287,-0.014909943,-0.10870948,-0.28479612
-0.1513463,-0.104907006,0.029655613,-0.12806699,0.011846095,0.057923984,-0.027064854,0.077032566,-0.075548224,-0.24915846,-0.15176935
0.044023145,-0.17916138,-0.02695341,-0.18281949,-0.09050972,-0.015767708,0.089966975,-0.03388037,-0.031009441,0.16487533,-0.35882312
0.03912451,-0.09774158,0.04883374,0.0098049,-0.060788978,-0.0031768118,-0.2825585,-0.002321763,-0.0053202235,0.08857552,-0.3388027
0.033313643,-0.0942463,-0.0125370845,-0.009305381,-0.07346324,0.010471009,-0.24499175,0.013188106,0.0063975058,0.05512461,-0.3279415
0.041871827,0.41046372,0.0052061277,0.061651208,0.1544888,0.1364998,-0.11967563,0.0064241868,0.0013430059,0.29036838,0.06827095
0.036790054,-0.060947057,-0.038786404,0.00217945,-0.17888904,0.02570224,-0.10032346,3.733307e-05,0.0033991484,0.11696566,-0.35623175
-0.0003135923,-0.058118545,0.02173078,-0.17627963,-0.008711852,-0.07613271,0.03717132,-0.08353598,-0.061215095,-0.4407011,-0.44879827
0.06019347,0.32002676,-0.028644618,0.022544552,-0.10544852,0.025826335,-0.07820874,-0.017902358,0.029569708,0.22413018,-0.3411904
0.045981146,0.26607415,-0.046933617,0.041155417,0.04349721,0.064267874,-0.047751546,0.06533623,0.012692973,-0.1424442,-0.23602393
-0.015088646,0.09628459,0.059724033,0.0070297513,0.05935295,-0.021708949,-0.16311148,-0.069266744,-0.061084587,0.08547869,-0.24067803
0.035500206,0.002712435,-0.059823804,-0.1786731,-0.1459019,-0.0050683455,0.036555633,-0.016949302,-0.00410603,0.14136249,-0.31892133
0.011227714,0.022656485,0.047257077,0.011568096,0.01581821,-0.021773223,-0.1336279,0.035892557,-0.021928463,-0.17471413,-0.27367947
0.0013221862,0.16329493,0.05980683,0.04412877,0.061281748,0.023678958,0.035365544,0.03845695,-0.0019042408,-0.027896682,-0.19458055
-0.1279216,0.14054522,0.072916836,-0.14246893,-0.03084565,0.030812403,0.027175367,0.011725089,-0.0023324145,-0.18899612,-0.321393
0.03136075,0.05045665,-0.041718557,0.004702411,-0.019142242,-0.11015428,0.1293679,-0.048184495,-0.029822616,-0.047151696,-0.17598295
0.0030543278,-0.22437394,0.050322413,0.023517117,-0.020897761,0.051376473,0.065497525,-0.020419244,0.032041565,-0.14500174,-0.2386709
0.098875105,-0.06543264,0.14095265,-0.00032064522,0.04755707,0.0039564297,0.21674198,0.019831505,-0.00086491514,0.0011566809,-0.18127802
-0.0819378,-0.15992507,0.022085907,0.027615167,0.008936145,0.0601179,-0.078438886,-0.0012075001,-0.0013681161,-0.12714045,-0.09572431
-0.0003416948,-0.08246214,0.09108959,0.043789648,-0.013665333,0.06290492,0.038340013,0.029521942,-0.015453447,-0.16203395,0.07229862
-0.007968127,-0.11947701,0.05219911,0.020749064,0.03301149,0.019687563,-0.37990797,-0.027143804,0.008070255,0.026344221,-0.21510802
0.011159566,-0.009066089,0.09447138,0.25989246,0.03875025,0.09092642,-0.048786014,0.026839145,0.011460027,-0.1389954,-0.20992953
-0.10126782,0.1668773,-0.05234431,0.015245302,-0.088580675,0.048167728,-0.07134481,-0.07290013,-0.05426557,-0.16054428,-0.27349478
0.10043722,-0.029261475,0.105291836,0.18553974,0.061231546,-0.081857115,0.17339204,0.040018782,-0.0063719233,-0.17343824,-0.19556183
0.10276648,-0.0012312293,0.085733674,0.041210886,0.048720367,-0.11931465,0.15085833,-0.025243051,0.0056309234,-0.06079495,0.10943038
0.045854844,0.22685547,0.044553485,-0.0075266548,0.08034066,0.088845775,0.16527161,0.038754143,0.13300322,0.23754448,-0.20960096
-0.18897496,-0.5208167,0.06159388,-0.16564834,-0.18543778,-0.029589104,0.047508486,0.028828492,-0.11563657,-0.36012456,-0.19580585
-0.020519266,-0.052017502,-0.027409796,0.036764346,-0.007837518,0.00911826,-0.34989786,-0.08891463,-0.014022046,0.14360924,-0.038914233
0.006995306,-0.1284208,0.007207143,-0.008894865,-0.022424484,0.013306053,-0.06612508,-0.090527564,-0.032218732,-0.35969168,-0.37133604
0.041755524,-0.055146456,-0.032667097,0.04110384,-0.117314816,-0.009940128,0.16016585,-0.0066528907,0.08517623,0.2306202,0.015788788
0.019276183,-0.23998483,-0.04734484,-0.01674799,-0.024793247,-0.026055343,0.02333729,-0.0035802403,-0.022737697,0.1730994,-0.06882488
-0.04104977,-0.14769801,0.04280586,0.026256308,0.008700329,-0.15707132,0.041589558,-0.026900817,-0.05615108,-0.23787124,-0.15432996
-0.30002055,-0.02305274,-0.052696694,-0.0336645,-0.15327795,-0.16234812,-0.13323468,0.011643167,-0.1634331,-0.42273468,0.13054508
0.03561756,-0.23664482,0.008149266,0.022412254,-0.037140492,0.0028570958,-0.24359654,-0.043846603,0.027167518,0.105974615,-0.2965318
-0.011534126,0.26000777,-0.08736565,-0.08941947,-0.12528704,0.029575046,-0.016314575,-0.0029277913,0.0233876,-0.10610394,-0.287317
-0.10917982,0.14986826,-0.019216446,-0.11220054,0.012695054,-0.13513896,0.07389564,-0.037675556,-0.028750442,-0.18397912,-0.27289376
-0.121148005,0.2393545,0.009430518,-0.09313657,0.006098969,0.028099792,-0.15136033,-0.0060844566,-0.019118981,-0.1204254,-0.34893072
0.002458613,-0.22752045,-0.028758924,-0.0039320476,0.00018952349,-0.06724331,0.018683847,-0.056240536,-0.0035394426,0.21695063,-0.39089364
-0.051566016,0.06080747,0.047719702,0.0065116417,0.010748421,0.015452718,0.19994421,-0.0026692413,0.010019094,0.011977013,-0.21253109
-0.071191944,0.04722333,0.03656375,0.0041824356,0.009166481,-0.06653238,0.13168578,0.03974305,-0.014702055,0.07845434,-0.20959799
0.0089240745,0.09324153,-0.021766335,-0.01022233,-0.014377916,0.011519164,-0.28484115,-0.029963588,0.00821527,-0.08441178,-0.30996725
0.025261275,0.027146932,0.05536003,0.011233156,-0.037748072,0.052068677,-0.12735848,0.05678109,0.03766311,0.010469531,-0.02328173
0.058337435,-0.07050869,-0.00015292698,-0.02717184,0.01781564,-0.001641515,-0.018005399,-0.1130779,0.01703983,-0.2514856,-0.2190509
0.009816475,0.047200277,-0.14017768,-0.02486828,-0.024180776,-0.10096852,0.1731231,-0.050340384,0.0454611,-0.031192351,-0.29275304
-0.000562542,-0.06763974,0.05748006,0.011538549,-0.060608976,-0.0010824208,-0.35547683,-0.0165294,-0.006012201,0.10059724,-0.30475503
0.057860885,-0.023823416,0.064606965,0.02143544,-0.0033011863,0.03621383,-0.10607232,-0.042006083,-0.026376128,-0.04980768,-0.06273413
0.0377921,0.12555099,0.0874321,0.043246068,0.018742636,0.016165838,-0.031131586,-0.0036559452,-0.00042715325,-0.19258511,-0.21065485
-0.020829732,0.13370755,-0.061305765,-0.020914974,0.014479532,0.017361643,-0.06124508,-0.0900934,-0.023135023,0.002272035,-0.32553998
0.012759666,-0.113002025,-0.05428616,0.02090639,-0.035575565,0.011321396,-0.2747887,-0.005418154,0.03426908,0.08068685,-0.34695637
0.04109406,0.08956923,0.11772631,0.020672042,0.08045694,0.06411816,0.15245908,0.04915129,0.00016834827,0.0010886404,-0.14746593
0.006320235,-0.1782005,-0.020483715,-0.011802383,-0.027310846,0.04062358,-0.082965285,0.01972659,-0.040581908,-0.12982495,-0.2132523
0.039174095,-0.18042918,-0.045707196,0.04229713,0.027703106,-0.17647617,0.02852356,0.008474883,-0.06619679,-0.47800478,-0.09473978
0.026709862,0.045864675,0.07868555,-0.16572246,0.02037637,0.031163465,0.037228677,0.045474183,-0.0007508097,-0.08684658,-0.23194927
-0.08837675,-0.17993453,0.02782042,-0.10012067,0.0009185136,-0.17338362,0.11394685,-0.026760496,-0.028737208,-0.1644489,0.08272949
-0.032553863,0.18177207,-0.13572453,-0.03616912,-0.007039941,-0.064676784,-0.17671053,-0.04073653,-0.06647351,0.11363925,0.05683187
0.046375655,-0.22524765,0.050752126,0.003717288,0.0059788,-0.01656151,0.1701746,-0.014559973,0.0098202005,0.26314536,0.03931756
0.082352914,-0.0580267,0.090804204,0.032030057,0.0028197672,0.044280183,0.084448025,0.04682412,0.03841118,-0.12973092,-0.16598125
0.033910558,-0.11224462,-0.032534726,-0.007272343,-0.013457892,0.045793846,-0.05909969,-0.043167703,-0.0021416019,-0.19982038,-0.20036694
0.03163633,-0.1206654,-0.020231467,0.026640028,-0.0013890364,0.039848253,-0.035166256,-0.04105179,-0.004517687,-0.20794691,-0.2066613
-0.016505167,-0.20055614,-0.03408815,-0.022364898,0.0017114817,-0.009260444,-0.02923423,-0.08537924,0.010399487,-0.24703427,-0.33452588
-0.027344672,0.20873892,-0.05524524,-0.00035049775,0.11341256,-0.07224851,-0.2581248,-0.049000893,-0.053336345,0.18744491,-0.38600445
-0.05393463,-0.017303867,-0.18447724,-0.04674182,0.080575466,-0.028804258,0.037819657,-0.04428733,-0.21225132,0.072996795,-0.021073531
0.009288446,-0.105508715,0.07470956,0.070268705,-0.015612481,0.06912059,0.06928857,0.029159075,-0.02253223,-0.1409685,0.080707744
-0.07509523,-0.18261412,0.046081968,-0.005122869,-0.0063038757,0.024626011,-0.04887889,-0.0101404395,-0.050015308,-0.25239092,-0.10235288
-0.007627935,-0.1601393,-0.043572087,-0.24571483,-0.042843517,-0.058363777,-0.3618635,-0.020791871,-0.021538502,-0.019103402,-0.41977113
-0.14158854,0.008616445,-0.010988189,-0.11048554,0.010575897,-0.11520615,0.1042711,-0.0150722135,-0.017360855,-0.15593901,-0.25474682
0.019259555,-0.002877575,-0.039685674,0.012909077,-0.19535254,0.0039952127,-0.190263,-0.031913213,0.025725013,0.13837871,-0.36418846
0.008676878,0.031196984,-0.060404476,0.006673173,0.03131048,0.032777477,-0.10391738,-0.030344397,-0.01818376,-0.14139737,-0.26869792
0.005594984,-0.16439518,-0.035552107,0.0026064438,-0.16949518,0.032489218,-0.09303801,-0.029525343,-0.0023090744,0.14990643,-0.33255488
-0.03799385,0.3085031,-0.057251424,0.018920558,0.015046425,0.04421526,-0.16497417,-0.0012198891,-0.05454907,0.16852292,-0.068023905
-0.022593167,-0.0053122975,0.067483135,-0.0043673613,-0.0026916582,0.030647296,0.016001014,-0.032105,-0.0346979,-0.050757147,-0.04690533
0.0440204,-0.01898133,-0.028044924,0.049558617,-0.071837,0.020548476,-0.22868632,-0.00026039494,0.18779427,0.2099457,-0.09616226
0.043997724,0.042719737,-0.03659346,-0.0023075463,0.0044990806,-0.035596777,0.09059838,-0.007384615,-0.034185253,0.02664865,-0.24258406
-0.03741237,0.072328895,-0.043525454,-0.006125826,-0.07607388,-0.014470603,-0.31418157,-0.07901667,0.017103553,0.1095634,-0.3117432
-0.006678174,-0.048401907,0.05992858,0.029431727,0.0016595584,-0.023428533,0.035506774,-0.08704544,-0.06631285,-0.22693455,-0.30932996
0.042890303,0.010600892,-0.029817816,0.017532723,0.0051072272,0.027697995,-0.27342087,-0.0576885,0.03671905,-0.059807938,-0.23808214
0.01662064,-0.024764188,-0.047780346,0.013210064,-0.07261192,0.015623811,-0.2588686,-0.0046065412,0.12715174,-0.0029978042,-0.20502724
-0.16814426,-0.6941701,-0.10887097,-0.06311846,0.09521121,0.056455985,-0.03718062,0.030912431,-0.2738234,-0.31112137,-0.044615608
-0.07057782,-0.039021153,0.04315609,0.010139672,0.0015268798,0.08623274,-0.13717188,0.04624805,-0.041785557,-0.14257786,0.47318837
-0.028324086,-0.14168462,0.05478719,-0.059241004,-0.05042523,-0.04387754,-0.032494683,-0.0051721227,-0.06652917,-0.2070777,0.06931313
-0.023369959,0.032365177,-0.039637357,-0.006889926,-0.013774815,-0.07771793,0.022086415,-0.066849254,0.012936704,-0.042595565,-0.28717822
0.040051922,-0.4386887,-0.002321536,0.06284027,-0.014626337,-0.14934702,0.12100055,0.012940283,-0.05330095,-0.17160574,-0.15950789
0.071311586,0.04746515,0.11809939,0.02001473,-0.010594591,0.084525146,0.1272993,0.013992924,0.019048678,-0.013707952,-0.25944218
0.010068963,-0.102488965,0.033452574,-0.011824841,0.07076592,0.007502731,-0.026910681,0.003292874,-0.011409664,-0.045467608,-0.02911483
0.07021315,0.029252445,0.06100328,0.018800166,0.006633635,-0.027984023,0.023756051,0.009123122,0.014812172,-0.17402609,-0.018439582
0.054331332,-0.031090707,-0.01824419,-0.0047351574,0.007691996,0.019574668,-0.07766483,0.039321907,-0.020714393,-0.21503267,-0.28086945
0.015556872,0.026464228,-0.0450055,-0.0059087216,-0.0011501227,-0.051693533,0.02909224,-0.04055162,-0.010510869,-0.2805482,-0.19885188
0.021978607,-0.020407185,-0.03479101,0.03727068,-0.19179517,0.015839534,-0.17959914,-0.0091507705,0.029228901,0.1649278,-0.37889522
-0.13636516,-0.13910058,0.062138967,0.017270593,0.028622909,0.036071703,-0.088901915,-0.035891797,7.7119155e-05,0.10832496,-0.35981417
0.029257527,0.2816439,0.020177836,0.020300426,0.15362315,0.043000843,-0.16013792,0.006475864,-0.026773864,0.19897045,-0.31735536
0.013156951,-0.09643307,-0.051760744,0.004916714,-0.06886196,0.020943057,-0.22404504,-0.025920825,0.026443934,0.08988865,-0.34926075
0.034616306,-0.064031795,-0.052013606,-0.0036357045,-0.114588,0.026857065,-0.047302376,-0.011976143,-0.0072731287,0.1316955,-0.29989997
-0.014819959,-0.09942494,0.045867372,0.0042618597,0.010326097,-0.008771759,-0.34348822,-0.031440612,0.0008733835,0.024925765,-0.20588952
-0.0029428068,-0.04329205,0.062015124,0.0011812327,0.016108561,0.02559285,-0.40296146,-0.031390205,0.0040247785,0.03318336,-0.20934705
0.027690778,0.24742094,-0.05227354,0.006285892,0.024968661,0.0057096216,0.0076563316,0.010567708,-0.003113052,0.11615779,-0.2865744
0.0029825785,0.1087232,0.06705467,-0.019269394,0.044539526,0.039917078,-0.044851243,-0.0141043,0.030842502,-0.002208834,-0.0037984631
0.0106852325,0.07572564,-0.009071652,0.024441564,0.009757547,0.018445378,0.021646023,-0.05875897,-0.047589224,-0.07632962,-0.032803796
0.10317168,0.02046928,0.11494868,0.011094084,0.022564929,-0.024931004,0.08586343,0.006032987,0.0026430406,-0.30335507,-0.19568397
0.03799154,-0.0058949725,0.08431781,-0.01330134,-0.028379502,0.029023353,-0.044420004,-0.0020523765,0.06479206,0.004257571,0.020784635
0.008321989,-0.088148244,0.057153184,0.03808975,0.06323237,0.044116165,-0.0048511224,0.033470172,0.026422512,-0.07838871,-0.26684016
-0.030776883,-0.3770604,0.081982374,0.026520027,0.046731647,-0.021531638,-0.03691997,0.001993521,0.039733652,-0.116551496,-0.19513364
0.033329763,-0.15144081,0.03400999,0.0373247,-0.0055863606,-0.066148914,0.05009214,-0.13097306,-0.05475697,-0.29412097,-0.22933765
0.051561534,-0.22972454,0.031880725,-0.012381965,-0.019252788,0.0063067866,0.04363349,-0.082243524,-0.036253907,-0.23639508,-0.19845784
0.05174008,0.00962066,0.05752041,-0.13965084,0.0015646475,0.022165699,-0.17206247,-0.03984211,-0.029143825,-0.20241348,-0.21667036
0.019267684,-0.044539776,0.016922966,0.033685792,-0.14375135,-0.037852034,-0.095600724,-0.04163629,-0.012625663,0.08978425,-0.3232834
0.096319,-0.52953535,0.041080028,0.13213056,0.013494703,-0.014149878,-0.01602717,0.040228147,-0.12300062,-0.31208962,-0.092554934
0.102296196,-0.55137557,0.033121146,0.10893681,0.03946687,-0.01407486,-0.017389253,0.042578742,-0.1444735,-0.3119926,-0.07363379
0.11131457,-0.01447828,0.15379773,0.046647925,0.07575999,-0.020316606,0.18662383,-0.018810388,0.022628782,0.38724372,0.040468704
-0.1925474,0.16536812,0.043927737,0.024358805,0.017859947,-0.10517476,0.08493824,0.013794457,0.00038951202,-0.23216563,-0.22665556
0.024096526,-0.06361356,-0.04078751,0.0011692941,-0.06102056,0.010858935,-0.2518516,0.017153442,0.029620143,0.034013953,-0.31661582
-0.14229405,-0.009897304,-0.027802827,-0.002973826,-0.10186471,0.06482635,-0.16559516,0.0024531838,-0.18328325,-0.124372326,0.37492853
-0.0638823,0.057383448,0.08262756,-0.10923847,0.110715896,0.066609964,0.074437514,0.08076808,-0.011071665,-0.06242006,-0.18508083
0.11032035,-0.4601314,-0.020727282,0.05876307,0.030958863,0.06633375,0.10536595,0.08160579,0.19837774,-0.16315043,-0.026629841
-0.019272063,-0.15305796,0.026254863,-0.0013265347,0.022190386,0.043028407,-0.11501743,-0.045044355,0.0069558416,0.1438239,-0.3203084
-0.028904147,-0.23911126,0.02589447,-0.011076426,0.021006668,-0.025214842,-0.09176617,-0.015203296,0.021442492,0.17314348,-0.30777806
0.007913313,0.036636285,-0.020618292,-0.0074054673,-0.020030197,0.048349395,-0.0315849,-0.01394971,-0.09965257,0.006182221,-0.32248324
0.046450578,-0.010009692,-0.0202077,0.00028533454,-0.010378727,0.031211613,-0.17498821,-0.04640455,0.0027669,-0.08714343,-0.18966442
0.041986927,-0.0042528994,-0.01729128,0.0076572304,-0.013808554,0.041503232,-0.22305365,-0.046126645,0.0024164193,-0.05945547,-0.19004326
-0.07726906,-0.006676924,-0.05115268,0.023429938,-0.033747364,-0.011013915,-0.1733823,0.19438228,-0.1752329,0.18143767,0.55474496
-0.14925674,0.09135172,0.03801586,0.030035742,0.0062388876,-0.11248788,0.009606566,-0.011684574,0.004970378,-0.17620143,-0.21215396
0.019045819,-0.104024485,-0.023280736,0.020503113,-0.04446332,0.031102277,-0.19608912,0.014697493,0.009325427,0.0048536523,-0.30924243
-0.16918361,-0.16256966,0.035578396,0.041679036,-0.009265379,0.049561404,0.003684498,0.072500706,-0.05971308,-0.25061005,-0.12017124
0.011880434,-0.014373459,-0.036352616,-0.12611216,-0.05507025,0.003601467,-0.14967136,0.016720911,0.012800819,0.03876831,-0.32355198
-0.011885473,0.03427354,0.08665166,0.029502003,0.003613644,0.06182442,0.116517685,-0.002823261,0.00057067454,-0.11420729,-0.031093443
0.023216534,0.13359864,-0.04486747,0.023041649,0.06994878,0.0391845,0.042623077,-0.028782092,-0.031876136,-0.10912298,-0.025643751
0.038226724,0.35255164,-0.05188985,-0.02189759,0.006702698,-0.11541691,0.15191682,0.004048416,-0.0126480805,-0.24607627,-0.06435835
-0.04689245,-0.07524495,-0.26249862,-0.04088525,-0.27825892,-0.040682558,-0.17656893,-0.085762724,0.1443587,-0.017119702,-0.40738216
0.017647002,-0.023032721,0.011163006,0.0284647,0.01960364,0.008758927,-0.19024202,0.045344725,-7.581245e-05,-0.123942725,-0.087402105
-0.029521244,0.0031576578,-0.043021232,0.04630783,-0.017942974,0.0049826466,-0.59224695,-0.00032751885,-0.031057116,0.11494762,-0.05093778
-0.022722049,0.004231966,-0.043592084,0.0468771,-0.0068043233,-0.024707874,-0.5777572,-0.0017536307,-0.034166843,0.091752134,-0.059359334
0.0029568565,-0.195688,0.041513648,0.012598526,0.013121266,0.029851152,0.002643282,0.0010288793,-0.02996433,-0.28331614,-0.2576611
0.0051855175,-0.0005525231,0.058745507,0.059850805,0.035521206,0.06676832,0.012727253,0.0630141,0.07255123,-0.099605836,-0.18258671
0.026427584,-0.40179017,-0.027014371,-0.031696327,-0.0031106854,-0.0064554396,0.042499196,0.047186606,0.10308753,-0.14012963,-0.23945855
-0.02452078,-0.30851966,-0.018946007,-0.48932466,-0.06294599,-0.021456987,0.021786908,-0.052426603,-0.033247504,0.07020535,-0.5025888
0.0777936,0.06801796,0.05448697,0.0340676,-0.0024667701,0.049038436,0.104704306,0.024542881,0.020008376,-0.14602977,-0.04528233
-0.0007700539,-0.031113714,-0.01652251,0.044744868,-0.0095043555,0.051936295,-0.2129978,-0.027122863,-0.03287067,-0.12873988,-0.22925635
-0.00029259402,-0.018591378,-0.018258793,0.03533843,-0.008983465,0.06071838,-0.21552259,-0.06378744,-0.033555795,-0.13165167,-0.22897199
0.03696514,-0.0694893,-0.08678675,0.021236645,-0.06649662,0.02957564,-0.13360707,-0.024761435,0.0117753735,-0.030081538,-0.24790116
-0.03757048,-0.068783104,0.0526177,-0.0033981414,0.0098499,0.04563917,-0.14168872,-0.03173084,-0.020336334,-0.26066852,-0.062224694
-0.013636972,-0.037959177,0.0016887455,-0.17089412,-0.039932553,0.040569898,-0.03870898,-0.05494587,-0.040492073,-0.33165497,-0.48729962
-0.0047206404,-0.055439025,0.06366728,0.007885665,0.039855167,0.036731318,0.012368097,0.048766892,0.041506357,-0.19267553,0.0008749057
6.720286e-05,-0.15615027,-0.06707644,-0.00021165329,-0.111256674,0.01998281,-0.115973845,-0.008427662,-0.012114661,0.15078308,-0.27965584
0.05782636,-0.4532258,-0.09320434,0.021790497,-0.0069932453,-0.16805871,-0.08813274,-0.09434156,-0.06705278,-0.43611756,-0.23742034
0.0788914,0.10128252,0.109076805,0.0092794895,-4.4653203e-05,-0.045980297,0.15326306,0.012091618,0.0033155344,-0.055985495,-0.25432256
0.03513402,-0.051092263,0.031898096,0.021086818,-0.022595739,0.037526067,-0.020637603,-0.012548431,0.0063124313,-0.20913237,0.38759175
0.026268898,0.18632442,-0.031679228,-0.0059566433,-0.012147983,-0.04448879,0.06353806,-0.04645286,-0.0033980892,-0.3258541,-0.18347408
-0.049987093,-0.004356427,-0.010000175,-0.23280898,0.03731698,0.01723607,-0.069046356,-0.019010724,-0.0012705456,0.15515238,-0.31472185
0.056637827,0.06718771,-0.050501388,0.052125297,0.0789594,-0.0063839043,0.078230366,0.011567885,-0.038383823,-0.0800044,-0.007021215
-0.00036855013,-0.22466235,0.032095194,0.041802704,-0.027079111,-0.033752322,0.0020650125,-0.0036326,-0.059599057,-0.1753283,-0.2190537
-0.0020997622,-0.10460936,0.05549195,0.02139707,-0.054801032,-0.01899015,-0.013588946,-0.0043970416,0.005534826,-0.05815679,-0.23245889
0.018265309,-0.11119433,-0.065415934,0.018465148,-0.020856045,-0.0047005457,-0.2470649,-0.019887203,0.01597281,0.12978162,-0.33000144
0.028437572,-0.18895435,0.035480004,0.034469098,0.0031409387,0.044432342,-0.002261691,-0.018171098,-0.00627618,-0.28624046,-0.29192713
-0.0039524967,-0.08565775,-0.01411379,-0.0068059457,0.00795235,-0.008620397,-0.05633576,-0.026146358,0.048500877,-0.06415139,-0.22593053
-0.031659044,-0.074036255,0.010533962,0.0377464,0.0397881,-0.0061450396,0.04388517,-0.008813343,0.13431008,-0.053518,-0.17970291
0.0018794308,0.22579691,-0.115967505,-0.014020684,-0.10413064,-0.01988088,-0.07965686,-0.052656293,-0.020450154,-0.12934463,-0.24097705
0.0156537,0.10938534,-0.089117736,-0.0049273786,0.023500724,0.0506477,-0.112510204,-0.013414241,-0.00041028758,-0.15407878,-0.29187715
0.06979746,-0.21805759,0.09718944,-0.012453342,0.014666914,-0.001579383,0.006566871,-0.066876225,-0.04803115,-0.32704774,-0.2054761
0.047320113,0.006193505,0.016578576,0.008945999,0.024797704,0.018876515,-0.29459932,0.02844153,0.0067276643,-0.05061571,-0.22254428
0.043631904,0.0038042217,0.014088453,0.021542015,0.017323434,0.02946023,-0.29192764,0.024599653,0.0067305337,-0.05073904,-0.22554706
0.023836922,0.014288281,-0.013071506,-0.008459455,-0.010395383,0.018346034,-0.3000112,-0.038630437,0.036322545,-0.01077677,-0.2876768
-0.010096508,0.24989603,0.023795145,0.016411122,0.0117433565,0.036191676,0.00080983783,-0.016042262,-0.01279756,-0.060291592,-0.17910758
-0.022654833,-0.06264379,0.044969823,-0.043749437,-0.06338182,0.040268853,-0.25487843,-0.010152334,-0.013203509,-0.025572922,-0.19504936
0.032560814,-0.004414523,-0.024218801,-0.006639559,-0.015400787,-0.040797606,0.08224446,-0.018428462,-0.03159856,-0.160056,-0.17456165
0.050144892,-0.028882671,0.009149475,0.0117285345,-0.0090561835,0.014750424,-0.25498348,0.034533974,0.018296238,-0.046986166,-0.24633868
0.023052547,-0.037206836,0.027466116,0.032230172,-0.01421503,0.02417298,-0.11162699,0.02413817,-0.032551646,-0.051759798,-0.049886025
-0.006532607,0.37551063,-0.16898432,-0.013662187,-0.040203802,0.029258084,0.08303867,-0.08010196,0.062682725,0.29383028,-0.05071957
-0.05253196,-0.022946,0.044177055,-0.05802554,0.08308828,0.058841586,-0.024967397,0.31652158,-0.03286549,0.41339797,0.8033038
-0.035330445,-0.93320817,-0.07374914,-0.04216059,0.038465787,0.018014977,0.045384265,0.058486,-0.10909259,-0.3886553,0.028951272
0.028572056,0.3937884,-0.029520264,0.01339103,0.08636723,-0.022370327,0.11580155,0.01077739,0.1108379,0.43001613,0.016600687
0.016709993,0.1130559,-0.049352895,0.00017016807,0.009950297,-0.0057204477,-0.35206762,-0.026646743,-3.1353993e-05,0.096232004,-0.37055737
-0.043729745,-0.021070048,0.038808033,-0.2117953,0.021626338,0.033978682,-0.0817794,0.008062021,-0.012956845,0.1581957,-0.31078616
0.010134558,0.062546454,0.017097026,-0.12268925,0.029466836,0.039992485,0.005637511,-0.020315198,-0.004097273,-0.16243577,-0.3231649
0.024558976,0.076545015,-0.0040920964,-0.10391447,0.065000534,0.06821722,0.033284504,0.0126728015,0.012851295,-0.15647641,-0.29464445
0.08637883,0.36802804,0.1506081,0.0010465446,0.038628854,0.014908905,0.12401119,0.004456301,0.09413259,0.36405528,0.111903846
0.039039552,-0.008662693,0.054759514,0.018106578,-0.020837137,-0.011848365,-0.25506407,-0.0379198,-0.016494932,-0.079605944,-0.27890432
0.033593558,-0.011086711,-0.017595217,0.0035662379,-0.13093115,0.017628426,-0.22185698,-0.022397522,0.042858396,0.03162061,-0.27777264
0.04005824,0.38076413,-0.05011999,-0.012039989,0.10035382,-0.032813597,0.16566251,-0.033937756,-0.016209628,0.437217,0.06898873
-0.003191772,-0.022052793,-0.11782571,-0.03798322,-0.126402,-0.13888322,0.07605376,-0.061580725,-0.023712493,0.31654382,0.5113955
0.07423077,-0.13748528,-0.0016569295,0.023708172,0.06944704,-0.0059398557,0.0063644894,0.09551651,-0.0006651715,-0.09323858,-0.051329996
0.044122353,-0.0009294945,-0.07759576,-0.02991629,0.09239963,-0.07507865,0.1354215,-0.041067082,0.0964925,0.20888807,-0.04033013
0.036409993,-0.01125484,-0.04851172,-0.017153133,0.05458066,0.018606555,-0.049405843,-0.041316584,-0.036544845,-0.31210858,-0.067939885
0.06813112,-0.21548086,0.05782506,0.049104605,0.1280927,-0.0064172153,0.061737724,-0.033102848,0.082025945,0.23174694,-0.24773668
-0.03398151,-0.022362169,-0.06524974,0.026086308,0.03971847,-0.0039807805,-0.5815095,-0.036592714,-0.03129548,0.1749633,-0.032036096
0.016569767,-0.09170459,0.04559153,-0.011315581,-0.066084966,0.032091208,-0.081095934,-0.014936551,0.02467872,-0.19731335,-0.029840238
0.045544423,-0.15643379,-0.0077997884,-0.009504958,-0.016963754,-0.0025529198,-0.016715035,0.043909788,-0.023781579,-0.141461,-0.23464362
0.034657285,0.03561712,-0.024226211,0.008793801,0.010721349,0.006201782,-0.017458208,-0.083273835,-0.038822263,-0.170438,-0.18311788
0.031243201,0.03662064,-6.717272e-05,0.024111439,-0.023408048,0.0067318417,-0.3443139,-0.043527476,-0.008385666,0.00013581262,-0.20779338
0.042783845,0.1929331,-0.0002938231,0.0060096947,0.053408023,0.0008618908,-0.06453832,-0.012698045,0.006561361,-0.022444218,-0.26355073
0.016434425,0.033335377,-0.027635714,0.00534754,-0.078771286,0.039226186,-0.12249384,-0.053648006,0.005423476,-0.10346053,-0.25551954
-0.047043644,-0.091274634,0.016543439,-0.14326592,0.005602278,-0.15814726,0.13832723,0.039285295,-0.020263448,-0.06814599,-0.20478623
0.0224134,-0.0761525,-0.027581634,-0.009257341,0.07577212,-0.016376568,0.05991132,-0.025986087,-0.00815684,-0.021710455,-0.04762068
-0.016501417,-0.12172131,-0.062011477,-0.018620702,0.017583206,0.011187602,-0.153612,-0.08642235,-0.0026799673,-0.23420927,-0.038881283
0.037728958,0.0333318,-0.03698121,0.0007010168,-0.01727294,0.031725857,-0.059717134,-0.030700753,-0.028890193,-0.08404478,0.02355056
0.039746903,-0.03478567,-0.056936637,0.026690291,-0.03536724,0.0042955354,-0.057460837,0.039983388,0.014412656,0.30004364,-0.2701376
-0.012030311,-0.2584684,0.062006798,0.021569613,0.026266994,-0.005223585,-0.00043490168,0.029715605,-0.05429149,-0.053389832,-0.23733585
-0.048763037,0.027315848,-0.0454776,-0.039152723,-0.0058328197,-0.0034904534,0.022697821,0.03822455,-0.046874117,-0.37732723,-0.0710442
-0.01817653,0.08508506,0.067162834,-0.021895414,0.08246239,0.09490379,-0.063111745,0.2662353,-0.031485043,-0.029834697,0.60854214
0.06770885,0.22840413,0.07779132,0.018270724,0.02998696,0.05575429,-0.04621697,-0.020446211,-0.027604355,-0.2246461,-0.08127884
0.012200255,0.18394038,0.0024249232,0.021351904,0.07468162,0.038249716,-0.08821137,-0.0676083,0.013917418,0.19022699,-0.28518707
0.11764227,-0.20266639,0.15437582,0.06822628,0.05586106,-0.001627017,0.06730301,0.098610796,0.048988562,-0.13956144,-0.15886043
0.048764702,-0.02347889,0.13005525,0.031295843,0.08916651,0.066148736,0.055080585,0.060387343,0.03075169,-0.0040542856,-0.24658991
0.058066264,-0.04087446,0.13153557,0.030469539,0.07325751,0.048016578,0.035955336,0.05148571,0.025020614,-0.017804787,-0.24462065
0.025199002,-0.15751877,-0.007175995,0.0035878217,-0.06893247,-0.0032069227,-0.07603609,-0.05962616,-0.00668855,0.121980235,-0.3453843
0.057032917,0.1761337,-0.015522353,-0.04691823,0.0816304,-0.027306244,0.078641064,-0.06519945,0.075511135,0.278604,0.046151064
0.06538471,-0.0008379242,0.09189805,0.030237833,-0.017988505,0.02690993,-0.13293725,0.026225677,0.105374575,-0.09344081,-0.15609641
0.30349624,0.3019873,-0.032212198,0.013171311,0.053216573,0.010697144,0.1476515,0.02855942,0.02854605,0.41933647,-0.1552333
0.073454805,-0.18206757,0.06486078,0.0042192936,0.06856785,-0.009828477,0.0549928,0.012060886,-0.12011391,0.2956651,-0.18052557
-0.024672413,-0.15734728,0.029791927,0.017925683,0.007989141,0.04206256,-0.04573748,0.04622337,-0.023328029,-0.2425058,-0.1823196
0.03589401,-0.04017633,0.06226806,0.014718834,-0.0024899335,-0.016767792,-0.1087523,-0.03824428,0.014619734,-0.2619153,-0.3006631
0.08097248,0.06857426,0.08847389,0.03437897,0.025060989,0.006561755,0.025375098,0.0063695936,-0.0017421036,-0.23454751,-0.14659101
-0.016813993,0.30473047,-0.082783245,-0.07929835,0.03655144,0.02916356,0.07061071,-0.05990386,0.09708044,0.26147825,-0.017613456
0.009330553,-0.041290328,0.053797584,0.010500293,0.018339416,0.062390488,0.10143975,0.0023745538,0.032217287,0.19909987,-0.16968885
-0.02485536,0.21371038,-0.11046934,-0.0026718103,0.01769007,-0.08516283,-0.0039322316,-0.02990899,0.069052815,-0.33062795,0.00722391
0.0369302,-0.15253533,-0.059903003,0.017089803,0.10085256,-0.044077802,-0.100071296,-0.029048335,0.057674173,-0.04529382,-0.23851004
0.058906972,-0.015163477,-0.012679622,-0.014685621,-0.017874688,0.029531388,-0.24746859,0.033294056,-0.01715203,-0.060710862,-0.2714592
-0.03714206,0.22325815,0.0005426105,-0.03484543,-0.004936385,-0.06404427,0.11296129,-0.12686086,0.06599731,-0.070410594,-0.3830649
-0.08793891,-0.18120646,2.7068e-05,0.007840916,0.015187555,0.030871097,-0.023698805,0.0072343918,-0.05005009,0.08140297,-0.31809488
0.017407542,-0.03330912,-0.060693424,-0.00027946237,-0.20350279,0.0069749923,-0.014626081,-0.005809705,-0.009344955,0.14547846,-0.35823599
0.054057434,0.3364002,-0.039979026,0.03603044,0.09881447,0.04412918,0.13186541,0.01817096,-0.0074481787,0.35266134,0.054804705
0.022609474,0.18920672,-0.07278344,-0.0128621785,-0.008247236,0.026768582,-0.022157261,-0.0745728,-0.01431436,0.07822347,-0.3760471
-0.0515608,-0.68021214,-0.08863441,-0.03010665,-0.014978697,0.014331731,-0.15746762,0.0093346685,-0.021095479,-0.054382835,-0.27949625
0.046867453,0.057942327,0.05392347,0.019070499,-0.025352938,-0.005277197,0.06685256,-0.107183404,-0.011810065,-0.20606463,-0.06911195
0.024653336,0.1444857,-0.05066392,-0.018231163,-0.006038989,-0.027774181,-0.050354477,-0.08089136,-0.044836152,0.068177804,-0.35383582
-0.086869664,-0.13841803,-0.1610839,0.0039027024,-0.016298104,-0.0966394,0.07052168,-0.05322581,0.002179974,0.2671808,-0.03585695
0.11477501,0.41413128,-0.042393044,0.0335906,0.038619824,-0.014311069,0.25672832,0.040664695,0.122549824,0.29106036,-0.050805673
0.0027073196,-0.47415432,-0.045494992,-0.06418913,-0.07135276,-0.018172642,-0.09806988,-0.15221153,-0.21555226,0.09213337,-0.31125924
0.08206765,0.22889861,-0.015539334,0.098163895,0.10408707,0.052146498,0.08177739,0.06738496,0.0065778666,0.429253,0.74056405
-0.019590532,0.055222187,0.029025245,0.031307433,0.0556454,-0.0016548798,0.11890114,0.014076381,-0.1048501,0.33101758,-0.22893775
0.030454446,0.13170767,-0.07199789,0.021732781,-0.16156049,-0.04081691,0.052936524,-0.009539124,-0.01913069,0.36560225,-0.060786072
0.062557936,0.049206447,0.067311585,-0.010633241,0.052253425,-0.02220572,-0.10487144,-0.03627352,-0.007410163,0.11039414,0.10776845
-0.036152642,0.109905526,-0.13859487,-0.0068633906,-0.013835592,0.017310338,-0.19053201,-0.041809373,0.057183474,0.13381213,-0.08994847
-0.022666855,-0.19905576,-0.024813125,0.028548924,0.0025534902,-0.012656001,0.027792694,-0.05849453,0.02971437,0.026062855,-0.28054464
0.0013729549,-0.08072769,0.047409907,0.035755515,0.03241246,-0.033671387,-0.25860032,-0.013389285,-0.009224035,0.14908978,-0.29106522
0.055290543,0.33396265,0.006964292,0.20588607,0.07217792,-0.025442654,0.21874988,0.018916093,0.10982453,0.44827116,0.7288655
0.029046668,0.1773776,0.027412254,0.2522158,0.08711952,0.029188134,0.068098046,0.036325384,-0.027873514,0.34631437,0.042498197
0.012834619,0.30492646,-0.029292474,0.010950736,0.0349485,-0.018776082,0.119780384,-0.009155858,0.033283792,0.34050563,-0.40193602
0.08308293,0.4174721,0.056113753,0.038784213,-0.069982305,0.010599026,0.31231672,0.016033228,0.10614292,0.37015986,-0.036734726
0.004125335,0.038415737,0.06282095,-0.0015448004,-0.051100302,0.040031053,-0.10938523,-0.037792686,-0.0038803848,-0.19958228,-0.25570995
-0.0030002913,-0.042971008,0.058096357,-0.016436487,-0.15941519,0.004041424,-0.17414637,-0.05110997,0.029548112,0.09710404,-0.31454846
0.05422818,-0.03341476,0.016790744,-0.016027322,0.02576918,0.0033982587,-0.019477526,-0.043637242,0.05147588,0.3339628,-0.07627276
0.013218726,0.12288741,0.06460705,0.001755312,0.14119394,-0.0023279337,-0.07964318,-0.010228396,-0.009289992,0.20979275,-0.06114533
0.04073214,0.013514385,0.10729966,0.047432072,0.16496505,0.0295677,0.012104601,-0.015109405,0.015717695,0.34396464,0.11768229
0.05201737,-0.011758123,0.0051689725,0.0016220872,-0.12871785,-0.0040120278,-0.21432462,-0.13562697,0.01582341,0.17539893,-0.36247337
-0.021951197,-0.030429749,-0.11075468,-0.04797748,-0.2726921,-0.06553943,0.069702156,-0.106430784,-0.022923505,0.16675985,-0.057525165
-0.016008005,-0.027561763,-0.008832974,0.03407566,0.1471286,0.038075883,-0.0059022857,0.018135952,0.075015076,0.07809227,-0.021768741
0.00379477,0.23466986,-0.039910596,0.061624844,-0.08911544,-0.06722998,0.14162508,0.017278848,-0.057645727,-0.05587397,-0.042355027
0.07451491,0.23483361,-0.05525926,-0.00082249305,0.10006902,0.037895065,-0.06374011,-0.11265954,-0.031939108,0.31655765,-0.23557866
-0.05027347,0.012415621,-0.08878464,0.021486599,-0.0002745158,-0.051242627,0.07276081,-0.05046218,-0.0142444195,0.033199485,-0.23342656
-0.006083243,-0.13853917,0.0051153298,0.009351792,0.00071660866,0.01863938,-0.051856745,-0.07904476,0.07077188,-0.25241297,-0.1483815
-0.0052418467,-0.113807954,0.019018006,-0.014201753,0.06665976,-0.020849064,0.09152586,-0.010795864,-0.27520674,0.1884282,-0.29454133
0.033003166,-0.1501375,0.03602,0.040668104,0.048490882,-0.06647894,0.10433195,-0.0572624,-0.32211483,0.14368062,-0.2879857
-0.03637121,-0.20880046,-0.009031562,-0.0039998535,-0.0037223427,-0.016176557,0.0765873,0.0022198278,-0.25263372,0.16864018,-0.3007257
0.030385247,0.0684809,0.056558453,-0.00447445,0.051857695,0.02868834,0.015193379,-0.023390884,-0.028776852,-0.05978814,0.08605262
0.036006555,0.17199937,-0.072851345,-0.028290957,0.010730628,-0.026761468,0.16095836,0.039884005,0.114016965,0.054221157,-0.041747805
-0.023688413,-0.24589638,0.061890874,0.000293191,0.059839796,0.02094046,0.059641086,-0.029454462,-0.17904603,0.212789,-0.1284496
0.03674559,-0.14118907,0.095201574,-0.13377395,-0.02371894,-0.0646141,0.026099453,0.016669225,-0.018158704,-0.13925931,-0.17599462
-0.014489874,-0.052188274,-0.10848917,-0.0071009872,-0.04736592,0.009746214,-0.016507119,-0.002148392,0.018092504,-0.16929536,-0.32936865
0.04156226,0.08062279,-0.09140869,0.02968482,0.05371108,-0.015734376,0.097330466,-0.0010977532,0.042711258,-0.046787545,-0.24820954
0.04294647,-0.090243556,0.009887756,-0.0029916945,0.02284179,-0.04790098,-0.07358916,0.013991232,-0.01498556,-0.24867931,-0.22687486
0.02384077,0.06259322,-0.04975288,0.061502296,0.10036368,-0.013729792,0.18592384,-0.01299507,0.08342514,0.050408997,-0.21324876
0.034197103,0.0763054,-0.059872344,0.057636693,0.103340514,-0.04722324,0.17254895,-0.017993825,0.08212387,0.063983865,-0.21489498
0.045816287,0.31614083,-0.009564699,0.038215626,0.036756482,-0.014061572,0.082418635,0.06749798,-0.014837002,-0.19884418,-0.18355398
0.07197536,0.047100294,-0.026890993,0.015214216,0.0030810987,0.034918703,-0.13672331,-0.030655127,0.0042522103,-0.08485612,-0.21466032
0.01715257,0.0018289707,0.05590821,0.005128905,0.16058323,0.038279425,-0.13405,-0.04098196,0.037052333,0.009391233,-0.2139072
0.013273881,-0.020072443,0.019432284,-0.00905049,0.0036471155,0.035850335,-0.22551997,-0.06730324,0.005205008,-0.11502725,-0.24896514
0.0003053499,0.171865,-0.042391855,-0.025575127,0.052335575,-0.044783752,-0.23181778,-0.07631848,-0.07370297,0.14621864,0.016383048
0.011967882,0.22723792,-0.03362327,0.057088014,0.02537869,0.028012898,-0.07799426,-0.04222991,-0.04763334,0.13813135,0.038789395
0.0004688208,-0.037111454,-0.027811028,-0.033046488,-0.17625624,0.053243462,-0.20639718,-0.03862083,0.015978852,0.06632634,-0.10603314
0.053318895,-0.11178615,0.07987279,0.0064180656,0.056122717,0.068567365,-0.0825305,0.07320799,0.0166959,0.03127249,0.008964883
0.08870822,-0.041214928,0.028459512,0.030245395,0.13658607,0.023875574,-0.0671034,0.055771608,-0.019725215,0.21653265,0.47700837
-0.010904382,-0.08088122,-0.014478697,-0.028212633,0.03692038,-0.012809123,-0.104006946,-0.02679953,0.06296139,-0.025960594,-0.21476069
0.07270562,-0.07531402,0.012021549,0.023941915,-0.0002760472,-0.07203891,0.12229914,-0.0730454,-0.0051148115,-0.02250458,-0.31697524
0.09387115,-0.026794333,-0.038493793,0.049460206,0.077094786,0.09132827,-0.09136357,0.013997818,0.010265509,0.21029302,-0.28686976
0.08031439,0.02404813,-0.0033016647,0.22697957,0.022018855,0.0659419,-0.014460178,-0.042719513,0.007569616,0.25834256,-0.36506417
0.09255368,0.015781457,0.12668973,0.06308309,-0.042069037,-0.019711163,0.1730591,-0.057414364,0.06751019,0.341686,0.45727003
0.010296264,-0.0766436,-0.09513857,-0.08685213,-0.17174448,-0.16641124,0.08652714,-0.14932288,-0.04224095,0.15460734,0.2954143
0.18018232,0.23553719,-0.12140891,-0.003954304,0.049180392,-0.002582061,0.07786997,-0.039299835,0.0740924,0.12333431,-0.18769167
-0.013444259,0.006255294,-0.047500324,-0.0045284256,-0.020395556,-0.06842452,0.13247862,-0.07834208,0.026426373,-0.035249352,-0.25606945
-0.010557601,0.11763953,-0.08266902,0.0040190634,-0.14719172,-0.020094242,-0.014737411,-0.08415925,0.09749242,0.060294922,0.5400625
0.09010764,0.011809759,0.030087551,0.0023422262,0.09167555,0.032955207,-0.18735334,0.03872198,0.06938144,-0.06786942,-0.22231086
0.013934062,-0.022260645,0.046075165,-0.014850342,-0.06873296,0.037930116,-0.03137915,-0.005274472,0.02819864,-0.32612827,-0.040074427
0.07663692,-0.062289096,0.08933041,0.043397944,0.029998697,0.061530493,0.053626467,-0.049087558,0.020677418,0.29936865,0.6177021
0.13622281,-0.05067007,0.066688836,0.02122191,-0.09912529,0.014869826,0.0631765,0.017811349,0.11048898,0.33375838,0.68047553
9.031924e-05,-0.005501226,-0.0982625,-0.006720489,-0.10310718,-0.09268454,0.11906248,0.063677095,-0.03734428,0.3174049,0.6420788
0.025687896,0.009518983,-0.0048654242,-0.00402594,-0.017056806,-0.016276823,-0.09651718,-0.055284463,0.00036068243,0.03658794,-0.080563806
0.029679367,-0.023210352,-0.00021483045,0.0042360695,-0.093027145,-0.01773854,-0.20321164,-0.11189591,0.06114313,0.17164204,0.44099697
0.14420624,0.47070962,0.028201573,0.012635689,0.07714847,0.04236237,0.15405017,-0.030863205,0.060355015,0.3906046,-0.08053271
0.071988456,0.2662774,-0.08248243,0.018393558,0.0006890352,-0.0029997386,0.11082398,-0.01028835,0.02922948,0.30325198,-0.28138867
-0.008936604,-0.013162558,-0.09860102,0.009866011,0.017791567,-0.11702753,0.10721169,0.016428715,0.078599766,0.25736552,0.2103604
0.020574993,0.15413328,-0.06106991,0.02150395,-0.10073569,-0.03860992,0.13092159,-0.036771055,-0.004047214,0.2870075,-0.22924441
0.074669704,-0.0716244,-0.100897804,0.022932773,0.06434155,-0.04140143,0.10351111,-0.08339146,0.037323266,0.28090307,0.1080041
-0.0035472945,-0.19814725,0.009885508,0.021856658,-0.0330744,0.014175434,-0.06970049,-0.07790118,-0.12966125,0.12419775,-0.2541911
-0.027457893,-0.056387026,0.03918078,0.025257587,0.047404252,0.05028378,0.080145605,0.051529586,-0.04736953,0.3780263,0.7275832
-0.1857892,-0.06238236,0.0160026,0.023580724,0.076231904,-0.031286594,0.11851377,-0.028577091,-0.0106676975,0.15755972,0.4041575
0.0045083137,-0.077550985,0.043892194,0.03349012,0.048576035,0.028963692,0.032491438,-0.08675721,0.02279176,0.31342933,-0.047855828
0.031825673,-0.20983085,0.074783005,0.05927051,0.12273918,0.034927495,0.105392255,0.014338237,0.04247411,0.3135141,-0.29924038
0.052125454,-0.14583318,-0.022577256,0.06323611,-0.08747442,0.052940566,0.10740655,-0.014462275,0.0012666001,0.24261346,-0.16862997
0.03811515,-0.19362238,0.07835342,0.05785965,0.04643506,0.041040823,0.09856874,0.018860608,0.057518568,0.3011974,-0.289849
0.047288653,-0.22039121,0.013816356,0.042578816,0.016215347,-0.016292255,0.11753468,-0.064970315,-0.01863854,0.19636202,-0.4039728
-0.23139161,-0.039512847,-0.14236599,-0.01039112,-0.17705058,-0.07125031,-0.23713866,-0.11558763,0.04244764,0.15130365,0.3385384
-0.13829267,0.1310586,-0.051064454,-0.06236171,0.0071055205,0.08946058,-0.1960528,0.17248191,0.06117471,-0.08914348,0.4598448
-0.03793761,-0.12746991,0.046512403,0.048833814,0.03798466,0.054425735,0.029746823,0.042289745,-0.07137688,-0.20347516,0.61431587
-0.03172317,-0.024610892,-0.095605165,0.027877944,0.0043582963,-0.026431097,-0.10864438,-0.057168934,-0.03695545,0.26659575,0.04866101
0.015663223,0.037932415,0.07639288,0.022425912,-0.08157517,0.05508015,0.114006184,-0.047536116,0.085353196,0.35020185,0.5862564
0.124784894,0.008656461,0.1395015,0.051733296,-0.07699992,0.009696559,0.10977993,0.047172766,0.09583324,0.37939048,0.011221448
0.14483877,0.13788213,0.016693402,-0.009835421,0.04793561,-0.002927307,0.05846087,-0.12976773,0.065922916,0.26359263,-0.14649755
0.018651718,-0.13467419,-0.019150583,0.005947284,-0.13890757,0.030743703,-0.10876984,-0.003395056,0.004407217,0.13563266,-0.31361514
0.013514358,-0.018399544,0.05826613,0.034318212,0.08024761,0.017180134,0.005609218,-0.04162983,-0.025596676,0.26402926,-0.15773019
0.03134606,-0.107723005,-0.098589525,-0.01069982,-0.024808373,-0.029031698,0.030873217,-0.04812095,0.030247895,-0.2950031,-0.064684406
-0.050923355,-0.107212946,-0.1695929,-0.021876408,0.0046645226,-0.03384243,0.08472897,-0.08391543,0.00051209197,0.19966501,-0.10664117
0.17991292,-0.095062815,0.12522975,0.2587525,0.107238546,0.02926078,0.12269566,-0.038759492,0.036279935,0.40800217,0.0072738454
0.03164987,0.0053231637,-0.047699396,0.0007884572,-0.109003045,-0.023388548,0.05034404,-0.11315038,-0.011873719,0.20655581,0.54306424
-0.03834573,-0.100761384,-0.21710293,0.011661747,0.0064260405,0.027067702,0.08473218,-0.0336354,0.016314313,0.2613302,-0.48884648
-0.00021103231,0.17452812,-0.08466778,0.003569648,-0.12181175,0.0037243606,-0.14139068,-0.04939945,0.03222285,0.03805889,-0.34513807
0.0403182,0.25491193,0.06405567,0.012219136,0.064907245,-0.019871462,0.14885189,-0.021426449,0.07222706,0.3028166,0.5079551
-0.023468329,-0.2224479,-0.001515812,0.03753055,0.046813406,0.040732726,-0.08227423,-0.060414474,-0.12212953,0.08447231,-0.27926242
0.010212748,0.32141307,-0.06849129,-0.08515867,0.024062116,0.039235193,0.12723134,0.033500686,-0.00337714,0.3231637,-0.37845805
-0.0009641618,0.33669865,-0.082357675,0.013954628,-0.05805583,-0.06132776,-0.010224428,0.013416449,-0.012093701,0.29355502,0.07172293
0.015100344,-0.010196288,-0.043841746,-0.0070070946,-0.058287006,0.014632262,-0.13910747,-0.018994233,-0.005669828,-0.0050567505,-0.30846435
-0.04334124,-0.031631324,-0.07072846,0.023594512,0.04906035,-0.019538693,0.02673686,-0.087515764,0.012483232,0.34622636,0.08939957
0.05518433,0.012785101,0.14225638,0.00087651366,-0.0916319,0.0034724863,0.16871041,-0.0108623095,0.08471446,0.3059639,0.6433002
-0.014111985,-0.058428247,-0.10130726,0.035941143,0.028311528,0.025842635,0.008858023,-0.03380559,-0.016059313,0.30756852,0.077336356
-0.03582558,-0.14884207,0.031479068,0.091495216,0.017105084,-0.014560303,0.038427576,-0.0009227898,-0.06461175,0.21521768,0.51268274
-0.00095114583,0.019369517,0.005540931,0.02418184,0.1388181,0.019272981,-0.11159732,-0.068241805,0.017750302,0.1863462,0.10977476
-0.026186982,0.3145387,-0.036510922,-0.010619551,0.02618164,0.02635557,0.10009678,-0.018127963,0.031121947,0.26635084,-0.3595426
0.06587044,-0.00076737814,0.05220228,0.011197892,0.07149473,0.015561877,0.071715906,-0.11450812,-0.010612613,0.35146815,0.01023376
0.0329604,0.029500531,-0.0020672327,-0.0028097949,0.05293168,0.0058986186,-0.09617511,-0.07163959,0.00019557084,0.25114995,-0.3473684
0.043680806,-0.10411648,0.06798484,0.06295859,0.06562057,0.024452323,0.0964958,-0.0905488,0.003314187,0.2830611,-0.2752979
0.07050996,0.042499132,-0.0107442215,0.010235017,0.062297218,0.0034873597,-0.028605204,-0.027220141,0.010596589,0.27929837,-0.31108674
0.011975949,-0.12278649,0.09749703,0.017683713,0.009085441,0.04787911,0.0013977474,0.0055601224,0.029719843,-0.15055645,-0.24500397
0.061091956,0.010570839,-0.003670892,0.041186694,0.073975004,0.011781571,-0.053629436,-0.014827483,0.018411051,0.2681988,-0.30219114
-0.0012501981,0.21024263,0.10057983,0.03650073,0.04428046,0.051764958,0.019503377,-0.023888377,0.063064754,0.27217224,-0.028702615
-0.022623835,0.055663675,0.09281833,0.012467035,0.155508,0.05085538,0.036304586,0.3811508,-0.020057032,0.4944903,0.8747269
-0.011846284,0.18353955,-0.07704226,-0.016000634,0.021160917,-0.0165134,0.031044248,-0.11850426,0.03953596,-0.32761976,-0.2676267
-0.013731172,-0.07758993,-0.0965816,-0.0037882216,-0.03885176,0.034077045,-0.051886767,-0.033297107,0.003578018,-0.09429369,-0.27729312
0.035085637,-0.09381389,-0.15770711,-0.0036404426,0.0146364095,-0.042378258,0.049525578,-0.032640424,0.027089207,-0.2656899,-0.09788182
0.07027886,0.16702682,0.21158303,0.0612501,0.058865894,-0.00756721,0.044916004,1.1717522e-05,0.11764972,-0.108621694,0.5412955
-0.08515637,-0.11001603,0.010600959,0.045034155,-0.08907174,0.07752999,-0.14758526,-0.028886653,-0.026991034,-0.12510408,-0.17706023
0.012851878,-0.05395014,-0.071193606,0.018549392,0.05914566,0.030196656,-0.013930423,-0.0048472877,0.06800246,0.22229418,0.089564435
0.0012171182,-0.13561718,-0.017032513,0.011313034,0.04032725,-0.027346045,-0.01648884,-0.041279335,0.017868856,-0.14720656,-0.24787296
0.044829022,0.261126,0.0946665,0.04535018,0.09515893,0.031073026,0.0048556584,0.09804432,-0.026617553,-0.3403561,0.13895144
0.006795586,0.03545702,0.020475002,0.0075884974,0.06236964,0.04212415,-0.03285474,0.00019720095,0.037047785,-0.062404476,0.039477445
-0.03337213,-0.041465946,-0.10630044,0.037180867,0.07619727,0.004009269,0.028858127,0.00037075568,0.0773712,-0.013259066,0.06320917
0.05263439,-0.21657753,-0.021738164,-0.004138448,-0.029151442,0.024066936,0.043064427,-0.08348168,-0.015517148,-0.07183333,-0.30748123
-0.03182708,0.33508077,-0.096615545,-0.079859264,0.06510889,0.015235192,0.11442006,-0.020958832,-0.048689723,0.35006568,-0.05050341
0.009794528,-0.00039940552,-0.07582631,0.011752744,0.043902453,-0.01683933,0.079483144,-0.06556768,0.09802827,0.17812349,0.095330894
0.11314177,0.14297976,0.08111588,0.036789406,0.14514922,0.06453301,0.11714156,0.0084721,0.07342032,-0.03247155,0.15891545
-0.039344337,0.23335646,-0.06451867,0.028294522,-0.19593953,-0.009890794,0.11953124,-0.048912805,0.101524614,0.21144079,0.2371787
-0.13890618,-0.052397046,-0.1246757,-0.1336835,-0.042030785,-0.032511756,-0.12307809,-0.1458932,-0.028641272,-0.29814324,-0.28654522
-0.0044483356,0.04910219,0.059273597,0.018918155,0.012893318,-0.01260081,-0.12350219,0.03082921,-0.030015005,-0.029824011,-0.18533169
-0.0056235595,0.0015479871,0.009043496,0.018246386,0.013189233,0.009516614,-0.11000671,0.022048233,-0.03338678,-0.037211765,-0.20287414
0.004365556,-0.13626915,0.05431722,0.02226665,-0.08585093,0.024366595,-0.10125742,0.0004297169,-0.007181964,0.013103372,-0.3062286
0.056437124,0.14321457,-0.002709289,0.18334238,-0.03252902,-0.022103177,0.16719723,-0.016354237,-0.020111324,0.31237566,0.6066181
0.011742294,0.029987548,0.043511584,0.00196076,0.01965044,-0.006808927,-0.31639445,-0.046932098,-0.010901828,-0.0258154,-0.22575243
0.0105052665,-0.09849446,-0.026079975,0.07365381,-0.025587462,-0.0072184233,-0.31742027,-0.05681558,0.02354653,0.10867641,-0.3197503
0.007799916,0.019216986,-0.077258736,-0.058605652,-0.08819727,-0.033583976,0.007615502,-0.03200185,-0.009365248,0.11298285,0.52914906
-0.012259043,-0.0034813539,0.055633556,0.010384221,0.039587453,0.057684638,-0.25487232,-0.04662134,-0.047573067,-0.21727039,0.00493495
0.06696269,0.14481287,-0.086991444,-0.037243713,-0.13193196,-0.008830005,0.07564874,-0.054683402,0.10588018,0.31116837,-0.038924787
-0.03938772,-0.24327613,-0.01922365,-0.010485836,0.045092944,0.020245073,-0.024800735,-0.06260539,-0.2506097,0.13663091,-0.27660656
0.07651163,0.0032937846,0.012644647,0.02631372,0.07941227,0.16968662,-0.1095761,0.007059043,0.014951885,0.23756705,0.64677334
0.0126036145,0.064370535,0.049507413,0.050636515,0.10628203,0.18123417,0.017538616,0.093704104,0.019242343,-0.22664167,0.6957011
0.022575136,-0.34704587,0.0045779105,-0.018047176,0.070499316,0.046364784,-0.028043384,0.031323213,-0.05285783,-0.27975866,0.0031476845
0.04043702,0.36650035,-0.030957092,-0.032449115,0.045821063,-0.01814407,0.077974,-0.05577711,0.10181269,0.43546608,0.09176631
-0.04514133,-0.07624103,0.03787266,0.008213131,0.061153717,0.078198105,-0.005953699,0.06343798,-0.069559686,-0.28634238,0.20013958
0.036645293,-0.11199899,0.019910626,0.032375235,0.019796874,-0.05221942,0.08317033,0.095057525,0.035936754,-0.16604798,0.10750313
0.0067032375,0.06340544,0.013317171,-0.26303646,0.012952857,-0.008540048,0.102625094,-0.085101396,0.04765249,-0.059351426,-0.36799857
0.079703964,-0.046423763,-0.013346664,0.024354933,0.024714986,0.065563776,0.11349758,0.019988468,0.05019725,-0.050828833,-0.032393884
0.055403426,-0.02027861,-0.0039050553,-0.003456138,-0.021009285,0.029990122,-0.07509058,-0.06565167,0.023210548,-0.14215182,-0.3405678
0.018115373,0.11502247,-0.007570118,-0.031893227,0.030531514,0.012125764,0.023734998,-0.042848032,-0.006457409,0.07891059,0.37223876
-0.00015322413,0.10800804,-0.14537527,-0.02086784,0.04969908,-0.05140864,0.08142385,-0.105652556,0.043795135,-0.33723357,-0.25794867
0.0040052305,0.029419916,0.023879101,0.0330185,0.05383042,0.029430311,-0.07820972,-0.047013346,0.079211414,0.25402147,-0.15626104
0.0714438,-0.09152309,0.091535755,-0.001783829,0.09182965,0.111829214,-0.0022435966,0.0045706,0.029436355,-0.10219565,-0.035508335
-0.012500035,-0.0545088,0.05994165,0.0030014555,0.048694953,-0.03134393,0.023660168,-0.0016917898,0.08418506,0.17741425,0.18344007
-0.0019037916,-0.098872855,0.03655675,-0.15071842,0.044519026,-0.048171185,-0.072972335,0.06463296,0.014316436,-0.06904261,-0.32683665
0.28460494,0.48772994,0.18798509,0.018892687,0.057524472,0.03100317,0.20527856,0.019352078,0.33022153,0.42542058,-0.009221979
0.062203847,0.09747716,-0.1263023,-0.039815195,0.0034878433,0.0034869506,0.068947114,-0.042706866,0.011343527,0.23098275,0.19568403
0.058477703,0.008025847,0.31143793,0.029348401,-0.060480233,0.017674085,0.06976217,-0.022854978,0.17300986,0.34118965,0.23612022
0.088009745,0.064763926,-0.05858933,0.014351862,0.059333134,0.061140437,0.16813883,-0.03218296,0.10046768,-0.032593276,0.59705454
-0.07168849,0.004604726,0.058895208,0.048909456,-0.0023676995,-0.07285316,0.060442187,0.120570436,-0.08300771,0.43913823,0.7190925
0.040815618,-0.14167629,0.10667186,-0.012693916,0.01416005,-0.0262033,0.07781319,0.07264939,0.10642339,-0.15693767,-0.030239273
-0.07319929,0.059695113,-0.18934168,-0.01815457,0.0053167585,-0.007087145,-0.22591615,-0.049159825,0.026688423,0.20146011,0.0043586735
-0.051749285,-0.04621184,-0.059383463,-0.04765766,-0.28990307,-0.055296395,0.077239364,-0.026143175,0.08004785,0.1782576,0.09013746
0.035978913,0.058114115,-0.007151497,-0.013538856,-0.07674333,-0.010916706,0.06246135,0.047336537,0.06897311,-0.12623668,-0.020743998
0.07453589,0.1112512,0.041227456,0.014990931,0.054666556,0.037400916,0.100994416,-0.0017900729,0.036433335,-0.14676452,0.116304986
0.0038086695,0.20227951,0.025531527,0.025913944,-0.14303038,0.024866581,0.08893699,-0.064849325,0.06398191,0.23227097,-0.27317932
-0.040535025,0.030196123,0.034484267,0.023097815,0.057460032,0.05307754,0.08795612,0.026198063,-0.014616303,0.02718929,-0.06586174
0.010455104,0.30167866,-0.08433532,0.057361543,0.10375329,-0.03390122,0.07729405,-0.00896046,-0.0114513915,0.35718417,0.21844554
-0.037008923,0.0786903,-0.089073874,-0.075605184,0.02108437,0.030403273,-0.13019024,0.014582204,-0.1610016,-0.09460804,0.066484995
0.041649118,-0.030809764,0.13861555,0.3227681,0.101708926,0.0016656781,0.18121506,0.033217926,0.11868737,0.4386806,0.7579671
0.029663732,-0.045267668,-0.06909114,0.0028774324,0.066379994,-0.10452144,-0.004761122,-0.007113559,-0.020842446,-0.12042417,-0.06528127
-0.0015975975,-0.06964396,-0.0003622984,0.025615193,0.013829346,-0.0057849046,-0.057905328,0.014714488,-0.013914923,-0.023397563,-0.2680743
-0.09800451,-0.19177043,-0.2561545,-0.05191514,-0.059066713,-0.048668858,-0.14138898,-0.33508226,-0.04711139,-0.39395997,-0.5553871
0.012605184,0.051709052,-0.06516095,0.0003105091,0.0869429,0.062247142,0.03749996,-0.042427197,-0.0003846541,-0.13121572,0.22845224
0.007855638,-0.11509608,-0.029319698,0.011732607,0.01947816,-0.051592875,0.08338806,-0.026230002,-0.018093318,-0.0658872,-0.30137777
-0.09646994,0.09212122,-0.05372141,-0.057727862,0.04553268,-0.03149856,-0.02773654,-0.072194725,0.038052563,-0.259899,0.32218006
0.034191594,-0.04301178,-0.027468886,-0.006822335,-0.036885645,0.0060616024,-0.14638607,-0.020145785,0.05294691,-0.1078843,-0.3334215
0.02920925,0.2945759,-0.0009310964,-0.037536677,0.065417856,-0.072213426,0.098154336,-0.04576569,0.16101599,0.24593699,-0.37341103
-0.044066224,0.24275552,-0.078208655,0.014266233,-0.22671628,-0.009476696,0.056955557,-0.14084113,-0.24715102,0.27863044,-0.33532453
0.03095883,-0.001120898,-0.059624426,-0.025442898,0.012594298,0.015431522,-0.08830405,-0.028823843,0.04730685,0.24249408,0.39569107
0.035454907,-0.09277058,-0.08023383,-0.0027958723,-0.018113034,-0.06604384,0.10199117,0.04104175,0.0017906735,0.26145306,0.5664949
0.02060086,0.2235805,0.035468966,-0.016414361,0.045678064,-0.00061373773,0.084812246,0.0038826636,0.056479003,-0.036265645,-0.30838695
0.027839566,-0.1937527,0.021521337,-0.20692289,0.00067294895,0.024266945,-0.050977804,0.055835273,0.049646102,-0.08225249,-0.3258542
-0.0973758,0.17002209,-0.17034164,-0.012517013,0.08933487,0.009917114,-0.036093276,-0.06063283,-0.028868215,-0.17261165,0.034085095
0.009977279,0.015236741,-0.055655316,0.027297618,0.027081387,-0.005922066,-0.07438792,-0.053573776,0.04621428,0.22701272,0.2636796
-0.023536624,0.118654035,0.014178398,0.010122844,0.094350874,-0.0297929,-0.16670974,-0.03390203,0.08486378,0.27004802,-0.00362729
-0.07664452,0.20328805,-0.11284086,-0.076358475,-0.032937687,-0.13477387,0.032607123,-0.07102955,-0.091562174,0.1652661,0.052679177
-0.017212097,0.33218536,-0.07522588,0.03915882,0.012549114,0.00013468861,0.10442798,-0.05320162,0.039506376,0.33151504,-0.39401364
0.008130466,-0.20982705,-0.013179704,-0.023914503,0.008368782,-0.07738344,0.025500385,0.056671,0.02594694,-0.056241956,-0.045651045
-0.07383927,0.20814607,-0.076966584,-0.060274314,0.06743634,-0.067148134,0.08315065,-0.1259549,-0.055385903,0.1567375,-0.31325474
-0.020692732,0.3517639,-0.06880339,0.025153836,0.04368171,-0.028879615,0.0354037,-0.052672777,0.068101875,0.38897806,0.09738236
0.037007805,-0.18587065,0.068783544,0.03366982,0.018708928,-0.020108989,0.10462427,0.055877317,0.05765113,0.24747945,-0.08587336
-0.04310475,0.20490494,-0.048013773,0.056368083,0.003965321,-0.03678302,0.040618565,-0.16387641,0.004658594,0.14035636,-0.3960388
0.065526694,0.32367966,0.0742865,0.040618155,0.07683059,-0.007549098,0.22525483,0.0217488,0.124801055,0.43395263,0.6107332
-0.04712778,0.1711088,-0.17531769,-0.044213343,-0.2145946,-0.0073929206,0.07177268,-0.07702621,0.02190894,0.17068754,-0.39519992
-0.04775265,0.16658236,-0.20506608,-0.041464943,-0.20474914,0.017451478,0.079330795,-0.079325065,0.017386299,0.17526391,-0.39451373
0.011083189,-0.016787387,0.053974997,0.0084860185,-0.0874921,-0.01008744,0.0290477,-0.049710065,-0.0074911304,0.07008322,0.4550916
0.040840268,-0.17829067,-0.017184941,0.016065521,0.028214723,-0.10412906,0.073400214,-0.043443993,0.08151963,-0.32053915,-0.05202442
0.07453935,-0.073725305,0.0672977,0.055486247,0.10489574,-0.08656933,0.09941477,0.021906681,0.14343603,-0.2965433,-0.014021906
0.12082501,0.30188847,0.023776319,0.04296014,0.06326917,0.114384234,-0.10343905,0.030632205,0.010407228,0.3684803,0.17421144
-0.014209494,0.1442464,-0.067072466,0.021655954,0.020152884,-0.002863686,0.09841433,-0.011258295,0.005252786,0.33163428,-0.07419219
0.01755944,-0.10144532,-0.021581348,0.030533224,0.048384044,0.01703161,-0.012914793,0.057145957,0.012928304,0.11367539,0.12976791
0.042633366,0.053553212,-0.031193228,0.0064708553,-0.032076836,0.042889893,0.08810306,0.09601921,0.0079342,0.3650756,0.58893454
0.035414632,0.14302936,-0.027218392,-0.01703042,-0.05338436,0.06570094,0.09869776,0.081804715,0.007902251,0.4274013,0.53652674
0.018175624,-0.11339003,0.034356814,-0.013245738,0.05106164,-0.00097547716,-0.13364908,-0.02961716,-0.11137172,0.23330766,0.549864
-0.049344122,0.10652869,-0.059813738,0.05166353,-0.05070626,0.13083197,-0.038058057,0.027970364,-0.032151915,-0.20676629,0.41828912
0.098775,0.3414358,0.107460715,0.033590175,0.05267082,-0.037918758,0.2011987,0.06925338,0.15950966,0.28915462,0.13163728
0.06711377,0.05003932,-0.003134831,0.015110488,0.011880576,0.05594617,0.049935516,0.056824908,-0.0026919662,0.13241816,-0.2668496
-0.02693823,0.15533541,-0.0067124185,0.0022455438,0.0347938,0.0061275354,-0.5774254,-0.058894705,-0.0073743374,0.022474447,0.057901323
0.09159801,-0.021017354,0.10496997,0.10433183,0.049545746,0.083495,-0.13989514,0.006656158,0.07308521,0.2509943,0.67776966
0.043019574,0.4129168,-0.015989358,0.009164346,0.04751414,-0.014445974,0.07112767,0.012546112,0.062118515,0.39521533,0.10498453
0.0477656,0.36965844,-0.02457563,0.039726228,0.05765139,-0.020702621,0.044577137,0.012473414,0.11268194,0.39250284,0.16793267
0.064273536,0.01679486,-0.057184156,0.014119927,0.049763486,0.01286905,0.06670074,0.0022473822,0.054255188,0.30535087,0.70296127
-0.007614624,0.36255524,-0.02375222,0.037398573,0.059202347,-0.020964533,0.05980018,0.0071202423,0.09868527,0.4117748,0.17155567
0.03733453,-0.1307149,-0.010988496,0.023622008,0.0651507,-0.027023159,0.1377619,0.016855106,0.077191725,0.28015083,-0.29566824
0.06709992,-0.02231467,0.071750976,-0.006012215,0.04765322,-0.018958673,-0.012074466,0.013274821,0.049902905,0.03188678,-0.031690106
0.051075347,0.33464083,0.16544911,0.021273298,0.08762005,-0.01678531,0.042254645,0.0053451527,0.060250472,0.2362705,0.22590666
-0.03453918,0.036653407,-0.09924241,-0.05985763,-0.015764259,0.024304684,-0.0040210076,-0.09668336,-0.025304964,-0.10533347,-0.23282315
0.049349472,0.15111662,-0.06360266,-0.00579687,-0.18883729,0.037076324,-0.020512123,-0.07019569,0.049167465,0.2610727,-0.24745831
0.041458476,0.01951795,-0.038111154,0.04834742,-0.030178165,-0.015043264,0.22878955,0.041490924,0.11052942,0.17044006,0.59905493
0.013580228,-0.09340341,-0.07493888,0.07362324,-0.03608806,0.007228443,-0.28287047,-0.09165979,0.025184525,0.11084119,-0.33323017
-0.07643061,-0.10430708,-0.095433734,-0.036746662,-0.101045,-0.12452327,0.13485734,-0.11570425,0.04726627,0.2943143,0.53649974
-0.18724012,-0.27707323,-0.17738816,-0.039302163,-0.14396894,-0.10151423,0.030768115,-0.066862464,-0.009099506,-0.04123434,-1.2319818
-0.08734355,-0.036374666,-0.055484947,-0.026061105,0.023898937,-0.011095738,0.039600495,0.006976846,0.069902524,0.14833215,0.4230524
-0.027100405,0.10639859,-0.064955324,0.0006771011,0.023277394,0.0006166077,-0.50374156,-0.05643087,-0.04597407,0.057365607,-0.010367588
-0.015204582,0.2900636,-0.11207968,0.008480086,0.058686804,0.018285198,0.106889375,-0.064014986,-0.06411344,0.37703595,-0.057499863
-0.0042616865,0.015869332,-0.085104324,-0.008505344,0.048402015,0.03054434,-0.027139604,-0.10929267,-0.11248322,0.016731836,-0.3138829
0.016583102,0.08631141,-0.07541084,0.028042907,-0.10890793,0.008634215,-0.35251856,-0.082235776,-0.0823306,0.092590734,-0.22104286
-0.012672621,0.06909004,-0.08546278,0.008636687,0.031114327,0.057628293,-0.2468179,-0.09874372,0.026081434,-0.10669332,-0.32104
-0.014201775,0.03166007,-0.07057935,0.013969912,0.025541076,0.004950352,-0.35325062,-0.045675308,0.041066594,0.026253676,-0.26959532
-0.0465735,-0.13015562,-0.027938407,0.027617278,-0.17006893,-0.02042612,-0.102611355,-0.042620733,0.068498716,0.08618482,-0.17603102
0.025135197,0.098501675,-0.0466236,0.023918808,0.025764903,0.016506054,-0.21592166,-0.031688947,-0.058326643,0.18829632,0.25372833
0.051746152,0.058894504,-0.061811607,0.043414306,0.07569159,0.02617686,-0.059448965,0.020305485,0.030312993,0.2813787,-0.32028207
-0.026931262,-0.10836505,-0.03204102,0.017060425,0.0066115586,-0.027108554,0.05409768,-0.07257835,0.014001375,-0.19212474,-0.2510711
-0.0020365338,0.22788413,-0.031751968,-0.05266678,0.045109894,-0.037635066,0.0718673,-0.0034924562,-0.044508964,0.38355145,-0.05099469
-0.000445768,0.11283505,-0.11704041,0.017050028,-0.11849263,0.046890307,-0.0005430904,-0.11053959,0.04906621,-0.114791185,-0.07493644
-0.028836092,0.14887829,-0.11120932,-0.04619002,0.03175964,0.014184875,0.034411795,-0.060259894,0.06094727,0.02874254,0.41630074
0.07270408,0.05454526,0.0023276566,0.028332463,-0.079725705,0.076589,0.08257887,0.05327689,-0.0014450105,-0.13317457,-0.058368545
0.036657877,-0.21020865,-0.012588231,-0.03703104,0.05662685,-0.11717456,0.06911728,0.00602233,-0.02824069,0.34382787,0.07358908
0.010105209,0.21257463,-0.058612242,0.2768684,0.034618072,-0.010456639,0.113189906,-0.07389548,0.11128329,0.18215619,0.4365978
-0.053580128,-0.03684408,-0.038106304,0.028310895,-0.133386,-0.112324245,0.081085674,-0.034122657,0.100677855,-0.08754808,0.09976626
-0.03335087,-0.06667757,-0.024429899,0.013531572,-0.15376751,-0.009225728,-0.029465413,0.0004549304,-0.003453512,0.077477686,-0.29506743
0.029274859,-0.06671675,-0.09709947,0.12432232,0.020654058,-0.10416783,0.14325981,-0.016304133,0.09576688,0.2998161,-0.003381116
-0.008748311,-0.23746845,-0.043089055,-0.020692544,-0.026985124,-0.05227723,-0.004164981,-0.016902868,0.04397799,-0.08096524,-0.10416048
0.009906141,-0.13896145,-0.026388971,0.0298356,0.07076584,0.05323675,-0.029476047,0.028721236,-0.017518574,0.27730453,0.049055412
0.26061958,0.3850144,0.047093216,0.017240945,0.04050892,-0.0026559087,0.062411383,-0.19407351,0.24955042,0.30100295,-0.7628979
0.005683473,-0.027257288,-0.07242191,-0.0034533155,0.08783718,0.03267988,-0.24103393,-0.055945646,0.015904333,-0.0072931927,-0.31270185
0.04801434,-0.01842117,-0.027674492,0.00019660947,0.048119377,0.01622042,0.12338254,0.01916106,-0.00028547447,0.20752084,-0.22845972
-0.0051262355,0.3501625,-0.124277666,0.012598269,-0.06318188,-0.045464966,0.07438299,-0.024206422,-0.037049845,0.37616324,0.07567222
-0.00055665674,0.19827476,-0.07800275,0.006154745,0.04144609,-0.037498638,-0.15896668,-0.029126238,0.054148734,0.2785774,-0.014497926
0.0158933,0.08439234,-0.10133461,0.01614089,-0.00076006714,0.023376163,0.081273146,-0.027400367,0.0060186232,0.0124753835,-0.21836488
-0.018535947,0.083684795,0.14057606,0.006514623,0.0035396556,0.021534579,0.08068076,-0.00020021426,0.03453529,-0.12812507,-0.14912625
-0.004992798,0.040643144,-0.04062512,0.025613986,0.14595518,0.034003902,0.06365746,-0.071793176,0.05362925,0.27462676,-0.036928885
-0.0041962606,-0.033305343,-0.045661062,0.02558788,0.13836299,0.033915672,0.067919955,-0.061900232,0.030585961,0.2991091,-0.03979859
-0.11012188,-0.55747896,0.017114777,-0.037181318,0.03488313,0.05379995,-0.026888872,0.016903667,-0.17873622,-0.08040804,0.2889897
-0.1092081,-0.23707555,-0.10815821,-0.13398999,-0.03853144,-0.028863255,0.0067145056,-0.13250406,0.044096064,0.31035382,-0.053597648
-0.037175115,0.0127920965,-0.09270756,0.009299394,-0.026730385,0.032640994,0.16430853,-0.057571158,0.06372819,-0.25810313,0.5430004
-0.1092081,-0.23707555,-0.10815821,-0.13398999,-0.03853144,-0.028863255,0.0067145056,-0.13250406,0.044096064,0.31035382,-0.053597648
-0.11969494,-0.047249943,-0.076715514,-0.040795084,0.10621934,-0.023686072,-0.013316748,-0.06444313,-0.005316434,0.23898236,0.5043823
-0.057770073,-0.11038497,-0.12552993,-0.014507425,0.01771964,-0.13680305,0.062261403,-0.0380237,0.07048758,-0.30886608,0.14889906
-0.0031913293,0.017217673,-0.071718864,0.008791763,1.274002e-05,-0.0017174175,-0.25556532,-0.07847888,0.03078351,-0.049498428,-0.31943592
0.007935908,0.021006107,-0.070967,0.004767985,0.08992641,0.0297442,-0.28422493,-0.052874584,0.003001272,-0.031115456,-0.33393073
0.012050614,0.28719762,-0.07338494,0.025987638,0.16965789,-0.011240237,-0.059393335,-0.003919501,0.0034683663,-0.086093634,-0.059075408
0.064870425,-0.08053044,0.001967617,0.06430904,0.16917363,-0.03792637,0.11923368,0.035367828,0.050219532,0.035676144,-0.19279611
0.04054594,5.2662323e-05,-0.11210358,0.06392919,-0.09653844,-0.05861824,0.07423415,0.0040263142,0.03772505,0.25191304,0.06844079
-0.08250774,0.21831055,-0.04391005,-0.002072328,0.030458637,0.06682407,-0.004925156,0.065376975,-0.09106902,-0.2330267,0.4377719
-0.03041997,0.25774932,-0.10209563,0.0046256375,-0.009348265,-0.006968345,0.06779404,-0.07236806,-0.0033883443,0.38723972,0.08277422
-0.05377646,0.16788675,-0.09685025,-0.014053617,0.012419907,-0.014400916,0.02072772,-0.11025903,0.061175913,-0.19295646,-0.046404842
-0.07064959,-0.088594854,-0.19278759,-0.026633881,-0.06193952,0.028208643,-0.09818101,-0.09037968,-0.053738683,-0.23284155,-0.28608176
0.019748742,0.22643049,-0.06360164,0.0017445836,0.05276325,0.0036208755,-0.15365866,-0.035213683,0.06058673,0.21141075,-0.06453416
0.0035079352,0.34816253,-0.0885192,0.0136600295,0.02753288,-0.0653035,-0.001923589,-0.03415284,0.053766824,0.30210772,-0.050946597
-0.077410445,0.01600655,-0.048297912,-0.003374115,-0.16438037,-0.107606255,0.01097259,-0.1270252,-0.08675645,-0.38236448,-0.120226055
0.015164093,0.0062359544,-0.09329231,0.0032573603,0.04480757,0.030961445,-0.29900083,-0.060688544,0.0015830949,-0.0015106751,-0.24352545
0.013643583,-0.025753433,-0.0951887,0.003983917,0.05110314,0.037277106,-0.29110464,-0.047400113,-0.007394756,-0.0051010763,-0.21648374
-0.0042053936,0.3607225,-0.07402331,-0.01730888,0.084681995,0.03105587,-0.020947274,-0.019258982,0.095610276,-0.28820333,-0.10379547
-0.0014759385,0.021115314,-0.12151773,-0.01468207,0.011790435,-0.10694158,0.07449301,-0.04214952,0.0819078,-0.3922843,-0.23386085
0.03750339,0.014963867,-0.1159737,-0.018398203,0.027926037,-0.10020353,0.077413686,-0.00733933,0.057318725,-0.3896916,-0.3071266
0.15878369,0.4602058,-0.04716354,0.03169837,0.043746334,-0.009222114,0.08013403,0.015089336,0.2568949,0.18656006,-0.015798315
0.12898526,0.30257106,-0.046078727,0.0078174025,0.16022548,0.27511668,-0.07218756,-0.0014507114,0.021700671,0.35965854,0.1551257
0.04634214,0.061644886,-0.028769778,0.055210467,0.13226448,0.0066657015,0.060596734,-0.07104898,0.05220263,0.12870136,-0.23379757
0.012353242,0.3638259,-0.07427264,0.033395406,0.15097412,0.044065736,0.044826478,-0.0012644894,0.057247546,0.35250807,0.14626054
0.011110465,-0.10446798,-0.026416136,0.021750879,-0.04581384,0.037245672,-0.12603346,0.023515852,-0.016717333,-0.0032745819,-0.28556556
0.041420788,0.13523605,0.020285219,0.020531017,0.13054675,0.078195415,0.07071121,0.35112244,0.048954923,0.499767,0.688453
0.039879173,0.43477577,-0.040207967,0.027208561,0.10747794,-0.059907604,0.14364049,0.0070261452,0.093238555,0.38024497,0.046090316
0.00948728,-0.009488171,-0.1105818,0.004639929,0.059805874,0.032506116,-0.08519997,-0.01248823,-0.013728135,-0.16705199,-0.23467039
0.003759832,0.09181435,-0.031634267,0.022769377,-0.018338969,0.01977393,-0.1765862,0.18589965,0.055165604,-0.1846445,0.42674094
-0.012275865,0.02343283,-0.15909234,0.02245073,0.13048583,-0.0066936775,0.011074068,-0.10387634,0.02443321,-0.10050749,-0.39941216
0.059573367,-0.17244443,0.07904089,-0.002554561,0.016614603,0.0131492345,0.034992844,-0.1108334,-0.040107545,-0.21875757,-0.19630823
0.012996329,-0.03528609,-0.05036471,0.055620845,0.019479385,0.03313361,-0.18260948,-0.027810672,-0.011830435,-0.103129,-0.32207024
0.07583067,0.1710793,-0.056706,-0.00031170796,0.10802068,-0.020333076,0.123508975,0.017298061,0.031444386,-0.06370454,-0.16724218
0.0778583,-0.02778601,-0.039760828,0.04055264,-0.005269068,-0.07105842,0.10967493,-0.05759653,0.092484385,-0.0018145455,-0.036586244
0.037547957,-0.01993588,0.11665372,-0.00527126,0.030674761,-0.050885625,0.0948355,0.04750704,0.07310458,-0.2003313,-0.10969998
0.1426041,-0.07593181,-0.06330364,0.008752077,0.056200523,0.025676576,0.09765359,0.02136513,0.018474627,0.27498966,-0.21385266
0.012266192,-0.4163991,-0.045353018,-0.050090764,-0.04209078,-0.039348435,-0.040107425,-0.03935054,-0.02972249,-0.38108057,-0.076081105
0.19943944,0.024267394,-0.07445788,0.030725751,0.005826255,0.059886076,0.121106885,-0.066435345,0.05506699,-0.22615325,-0.17794077
0.06022102,-0.23682432,0.013008618,0.028864488,-0.025938908,-0.09562647,0.04636326,-0.079831585,-0.009853528,-0.34999114,-0.25336286
0.035423264,-0.0020066248,0.07298183,0.017147478,0.07909133,0.042763047,-0.058916226,0.04155621,0.021098949,0.024670422,-0.2591027
0.040808875,-0.0031658441,0.116253875,0.021320993,0.043344874,-0.015546577,0.095197044,0.05874297,0.04689408,-0.017872263,-0.24516644
0.060446728,0.044329725,-0.049712125,0.06833767,0.048856262,0.004366729,0.07719105,0.033332583,0.005098071,0.3197308,0.67244875
0.032028027,0.04579285,-0.026468078,0.008690128,0.16040185,0.012577644,-0.049533065,-0.028086836,0.032609038,-0.23169675,0.029994236
0.09354447,-0.043901943,-0.010487044,0.15441999,-0.05585329,0.02709788,-0.07729206,-0.03585283,0.022318287,0.05771715,0.00076419406
-0.040794507,0.24123715,-0.036462396,-0.03332021,0.055368766,0.052880093,0.004219115,-0.0395822,-0.051394057,-0.37702468,0.47506994
-0.000947518,0.17259724,-0.051836487,-0.009473419,0.040047057,-0.015075482,-0.023542207,-0.07760818,-0.036836073,-0.20579803,-0.32067797
0.043800935,0.10818704,-0.07040758,-0.017226255,0.007572739,-0.07615879,0.063973516,-0.13211988,0.062818244,-0.29091603,-0.26703638
0.056597337,-0.058821887,0.12087911,0.029971516,-0.019550705,0.042743247,0.08935949,-0.004783216,0.016181367,-0.025551924,-0.044947837
-0.03602428,0.15429753,-0.01888415,-0.14531894,-0.035920855,-0.04127831,0.1144758,-0.097385004,-0.045782503,0.23670876,-0.24735118
0.031631567,-0.12412164,0.05178197,0.031730246,-0.06129019,-0.01034775,-0.12221118,-0.02442619,0.20555332,0.20873432,-0.012400181
-0.011304484,-0.034262314,-0.12287831,0.016965626,0.029042628,0.0019327411,-0.0692351,-0.053731896,-0.060265444,-0.16868484,-0.24503545
-0.009248208,0.42604932,-0.07318834,-0.01705037,0.025641419,0.025187684,0.08206702,-0.06285469,0.02314443,0.29839763,-0.15884693
-0.028106114,-0.08629857,-0.12512738,0.038834035,-0.20244598,-0.11964205,0.0939255,-0.16509233,0.056496613,0.20899266,-0.105666734
-0.043332297,0.13658719,-0.053350843,-0.001173431,0.029745355,-0.020552877,0.08680268,-0.04223787,-0.011299553,0.20033072,-0.39090663
0.0026643383,0.048399832,-0.010133939,-0.024679095,-0.004219326,0.021192446,-0.27992958,-0.033069957,-0.012139007,-0.041532297,-0.24441499
0.03875471,-0.009578445,-0.018075842,-0.031128254,0.0076449816,0.025991598,-0.18669555,-0.035683624,-0.02214602,-0.04127243,-0.24689434
0.024712177,-0.03467958,-0.021892572,0.015771972,-0.0026856025,-0.029628001,0.04139827,-0.06432005,0.0091136405,-0.17570478,-0.21209648
0.05007162,-0.005139759,-0.07710826,-0.0025078633,0.034528214,0.013236899,0.014806292,-0.0176734,-0.12817912,0.23979932,0.54288596
-0.04294411,-0.11747246,0.019242529,0.045119315,-0.19803949,-0.012769601,-0.11266351,-0.052439682,-0.0866742,0.12065286,-0.0912243
0.027173994,-0.06557322,0.008595055,-0.024073103,-0.09143389,-0.08290289,0.072688974,0.016797224,-0.02696217,-0.2753145,-0.22949374
0.021532794,0.090708636,-0.023490002,0.039027758,0.06956384,-0.0053077512,0.10533898,-0.036927022,0.008661552,0.008737763,-0.24400248
0.022043182,-0.081232056,-0.040581368,0.024431441,-0.029592132,0.023968244,-0.12341048,-0.0124089895,0.024255699,-0.04577652,-0.30581412
-0.07117232,0.24478084,-0.087621965,0.026375799,-0.15637167,-0.07505733,0.06402141,-0.0670598,0.013358121,-0.04886173,-0.31047323
0.025656775,0.039870452,0.06321074,-0.0014079364,0.04208945,0.040350493,0.01598236,0.0036404543,0.024474572,-0.22496493,0.028544208
0.001778524,-0.5843936,-0.02964107,-0.11037401,-0.16259588,-0.036080018,-0.18107581,-0.16402268,-0.16112012,-0.07757272,0.0647883
0.045030218,0.13548984,-0.03654781,0.020034121,-0.0068441182,0.030897085,-0.22285983,-0.06277626,0.0029483947,-0.07649862,-0.22656365
0.015977224,-0.21915434,0.045758728,-0.12453203,0.06917125,0.011479206,0.07459329,0.039051272,-0.014205758,-0.1347214,-0.30267224
-0.002105257,-0.22144635,0.028914806,0.041571468,-0.022079699,0.056962643,-0.13798034,-0.08773123,0.05014791,-0.12358057,-0.2824576
-0.0012268426,-0.21519318,0.017959232,0.024766648,-0.008893273,0.059256766,-0.13216017,-0.0799531,0.045717366,-0.12922755,-0.27905515
0.110011995,-0.13557078,0.14600515,0.046159614,0.01920236,0.04699288,0.084060654,0.064941354,0.03232647,0.21865566,0.018520886
0.018956177,0.3785983,0.030269857,0.020402107,-0.02977109,-0.048955668,-0.11897637,-0.028681811,0.04388149,0.2511503,-0.018322587
-0.054066658,0.045747854,-0.08079424,0.014461837,-0.024460426,0.026539661,-0.00446446,-0.028952118,-0.05800459,-0.050227042,-0.2678979
-0.018044772,-0.02850118,-0.0850207,0.018469874,-0.016692001,0.02981168,-0.0814127,-0.026201405,-0.031586625,-0.023947027,-0.23352404
0.12236702,-0.04464669,0.15998189,0.30550575,-0.015879985,-0.029763168,0.30529317,0.036805555,0.030580053,0.3121527,-0.061852455
0.032873575,-0.14902662,-0.016276846,-0.04741992,-0.07415008,-0.0656768,0.02490241,-0.042050008,-0.056078438,-0.022934034,-0.08162886
-0.017095145,-0.3733525,0.01855318,-0.022454545,-0.046441916,-0.23963283,-0.017177371,-0.03746637,-0.009058475,-0.20219983,-0.14226042
0.017799858,0.052104443,0.08687139,0.014373149,0.07988979,0.010105563,0.101010725,0.011682786,0.022942286,0.15725425,0.17275128
-0.026944514,0.061107595,-0.0022338436,0.12731786,-0.005704306,0.0766602,-0.21616313,0.08137561,0.051155377,-0.09892012,0.2240217
-0.029536258,0.026837422,-0.060944803,-0.013933917,-0.12030584,-0.01735048,0.03534502,-0.034685772,0.12253568,-0.29412383,-0.27582553
0.0050131814,-0.32949248,-0.025220957,0.034922704,-0.09917604,0.09537987,-0.27347285,-0.14887293,-0.07433546,0.0071440036,0.08253974
-0.33628553,0.11605911,-0.095555045,-0.055209048,-0.070958585,-0.043914232,-0.27661544,-0.04695965,-0.0024413506,0.15057358,0.15444942
0.027789257,0.22109209,-0.068948165,-0.007995871,0.05892581,-0.022587745,0.028860562,-0.039794575,0.053346124,-0.3253711,0.5113693
0.004448977,-0.010673719,-0.0633075,0.017296478,0.007142677,-0.023385707,0.055186644,-0.096458726,0.03301064,-0.36748868,-0.22137326
-0.0039140144,-0.0052189194,0.04572082,0.015196359,0.024880229,-0.0025861412,-0.074839525,-0.09191555,-0.0144191105,-0.0455969,-0.31234968
0.12767008,0.044296686,0.018010862,-0.003968253,0.030024987,0.039137337,0.07282909,-0.09035381,0.4260296,0.29352424,0.10587605
0.0113497935,0.02818352,0.09588533,-0.12354782,0.035168927,-0.056769863,0.10845855,0.031171324,0.02125167,0.27839905,-0.2958445
-0.049994044,-0.2649418,-0.017714802,-0.24035545,0.0106889885,-0.23324826,-0.06154392,-0.09012719,-0.078033336,-0.34186932,-0.20635544
-0.0036410491,0.03686578,0.056552142,-0.13362488,-0.030217338,0.035894513,-0.015220563,-0.08236188,0.0063888426,0.030572092,-0.40099385
0.03368958,-0.004860026,0.045758374,-0.12499594,0.020526737,0.013272427,0.12462635,-0.0024729997,0.0069608954,0.21833207,-0.30229437
0.023985056,0.39286628,-0.0711233,0.0012722376,-0.016634023,-0.06604908,0.10228702,-0.029601337,0.055181164,0.2211109,-0.012779442
-0.051310636,0.103690095,-0.09425869,-0.0437655,0.064055964,-0.0022435177,-0.12193125,-0.05509971,-0.03428509,0.12616244,-0.086180195
0.005007675,-0.020283427,0.044702057,-0.0039002956,0.044928133,-0.020198284,-0.08534856,-0.08423051,0.01278425,-0.16331117,-0.2222744
0.024815628,0.05450985,-0.001441676,0.038180478,0.075721115,-0.028034184,0.102948785,-0.07769076,0.04985211,0.0519762,-0.21874912
0.0066550463,0.23895067,-0.044216268,-0.01324843,0.050768774,-0.016048389,0.13221945,-0.02523978,0.15161072,0.18971139,-0.36383465
0.02923084,-0.1798599,-0.0893574,-0.012725209,0.010184671,0.03930859,0.024568973,-0.030565105,0.056157142,-0.27838942,-0.037618
-0.044118352,0.09336044,-0.057946444,0.023935981,0.006892271,0.009122901,-0.014568935,-0.02817663,-0.017065672,-0.1474855,-0.046814382
0.0357441,-0.21169133,0.009169232,0.019435566,0.005877194,-0.08852391,0.074141845,0.016470872,0.06448666,-0.24683106,-0.21019492
0.031022022,-0.3533611,0.106244944,-0.013617792,0.007450606,0.045126107,-0.12771264,-0.07358769,0.087575585,-0.12637648,-0.20942454
-0.009020238,0.13951707,-0.05018337,-0.016976696,0.05617625,-0.006967417,0.1580896,0.00036963428,0.03393699,0.17319214,-0.33760625
-0.03988547,0.004508957,-0.045045108,-0.046839908,0.024716944,0.03369992,0.09318276,-0.035075657,-0.019272838,0.12862769,-0.066546306
0.0051927576,-0.24226445,0.09121538,0.021355536,0.016935296,0.02876872,0.076916516,-0.10427856,-0.050717175,-0.3230239,-0.14741935
-0.008263933,-0.1532168,0.07137265,-0.04562188,-0.013204827,0.067646466,-0.03767539,-0.001874672,-0.09656003,-0.18667135,-0.119895086
-0.082155384,0.23280312,-0.061589148,-0.02915725,-0.007812835,-0.0016239159,-0.07984506,-0.019773118,0.038624533,-0.2541326,-0.30506393
0.08362169,0.054868646,-0.10808983,0.018991943,0.0053368183,0.03029703,-0.01476188,-0.055749647,0.033539157,-0.3110054,-0.27874145
0.066117235,0.03245508,-0.028674826,-0.012584191,0.11131593,0.051363938,0.075762846,-0.03195583,0.10469422,-0.25530663,-0.026963737
0.008944811,-0.017601263,0.0545073,0.0021542234,0.015337081,0.033687443,-0.047731947,-0.10518728,-0.009442233,-0.14593838,-0.22341347
0.062180545,-0.2324191,-0.03403073,-0.021062084,0.0029653106,-0.2011927,0.069830015,-0.060687646,-0.042912822,-0.27925578,0.12645367
0.039047327,-0.2818828,0.06994963,0.03005767,0.012344883,0.078425094,-0.104724,-0.08084136,0.044760227,-0.13733289,-0.2987912
0.00023935754,-0.10479937,0.08532237,0.00821986,-0.022872603,0.05022458,-0.0003740585,-0.013410977,-0.018847765,-0.055953477,-0.30293134
0.014012425,-0.13201293,-0.03149184,0.012886126,0.06500853,0.043938458,0.03643198,-0.016948009,-0.012183401,-0.028588433,-0.21912722
0.08064225,-0.11801862,0.0041104713,-0.068784595,0.04401652,-0.14635886,0.0621643,-0.0154705625,-0.035521735,-0.2661557,-0.19146812
0.0121691525,0.16871548,-0.10918942,-0.011657597,-0.18400338,-0.06252731,0.08361291,-0.03817034,-0.016686888,0.17988177,-0.3163854
-0.00605402,-0.9621166,-0.07545179,-0.2650951,-0.062403757,-0.21293752,-0.04722169,-0.020210622,-0.41322145,-0.3479964,-0.13546406
-0.0017153872,-0.35163465,0.043177754,0.021980306,-0.0034291365,0.015177468,-0.043457653,-0.025306208,-0.09305162,-0.109841265,-0.16954038
0.01529871,-0.03726552,-0.061125945,0.00381095,-0.14459756,0.013948158,-0.10089012,-0.057480376,0.018972643,0.13786608,-0.3419994
0.0105605,0.027729303,0.003303891,0.013561804,0.034411956,0.010146786,-0.31546283,0.0036008577,0.017008506,0.0010540069,-0.27591124
0.0072031873,-0.021605272,0.04326713,0.0089576775,0.03308072,-0.009925418,-0.3181658,-0.0030544978,0.012944162,-0.02242216,-0.26757312
-0.06992479,0.0026420383,0.025957845,-0.12891483,0.014384697,0.06336094,-0.027413037,0.20211533,-0.108710736,-0.14327748,0.5899765
0.026297793,-0.08644394,0.063943535,0.0016144403,0.06342727,-0.0069398563,0.08801911,-0.0076539493,0.06786908,0.13254447,-0.21310495
0.017876431,-0.09219477,0.005641977,0.0059949905,0.016427305,0.04562052,-0.07321477,-0.009939109,0.0065354477,-0.17645755,-0.22836879
0.071427956,0.17904466,-0.027352216,-0.02568757,0.004628012,-0.08766951,0.099166006,-0.042151008,0.08879755,-0.08531523,0.09061034
0.053553402,-0.19943827,0.03980261,0.0406735,0.034579046,0.029186597,-0.044925407,0.044464637,0.14231743,-0.14660002,-0.0033064655
0.030936133,-0.08918591,0.08603985,0.0045039244,-0.00891859,0.0066655492,0.0643708,-0.013154517,0.08033195,0.12587593,-0.23562765
-0.010156098,0.10302522,-0.08796298,-0.026438726,-0.030264925,-0.0071665635,-0.31257364,-0.014767444,-0.010646397,0.1241825,-0.33920494
0.031968765,-0.33115187,-0.041435152,-0.16901368,-0.013876253,-0.13517983,-0.007870178,-0.19539252,-0.041872583,-0.21433899,-0.2844276
0.03758709,-0.54942566,0.13459608,0.12190562,0.02334301,0.030629857,-0.05456613,0.015646638,-0.033901367,-0.26329005,-0.06992249
-0.0030976485,-0.23468514,0.02729401,-0.0094765965,0.0809294,0.013315033,0.09547511,-0.009430328,-0.032912746,-0.38231435,-0.09339779
0.011229728,0.017066328,-0.02478641,-0.02356173,0.011705495,0.043940403,0.023522379,-0.010710423,-0.028185427,-0.32586864,0.0027961086
0.09775982,0.038774807,0.07924148,0.023321899,-0.009697822,0.033719882,0.07665285,-0.036215518,0.013726817,-0.14534563,0.44689545
-0.0038083286,0.30506665,-0.09710351,-0.058586102,0.03194089,0.055686228,0.101460874,-0.036843516,-0.031471983,0.13904199,-0.033200342
0.035225686,-0.32785958,0.015458732,0.020519506,0.00369292,0.030498521,-0.09068606,0.008103749,0.06250684,-0.17234175,0.0025169153
0.009080208,-0.015411458,0.03164462,-0.0008198014,0.10218486,0.027847128,-0.32356024,-0.03815838,-0.046021283,-0.023861913,-0.21216293
0.03043404,-0.1756316,0.028841782,0.026825452,-0.0012139047,0.045033,0.0629776,0.018928036,0.0047419486,-0.38804385,-0.2583697
0.046348136,0.05772481,-0.010350834,0.012909726,0.022113197,-0.0027652131,-0.04573971,-0.06776391,-0.0172146,-0.33554927,-0.252767
0.0004567743,-0.127512,-0.0029146143,-0.0040281066,0.016990067,0.032019492,-0.009721182,-0.09552691,-0.026580641,-0.21485092,-0.18272157
0.02732317,0.060450286,0.11140179,0.014052741,0.012349809,0.07856437,0.113273285,0.049485043,0.008120994,-0.24234085,-0.25093982
0.012939742,-0.038394738,0.034419503,-0.014284535,0.0055943406,0.03416738,-0.093879506,0.04139668,0.051537618,-0.21366882,-0.0431161
0.015334399,0.010472019,0.007852039,-0.010934372,0.011362241,-0.013141522,-0.0073370216,-0.06643944,0.06280598,-0.42872348,-0.2524309
-0.0028514941,-0.1394275,0.029609706,-0.083545014,0.023072913,0.050613765,-0.0046881996,-0.07700295,-0.021516658,-0.20503736,-0.18375142
0.013980147,0.016869504,-0.015487648,-0.0076547386,0.06855231,0.025843237,-0.17507319,-0.043049797,-0.017527793,-0.11765123,-0.33396235
0.007956812,0.02052324,-0.0035183965,-0.008511681,0.040251274,0.02453351,-0.043490138,0.01335112,0.039134484,-0.08044764,-0.04159592
-0.056881487,0.2298568,0.049975738,0.0070689637,-0.026909791,0.007362172,-0.49395967,-0.072301805,0.07741041,0.10069714,-0.3431759
0.017973945,-0.90529215,0.0067963544,-0.07043006,-0.006622244,-0.18422842,0.0057288473,-0.01069901,-0.19454515,-0.16112563,-0.07258963
0.029403714,-0.15442756,0.076754294,-0.005047924,-0.0065467437,-0.13393126,0.023900764,-0.07585819,0.0036459796,-0.22941706,-0.045898452
0.039600637,-0.17327337,0.05774267,0.020712305,0.06475895,0.040776376,0.022365175,0.011287315,-0.03488309,0.2835384,0.090162754
-0.21542947,-0.012474417,0.008034563,0.01404486,0.0015650846,-0.14599791,0.083714,-0.051972765,-0.011263886,0.15961426,-0.2502912
-0.036083948,-0.10816981,-0.019152803,-0.032417763,0.024846798,0.04154453,-0.0019707268,0.07979018,-0.082272984,-0.28902626,0.6974093
-0.048518654,-0.06114173,-0.093922004,0.0057781637,-0.20346776,0.03196704,0.026290108,-0.03969793,0.05049365,0.09973707,-0.3310568
0.057580817,-0.47287017,0.036975756,-0.0787875,0.005064748,-0.19963609,0.032730266,-0.0050301333,-0.08220028,-0.34689692,0.3308658
0.039044816,-0.24996577,-0.012023197,-0.010746042,0.08130805,0.029377542,0.103740074,0.014067843,-0.033792216,-0.342629,-0.27151537
-0.019632194,0.010957704,0.038975995,-0.009563684,0.0115891,0.033265553,-0.11442512,-0.09997607,-0.06558761,-0.016992353,-0.2067789
0.0391065,-0.025283135,-0.024326613,-0.0053138696,0.00775513,-0.0077222837,0.0030314354,0.030977957,-0.09857027,-0.043558974,-0.27822977
0.07357873,-0.40495253,0.13874091,-0.030601064,-0.05882177,0.010799258,0.014293874,0.0064669587,-0.008952199,-0.2805591,-0.2015563
0.059621777,0.017963236,0.08212028,0.058020387,0.121734984,0.034718934,-0.03884033,-0.026653474,-0.01692777,0.09685283,-0.2772465
0.004243177,-0.011170659,-0.007163612,-0.0016418665,0.081240065,-0.029294781,-0.16096316,-0.022965757,-0.025630353,-0.095862694,-0.30932733
0.010208168,-0.17668627,0.07197318,0.034839768,-0.0027111568,0.017033733,0.05230057,0.001943878,0.01380384,-0.025347115,-0.33350024
0.0015574705,-0.19711392,-0.057266377,-0.0846739,0.039947893,0.065773085,0.18048756,-0.039528023,-0.07513395,0.20022176,0.35924298
0.0025509289,0.031463813,-0.0029532507,-0.005604283,0.0011666146,-0.023668353,-0.23585872,-0.08665499,0.035483364,-0.08734927,-0.22253105
-0.18968052,-0.11816416,0.03584401,0.02665905,0.055012662,-0.018970931,0.12425256,-0.02643685,-0.010926892,0.10023061,-0.33458626
-0.007782049,0.010765332,-0.05533538,-0.008310328,-0.01373521,0.0070000133,-0.17824504,-0.11089607,0.0508916,-0.20252663,-0.08337182
-0.03435733,0.07208345,-0.017665103,-0.00056054234,0.00801293,0.013845769,-0.15658857,-0.06789213,0.042150073,-0.24241103,-0.25917438
0.026109392,0.05013067,0.0917351,0.006649062,0.03515513,0.06370765,0.14652382,-0.04322297,-0.0236525,0.23957354,-0.21134403
0.06347048,0.2407524,0.02075229,0.027462346,0.01039492,0.054064695,-0.0051165665,-0.061916642,0.00022406943,-0.26930854,-0.2911003
0.013999168,0.20804898,-0.038644053,0.01531214,0.026210394,0.029810442,-0.07064867,-0.106672056,-0.0020210904,-0.2815942,-0.30813017
0.031419635,0.03781145,0.092632405,0.009365611,0.031349424,0.06126237,0.14281605,-0.038581938,-0.038683344,0.23531307,-0.26850548
0.007110571,-0.08291189,0.099734455,0.0061159953,0.017596044,0.03765462,0.0028986551,-0.10603435,0.0062079392,-0.17515837,-0.21034509
0.017255336,0.05153315,0.03964648,0.045940798,0.012037898,0.0062788,-0.13097507,-0.10436956,-0.04063999,-0.011726705,-0.24399093
0.04901681,-0.006793379,0.036881004,0.0343576,-0.1495264,0.0490963,0.12701133,0.0068410956,0.03869939,0.20826593,-0.2589732
0.081352085,-0.21555033,0.071811214,0.050144713,0.14618708,0.07458214,0.031658575,0.06537516,-0.020944787,-0.26474768,0.11611827
-0.0074136076,-0.40455064,0.025601786,0.023924602,0.1265325,0.1050248,0.06975741,0.11463902,-0.05074343,-0.21309812,0.16267647
0.042164333,-0.3982243,0.016829766,0.022280404,-0.011058131,-0.0045552016,0.071648315,0.010397799,0.057085905,-0.29665977,-0.20702808
0.008224963,0.028786559,0.0029821447,-0.0017461622,0.095175795,0.031127006,-0.08082659,-0.04877703,-0.00068000145,-0.1946177,-0.34571198
0.013648093,-0.02216324,-0.017390803,-0.007780688,0.000473982,-0.021314668,-0.12926628,-0.08438175,0.07133844,-0.1518969,-0.17046618
-0.012080456,-0.13619715,-0.011554038,-0.019178893,0.012581326,-0.044922482,0.04918197,-0.029643541,0.037749227,-0.34972876,-0.21979448
0.05819984,-0.20710857,0.09339134,0.046364345,-0.009375576,-0.0055508194,0.15781169,-0.021657668,0.048552968,-0.18207689,-0.05208804
0.048762772,-0.119270325,0.113920674,0.039258167,0.14759812,0.025249409,0.039349996,0.059278145,0.06761288,-0.16199958,-0.2072816
0.04857958,-0.09731096,0.12427962,0.029715236,0.13031082,0.042612657,-0.004939763,0.044513464,0.0544756,-0.16397429,-0.20833595
0.021362755,-0.03420924,0.05420489,-0.004443349,0.0035487285,0.011891467,-0.12382014,-0.035565864,-0.012009769,-0.15664746,-0.27518114
0.017144673,-0.028882988,0.0012582608,-0.0002434738,-0.124043144,0.037807617,-0.1570001,-0.032146636,-0.07198542,-0.004913581,-0.19153158
0.01396244,0.028153785,0.10027577,0.05835847,0.0403544,0.031888615,0.005434093,-0.031668846,-0.023564965,-0.11134146,-0.19108504
0.05785125,-0.22416507,0.042312775,0.013124039,0.0010292584,-0.029850656,0.05991631,0.024186702,-0.04289086,-0.12985505,-0.23225091
0.0008971343,-0.09089574,-0.0042953803,0.015764317,0.015910855,0.022356648,-0.17011519,-0.087938495,-0.026403999,-0.078553505,-0.26548156
-0.011055383,-0.002894726,-0.007913287,0.006606679,0.016904688,0.016588483,-0.19744425,-0.09745236,-0.020037586,-0.083543085,-0.26086137
0.06031264,0.14978184,0.008194957,0.019930827,-0.1650286,0.06313806,0.046970334,0.013840268,0.010942226,0.27546412,-0.22385024
0.057988595,0.14718442,0.062918365,0.024494793,-0.15757294,0.061214577,0.046122998,0.005753266,0.030496374,0.25885007,-0.23907639
0.017754454,-0.39795548,0.0320748,0.011877576,-0.06306546,-0.032474894,0.14446835,0.0774654,-0.08381444,-0.41114202,-0.0334459
0.0071665496,-0.12596996,0.08413059,0.07658234,0.16229035,-0.006966046,0.04778779,0.01311395,-0.025301222,0.006702828,-0.021287654
0.0044680173,-0.07014504,0.10403811,0.074408896,0.10977847,-0.054911084,0.10578296,0.01582357,-0.01861876,0.008218512,-0.021172468
0.013736447,0.048814785,0.021391328,-0.03134984,0.015849648,-0.042417634,0.06822773,-0.116086654,-0.026230684,-0.12164065,-0.035744883
-0.02177298,0.038729444,0.015917208,-0.03792078,-0.005668255,0.025511622,-0.10569155,-0.041847687,-0.082688555,-0.018700179,-0.18435086
0.007273402,0.026381958,0.13777709,0.0071090725,0.036724184,0.047874186,-0.0022906256,0.05623346,0.046442494,0.06145383,-0.20694819
-0.11005253,-0.038251102,0.04100711,0.06320534,-0.1798413,-0.013372647,0.049218584,-0.030688161,-0.27392602,0.07753738,-0.22130921
0.02424712,-0.1804599,-0.019509299,0.024749782,-0.019791562,0.02359444,-0.05317908,-0.099911846,-0.029703049,-0.19453274,-0.119992875
0.0011469877,-0.0056978296,0.074490465,0.014898072,-0.013428855,0.03297348,-0.11438965,-0.061736982,-0.08163978,-0.016803052,-0.20941283
-0.027993448,0.17970978,-0.0548495,-0.0046162377,0.041235246,-0.0020631673,-0.05035009,-0.056375753,0.055128835,-0.27487943,-0.28350988
0.07984032,-0.021358749,0.019149387,-0.011562336,0.014113356,0.035700794,-0.016186275,0.029411223,0.044556234,-0.13248636,-0.030622795
0.029006321,-0.06591849,0.05446519,-0.009795926,-0.04374763,0.028957836,-0.1577463,-0.08318255,0.025348473,-0.14346634,-0.28609544
0.00088414096,0.18141712,-0.03747668,-0.003238677,0.066548675,0.04734186,-0.17269285,-0.01892413,5.538357e-05,0.12731166,-0.23781954
0.02733085,-0.053230725,0.05504269,-0.006576581,0.016946174,-0.010285681,-0.22611752,-0.061364703,0.048250224,-0.083015695,-0.24687965
0.012941071,-0.032652304,0.10869314,0.019680938,0.0074406355,0.060439445,-0.04327118,-0.033534423,-0.02323852,0.016574174,-0.21015877
0.088903256,-0.0029186492,0.07719384,-0.06028338,-0.094439045,-0.13108547,0.07365284,-0.046194237,-0.049546104,-0.2507175,0.044615116
0.021144293,0.21755992,0.02325362,-0.027040238,0.055136915,-0.03435704,-0.015805967,0.03797694,0.068814926,-0.34440315,0.50047773
-0.051221263,-0.2416272,0.025933038,0.031224435,-0.1578257,0.008160025,-0.13505518,-0.10596105,0.008493756,0.16538718,-0.03161154
0.004959067,-0.061948534,0.04199527,0.038789455,-0.19958514,-0.021084445,-0.1296867,-0.041561615,0.023787066,0.14664075,-0.3114249
0.04185208,0.2366184,-0.055897336,-0.008833386,0.06562657,0.04546217,0.043509003,0.083361745,0.13305281,0.38270852,0.19906811
0.048065346,0.057352923,0.123103224,0.043245796,0.06633513,-0.10326353,0.055585515,0.06399789,0.012629016,-0.3251068,0.05560849
0.015350807,-0.055941585,0.032224365,-0.017776525,0.0021047397,0.0062945536,-0.16498889,-0.017893616,0.018378345,-0.17091548,-0.24334401
0.026888065,-0.010174166,0.027411476,-0.0313664,-0.005046846,-0.04968462,0.11046444,-0.05403489,0.06193185,-0.43677312,-0.04529027
-0.060041986,0.0033713377,0.057014596,0.08218912,0.052702464,0.032755405,0.0046256487,0.26005876,-0.037098113,0.3582695,0.7071628
0.08072604,-0.012636919,0.089507006,0.0615774,-0.097344905,0.043087758,-0.0016638545,-0.03479694,0.0696312,0.10569221,-0.2629703
0.028831374,0.07032603,-0.00051310717,0.007911585,0.06449082,-0.08370828,0.11078085,0.05377353,0.011067179,-0.16750897,-0.047764808
0.021180332,0.24186175,-0.037871223,0.019121332,-0.08291024,-0.09229759,0.276803,0.108601116,-0.017755954,0.32786164,0.6203849
-0.012333814,0.2348827,0.042978518,-0.02395918,-0.06658781,-0.08221794,0.27181086,0.109927125,-0.029904576,0.2860965,0.6142165
0.007812327,0.0019807238,0.07137863,-0.0040782136,-0.13555466,-0.07373784,0.073398545,-0.062142875,-0.022531865,0.1338361,-0.33568218
0.055421803,0.019883215,0.080990314,-0.016427206,-0.00023381476,-0.119626015,0.14362343,-0.0040895613,0.08650167,-0.19308497,-0.031959295
0.01654148,0.027683772,0.073791526,-0.011487513,-0.030175159,-0.17707747,0.05579562,-0.041051734,-0.02200644,-0.38380808,-0.035955884
0.036715712,-0.02376176,0.009614902,0.0038955805,0.027587917,-0.012907508,0.08565914,-0.039658647,0.055503994,0.2688053,-0.030112503
-0.08454617,-0.067250654,-0.01039331,0.019373342,-0.22322504,-0.0020587202,0.04471593,-0.086801365,0.06775047,0.2251852,0.09004529
-0.08637884,0.038869046,-0.11271967,-0.039039098,-0.19068807,-0.25018066,-0.2520259,0.046573233,-0.1654522,-0.25143853,0.06510807
-0.04119826,-0.010170863,-0.028287921,0.020613668,-0.13611412,0.023478704,0.052427154,-0.042243943,0.064303905,0.30668765,0.21094722
0.058357712,0.0502888,0.0041444693,0.006090903,0.008302268,-0.022047976,0.082427025,0.046293404,0.105460435,-0.14455943,0.04315191
-0.063215725,0.20884117,-0.07244946,-0.096666224,0.05515618,-0.00016701061,0.030179795,-0.03509476,-0.06692974,0.2515897,0.41905296
0.007135696,-0.16868846,0.041920334,0.046989832,-0.014685705,0.02038249,-0.0061603934,-0.0030956678,-0.010362516,-0.3022892,-0.24708852
0.023864258,-0.09945767,0.058214903,0.012663281,0.0029522083,-0.008464288,-0.054679926,-0.019549366,-0.005279982,-0.116278775,-0.24709976
0.008045219,-0.17452593,0.08034178,0.001653692,-0.046979513,-0.0058087837,0.0016313136,-0.0025818297,0.0097333705,-0.014127494,-0.24861328
-0.04328661,0.08868154,-0.037128255,-0.00058930647,-0.024480384,0.0724551,0.017042303,0.24561584,-0.07532642,0.45650262,0.6280222
-0.088271104,0.037504748,0.038239103,-0.010371019,0.010955656,0.044952966,0.04599875,0.0036153502,-0.14953412,-0.0016673756,-0.23339023
-0.05182012,0.024439687,-0.0007741618,-0.021126904,-0.014997087,-0.1008922,0.10155725,0.0225958,0.07593777,-0.24920931,-0.042965304
-0.020025035,-0.021951282,0.044026393,-0.028429767,0.013687295,0.04361388,0.035827424,-0.04186511,-0.019125873,-0.33113062,0.038314067
0.07161744,0.41257104,0.14686781,0.016482107,0.06233339,-0.092200436,0.16086774,0.13328338,-0.06999986,0.094572686,0.052397773
0.12278529,0.048195876,0.11885192,0.032893594,0.09334951,0.10535479,0.025904989,0.1449439,0.028510157,0.42884645,0.76675016
-0.14976059,-0.12821488,0.038563557,0.0004025576,0.024184601,0.07046696,0.063596,0.07580179,-0.09466468,0.33365625,0.07165917
0.02208226,-0.21331796,-0.010600687,-0.03166179,-0.10128368,-0.22411484,-0.08695848,-0.066942826,-0.08358283,-0.35017487,-0.15955251
-0.12816693,-0.14396778,-0.11411978,-0.4413369,-0.5311365,-0.0688836,-0.09425606,-0.19633427,-0.17536573,0.050979044,-0.28870714
-0.04423212,-0.14849007,-0.090939574,-0.2876672,-0.41308567,-0.012171961,-0.10768491,-0.13157524,-0.16722727,0.07331528,-0.28280765
0.02691966,-0.16621396,-0.02446453,-0.09809009,-0.03486899,0.05862306,0.009476182,0.007978003,0.011541292,-0.30476996,-0.26605216
0.030980742,-0.1144805,0.08593931,-0.1560163,0.064403124,0.0034971866,-0.08952925,-0.0055601364,-0.018346863,-0.18473245,-0.28919774
0.036620256,0.30241197,0.016891731,0.038487036,0.023295341,0.19019441,-0.050884746,0.27022278,0.038448226,-0.20483926,0.53315973
0.06403679,0.4070688,0.03925671,-0.023353355,0.037779193,0.004180594,0.094102934,0.017024525,0.11544719,0.35587943,0.2224342
-0.19373396,0.06755648,0.017507903,0.0033475414,0.08035965,0.060174886,0.021764806,-0.01578262,-0.03754931,-0.36668286,-0.0908088
-0.010338911,0.051329985,-0.024528442,0.022959532,0.0933681,0.0035390607,0.09096024,0.007569066,0.074096754,0.36353457,0.59355927
-0.12460933,-0.12873988,0.059778184,-0.03679794,-0.06351867,0.030771442,0.029178686,-0.017036267,-0.066725016,-0.0049449806,-0.07557148
0.06421499,-0.023429291,-0.037288792,0.032161534,-0.13334136,0.0725935,-0.109167896,-0.031145476,0.07179426,0.20736708,0.077851206
0.010176109,-0.13934444,0.0049395515,0.015418393,0.005869349,-0.02389911,-0.09365847,-0.045775093,-0.018624444,-0.04186017,-0.25850344
-0.04403894,0.29554966,-0.076136224,0.012908828,0.02387723,-0.05362841,0.021366736,-0.04080226,0.04927963,0.32723314,0.11157977
-0.12018194,-0.17301351,-0.006649719,-0.008927086,-0.018421859,0.049311202,0.053689234,-0.014581999,-0.124212496,0.064113855,-0.24210279
0.032751672,-0.19982645,0.10044418,0.011102203,0.029961597,0.047633316,0.073595114,-0.04788287,-0.08547232,0.2315124,-0.18354593
-0.11571292,-0.16645466,-0.000120069,-0.138982,-0.0052967034,0.04309568,0.0599267,-0.0069176895,-0.113838166,0.0831076,-0.24892429
-0.018245293,0.071720555,-0.086849734,-0.00047879393,0.04932232,-0.020581676,-0.00085806556,-0.041544493,-0.031640805,-0.18629844,-0.20833829
0.03558211,-0.002636151,-0.0019048468,0.028207349,-0.01599729,-0.039732922,-0.48101774,-0.0723591,0.0654838,0.07657877,-0.24055542
-0.0031738335,0.21561818,0.0034726642,-0.094853975,0.031387646,0.04917191,-0.09198455,-0.055365965,-0.026618602,0.2421778,0.07666542
0.07082375,-0.1344215,0.06695233,0.04900886,0.040971465,0.029806131,0.22067632,0.04308022,-0.05237325,0.30700323,0.6707934
0.026125984,0.30855072,0.07004627,0.029141631,0.040788524,0.03735798,0.011285085,-0.03359511,-0.03350211,0.27978298,0.22930989
0.14448921,0.3510193,-0.028841695,0.039642934,0.10377888,0.04188011,0.09428866,0.0938194,0.08382647,0.15934664,0.13166082
-0.035531055,-0.06299051,-0.09013021,0.025701236,0.027514605,0.054301586,0.08925647,0.08776383,-0.0383756,0.2590945,0.17851667
0.014145086,-0.04289201,0.03192075,-0.03523582,-0.001321367,0.033431973,-0.1011101,-0.06459545,-0.047527116,-0.13640322,-0.17582905
-0.06667067,-0.2468091,0.16997087,0.015854247,0.083432555,0.06128659,0.03454645,0.07957954,-0.11678639,-0.07896221,0.36732718
0.02225863,0.056225147,0.016722724,-0.012693061,-0.04468215,-0.043305997,0.024394989,-0.041068204,0.08820474,-0.4238853,-0.03960766
0.016295394,-0.045486122,0.03712756,0.009357461,0.01755475,0.046430238,-0.09394574,-0.06017548,-0.044939335,-0.17058593,-0.20145185
0.01148207,-0.06217715,0.03804316,-0.04261493,-0.0059185894,0.052632947,-0.07727223,-0.0634993,-0.06157826,-0.14067346,-0.19339441
-0.019609878,-0.02294796,-0.08482707,0.010963462,0.016045325,0.05358749,0.09708068,0.07441925,-0.045225628,0.26945353,0.20997249
-0.021891408,-0.025856368,-0.08926996,-0.010236099,0.02641592,0.057004146,0.05527052,0.0643577,-0.043057583,0.2783138,0.1495182
0.042003084,-0.054313388,0.06714969,-0.009255401,-0.014394693,-0.0035952,0.004391037,-0.01712273,-0.0117564695,0.05610468,0.03614961
0.0675919,-0.1319527,0.09192161,-0.0014256006,0.06275939,0.11698156,-0.011740035,0.043312777,-0.055130914,-0.22944124,0.50174993
-0.040431004,-0.0068336055,0.010575413,-0.1701637,0.007378433,0.047853388,-0.039675232,0.0377296,-0.06420203,-0.19113135,0.08218393
-0.016819278,0.14260472,-0.07428979,-0.014580193,-0.080524,-0.053601228,-0.09469497,-0.16277784,-0.09790593,-0.2577264,-0.08431009
0.07024696,0.3114054,0.074449934,0.07057161,0.011196425,-0.04551399,0.35204634,0.04862425,0.18666135,-0.16090372,0.11383387
-0.022644255,0.15657428,-0.0076465886,-0.04765865,-0.039568357,0.00048351396,0.36031115,0.023567578,0.14285788,0.17079136,0.54252356
0.041464906,0.23214902,-0.023117775,0.050293814,-0.02414296,-0.018118221,0.19594587,-0.0015004484,0.034577668,0.23962569,0.5132119
-0.03539887,-0.06475701,0.030341834,-0.01483439,-0.09041124,-0.14288786,0.024314592,0.008177931,-0.08331797,-0.17848715,-0.13324746
0.036358137,-0.08462795,0.026885452,0.009796255,0.11065648,0.08016121,-0.022471447,-0.058713645,0.105869405,-0.20205814,-0.033251557
0.011169317,-0.002801548,0.0026027039,0.012486506,-0.0026963286,0.032032702,-0.04868745,-0.060182203,0.0058138794,-0.138756,-0.16722651
0.010349278,-0.023763007,0.056507543,-0.11012703,0.011338465,-0.025802061,0.026006203,-0.090088345,0.03894805,-0.26759258,-0.0845624
0.041012228,-0.13400991,0.05025745,0.002445818,0.0025575818,0.050281305,0.046009135,0.039959542,-0.07596557,0.111084595,0.24888012
0.010840106,0.21405157,-0.07755779,-0.014753105,-0.19754647,0.01652477,0.020873731,0.01989195,0.07231653,0.19940247,0.38648263
0.0114789,-0.2251691,0.05140586,0.029702362,0.024008108,-0.015436845,0.06495904,-0.054579232,-0.00028109946,0.03271442,0.020371588
0.017173558,-0.17236097,0.0862436,0.036203634,0.06462976,0.003554245,0.065028936,0.034375038,0.020899862,0.18920006,0.00088341197
0.0988899,0.024774643,0.006644204,0.02325132,0.06376641,0.060739923,-0.08372399,-0.03347094,0.07303799,0.2376627,0.65161
-0.016014146,0.014834025,0.06392054,0.037084028,-0.008515787,0.10957683,-0.05833951,0.065975666,-0.011246122,-0.16075787,0.1594097
0.015800878,-0.2128377,0.06768017,0.032133367,-0.09979647,-0.008895654,-0.20247798,-0.081528015,0.06004608,0.13001753,-0.31893706
0.019796247,0.14359266,-0.069717,-0.010246875,-0.014708287,0.02384596,-0.07235618,-0.16834839,-0.07907678,-0.14569198,-0.075461484
0.01989049,-0.09307412,-0.006826355,0.03912587,0.012670193,0.06229652,-0.021689158,-0.06968939,0.01598069,-0.13971937,-0.21794307
0.053569738,0.029102681,-0.040047467,0.03130148,0.053096466,0.012562061,0.16387126,-0.04315453,0.05097709,0.16757588,-0.3422328
0.026020007,-0.031214627,0.024366086,0.04323,0.0076583563,0.066947594,-0.0012868961,-0.038934287,0.021712737,-0.02724749,-0.18019143
0.017680805,0.019831905,0.12021943,0.041018274,-0.021172293,0.022388157,-0.006100662,0.037843034,-0.007971461,-0.12589933,0.109789304
0.0034394711,0.23401587,0.010585233,0.016428564,0.051604122,0.036092002,0.023710439,0.09803819,0.0038029365,0.3481118,0.6006503
-0.012799086,-0.95321476,-0.11494496,-0.17684816,0.006435561,-0.1830813,-0.052768935,-0.06664985,-0.2189856,-0.4739694,-0.2482791
-0.021734068,0.15894842,-0.024208035,-0.060320664,-0.18537138,-0.06656088,-0.007860957,-0.14363162,-0.12131366,0.20649184,0.31946823
0.06902458,-0.069143936,0.095103614,0.07040231,0.032702673,0.070094295,0.11628175,-0.006240515,-0.062383745,0.25396496,0.13797271
-0.01619481,0.052990668,0.08570815,0.21711901,0.061181057,0.13174209,0.29198444,-0.0026354173,-0.018480614,-0.031317916,0.163631
-0.0011170018,-0.01199915,-0.015785577,-0.007036752,-0.016080884,0.012168907,-0.27957743,-0.07934583,0.04651279,-0.011745692,-0.2273822
0.004403815,0.01386362,-0.05605245,-0.031675305,0.06873759,0.008068299,-0.2241729,-0.046237618,-0.060225815,0.19423632,-0.025532404
-0.1855169,0.02236247,0.045333695,0.022325182,0.061222922,-0.14034724,0.12735394,0.11617524,-0.1299958,-0.21969786,0.4188945
0.013639715,0.027373819,0.050205234,0.03665206,0.013242544,0.07028,-0.062095527,0.010820091,-0.017768184,-0.051621586,0.12708797
0.05072196,0.30716187,0.0329692,-0.07365697,0.03278047,-0.0793159,0.15707116,0.07318689,-0.032752667,-0.31864032,0.38405636
0.038935196,0.15995437,-0.022760881,-0.008932887,-0.07139215,-0.14805688,0.17141357,-0.008149284,0.118418604,-0.28548592,0.5293464
0.048854653,0.32345334,-0.044191573,0.11413729,-0.09053671,-0.11663672,0.117783,-0.061607704,0.152021,-0.0901368,0.05094723
0.08259639,-0.026185678,-0.048159935,0.0022264856,0.010934418,-0.16289718,0.08419698,-0.012724462,-0.013575459,-0.09442504,0.6015396
0.06752651,0.107055224,-0.018998947,0.091428824,0.1931209,-0.124623366,0.27769303,-0.018970897,0.0043678395,0.110278465,0.64744616
0.024951462,0.20317256,-0.030158607,-0.06671548,0.018543348,-0.14585139,-0.021725416,0.063231684,-0.03712252,0.06516708,0.442038
-0.07372834,-0.12316491,-0.017686388,-0.16012765,-0.112572834,-0.060730185,0.02536425,0.091860086,-0.22358394,-0.04531975,0.010892431
-0.0347683,0.065683044,0.050533712,0.18044221,0.06704213,-0.003879706,0.025692534,-0.038178857,-0.022866555,0.031833205,-0.043267712
-0.0146631785,0.20051928,0.014317615,-0.0094650835,0.012505287,0.01566719,-0.124062,-0.060836714,-0.008303854,0.22446033,0.044489868
-0.018105522,-0.12469463,0.03210478,-0.0037209068,0.012367387,0.0068771914,-0.060714785,0.051777277,-0.08095253,0.25714982,0.5189276
-0.021389829,0.022573918,-0.028877545,-0.015627876,0.09285462,-0.021637993,-0.025183173,-0.14384688,0.074354395,-0.25014916,-0.009953381
-0.03777807,-0.11787578,-0.09218583,-0.014309208,-0.035192057,0.02977539,0.063554175,0.0056637456,-0.0058230967,0.1859837,0.103252515
0.055651158,0.3106118,0.0181698,0.044378288,0.055567354,0.26746148,-0.06304559,-0.04013462,0.032691132,0.3730113,0.06138065
-0.010841841,0.2829013,0.013101584,-0.02473719,0.09409579,0.10591124,-0.15603462,-0.08237798,0.0013785588,0.29884413,-0.0321509
-0.031687044,-0.19811216,-0.025582712,-0.03333001,0.08920865,-0.045543693,-0.14366917,-0.0686072,0.0064881453,-0.06425945,-0.37295523
0.03487328,0.19879891,0.009775663,-0.017395971,0.049133312,-0.017753037,0.16119309,0.09513089,0.0013223804,0.24439551,0.48918164
-0.14961107,-0.14600258,-0.011362691,0.0040139626,-0.007451204,-0.032315712,0.025259169,-0.078122705,-0.29777476,0.20888858,-0.044664476
0.02241265,-0.10396262,0.052157685,-0.007915814,0.0040754746,0.037471097,0.033494074,-0.049064822,-0.10128476,0.09865061,-0.24381202
0.012600273,0.13569114,0.0063785817,0.02371342,0.031603385,0.024602743,-0.09029732,-0.018746791,0.0004522643,-0.030425835,-0.16517243
0.0014924437,0.16011964,-0.0063075875,-0.0122302435,0.033131853,0.033827614,-0.21807238,-0.0054176953,-0.09478829,0.17508267,0.42651853
-0.04425201,-0.21856865,-0.14051877,-0.2212157,-0.032598205,-0.06295601,0.0040561706,-0.19685106,0.025910463,-0.13132702,-0.075178586
0.051265232,0.15759997,0.031573273,0.0051124264,0.005175942,-0.011219436,0.03605273,0.09116581,-0.009760857,0.35052276,0.6090762
-0.14645551,-0.011752238,-0.01562344,-0.09635879,0.023041043,-0.12744763,0.046943255,0.0795655,-0.23141357,-0.25079402,0.19338797
0.020096775,0.22596808,-0.033058222,-0.04674301,0.04927374,0.04500666,0.06993935,0.09460145,-0.018467456,0.352888,0.545102
0.054072186,0.29631716,0.005611671,0.13500689,0.09624894,0.011975407,0.1700952,0.08189823,0.106749736,-0.3325709,0.6579897
0.09854124,0.052462164,-0.037325725,0.0313631,0.18859218,0.06771041,-0.021627814,0.010913248,0.11046314,0.08892096,-0.029762138
0.060406007,0.050657883,0.074238576,0.019113274,0.16495012,0.018511826,0.047978666,0.08765613,0.10947306,0.009293545,-0.19154008
0.030357044,0.2677785,-0.0021446869,0.027817814,0.11546308,0.009116046,0.03687513,0.09147485,0.013172749,0.031685907,0.5469199
0.060921002,0.022975348,-0.011273755,-0.01427237,0.047028143,-0.016017135,0.07356998,0.023968345,0.09135701,0.2796892,0.07632537
0.051076334,0.022032283,-0.015707606,0.044199523,0.16073193,0.033898573,0.07495383,0.008539394,0.020547055,0.2761155,0.5548974
0.03441575,0.2976685,-0.02802774,-0.03620532,0.18437143,-0.055728372,0.1726618,0.129155,0.015142833,-0.06191187,0.5963644
0.05561186,0.15027457,-0.045694347,0.03162508,0.06959461,-0.029011881,0.046609014,0.028448137,-0.023973253,0.3677237,0.48926276
0.019194013,0.30388564,-0.034115836,-0.017422859,-0.02650298,-0.060420256,0.29361266,0.06113524,-0.019006629,0.24754621,0.19602798
0.02798461,0.20937957,-0.02357285,-0.05174619,-0.04743505,-0.090036094,0.24406976,0.1303376,0.13520002,0.29922032,0.517622
0.0494512,0.055781353,-0.014112873,-0.023773503,0.08103863,-0.0928816,0.17960119,0.012319103,-0.06633067,-0.30896452,0.5557571
-0.030905452,0.004953301,-0.102134414,-0.034430686,0.012723775,-0.035024308,-0.0042201914,-0.057216786,-0.039804775,0.055337116,-0.08539385
0.020604404,0.25742063,-0.05455885,-0.04252832,-0.027582277,-0.11452327,0.22381447,-0.011010344,0.0016595011,-0.06475007,0.20628041
0.011365024,0.18633741,-0.076675,-0.016124576,0.06431257,0.047465723,-0.065248534,-0.032591864,-0.0059134997,-0.15180026,0.086388625
-0.039771393,0.018021977,0.08672603,0.06096861,-0.058556236,0.053861264,0.052701384,0.11452271,0.042520348,0.26169884,0.2796263
0.055605624,0.009127288,0.021285955,-0.013796793,0.03297937,0.04088592,0.079465374,-0.077789806,-0.00892986,-0.068090014,-0.06411586
-0.015743798,-0.11817931,-0.07968123,0.014416668,0.04015669,0.061852444,0.040251713,0.014184187,0.01151638,0.29670274,0.06919023
-0.031184178,0.0013309056,0.046189018,-0.15128307,-0.011781195,-0.056593105,0.12184038,-0.037992697,-0.011627285,-0.037850507,-0.316981
-0.170613,-0.017519569,0.056480777,-0.01603045,-0.1153335,-0.0681109,0.12248322,-0.016381333,-0.027071273,0.13971202,-0.27020156
-0.0130042415,0.23808339,0.0036880556,-0.03574477,-0.16580698,-0.006977427,0.026953705,0.02664668,0.061734106,0.1882963,0.2201897
-0.011824573,0.2125225,-0.05983377,0.018661682,-0.015768114,-0.00012933218,-0.0066342736,0.013030465,-0.042512875,0.33550358,0.06602205
0.060870707,0.16300017,0.006544869,0.025920877,0.031763036,-0.03831543,0.36595732,0.0014211999,0.13973945,-0.18222271,0.54948777
0.01462525,-0.091711216,-0.016829131,-0.007963946,0.013629641,0.023572627,-0.1377312,-0.01096881,0.027238732,-0.13392428,-0.31505957
0.023706177,0.10111662,-0.061778467,0.008911306,-0.025127765,0.02090964,-0.06972173,0.09270545,0.069332264,-0.14484188,0.55869204
-0.15706646,-0.0019165466,0.04673553,-0.054811273,0.006323091,-0.06977145,0.013592885,-0.010355576,-0.035322994,-0.09621625,-0.049767394
-0.04235426,0.36964318,-0.10150019,-0.008779331,-0.002714158,-0.052729506,0.14772165,0.005918134,-0.052971788,0.3294725,0.03685701
0.047362663,0.15582943,-0.023394987,0.033728138,-0.03685918,-0.019050123,0.24409547,0.00034246233,0.12094312,0.18941559,0.5587913
-0.028542126,0.21076049,-0.0732808,-0.009909059,0.032500926,-0.09601252,0.031265188,-0.060615312,-0.2512435,-0.12567666,-0.024955371
0.06624318,0.24060826,-0.005933258,0.26742974,0.029278511,-0.046457563,0.22162372,-0.011163851,-0.009062137,-0.11635634,0.62599045
0.012191773,0.03817557,0.029295484,0.0024918867,0.017884357,0.05094592,-0.09418545,-0.020942573,-0.022637798,-0.22401336,-0.26105124
0.011636239,-0.0309914,-0.01564084,0.0034117245,-0.045499414,0.04190672,-0.16823584,-0.071788356,0.036948245,-0.16006768,-0.28612444
0.051627863,0.23499988,0.10693689,0.06745228,0.10684157,-0.008437889,0.07823265,0.11901651,0.02308935,-0.2628771,0.29025227
-0.023662675,-0.026710812,-0.12013001,-0.09735289,-0.009104622,-0.14583291,-0.035256192,-0.009851826,0.11769427,-0.06318364,-0.09703035
-0.00243544,0.024255753,0.05866332,0.009926774,0.059944768,-0.04495516,0.15371007,-0.07247798,0.020686073,0.24346013,-0.013708787
-0.015755014,-0.3245928,-0.026525112,-0.0015435648,-0.0033102673,0.04415956,0.0395357,-0.062143024,0.05090296,-0.08306514,-0.08970173
-0.023147918,-0.04346521,0.0026696282,-0.009251245,-0.011025811,0.01652049,-0.24069914,0.07389442,-0.026003035,0.18826754,0.59909827
0.073355615,0.028841924,0.10224715,0.021310914,0.03751213,-0.12510261,0.15544015,-0.01512894,-0.028193291,-0.17737374,0.173101
0.09013802,0.34043935,0.090769365,0.05712771,0.08650824,-0.08908081,0.1294248,0.13937813,0.17052089,-0.19763887,0.2744268
-0.016699689,0.22005074,0.0475469,-0.12047998,-0.032427277,0.028157173,-0.09119002,0.0068974756,-0.03505388,-0.22041272,-0.29382393
0.062946826,0.107381426,0.06520609,0.011550217,-0.013447182,0.0020587158,0.049662594,-0.012384568,-0.01180559,-0.28500268,-0.29363117
0.013492233,0.3778973,-0.042956464,-0.04349586,0.021090083,0.06228431,0.049878042,0.03210333,0.09964403,-0.31954384,0.06792049
-0.0122204805,0.20231444,-0.008968826,-0.0025452776,0.0028749292,0.03632118,-0.078462966,0.006114539,-0.027096933,-0.22615035,-0.25579002
-0.045573752,0.1821197,0.08369113,0.0019822656,0.03158466,0.043099154,-0.02627596,0.032638825,0.0043050908,-0.23072632,-0.24001308
0.010431105,0.13960256,-0.048749804,-0.0007694224,0.079499334,0.015413078,-0.1005734,-0.034920756,0.013821591,-0.27720615,-0.3507128
0.07326561,-0.00047443635,0.07933476,-0.0037427705,0.0076957047,0.027324764,0.019734904,-0.011786994,-0.031297766,-0.03340604,-0.044239085
-0.11817937,-0.03567714,0.057600975,0.0060246256,0.12780143,-0.0807935,0.15639207,0.11009892,-0.10411189,-0.015552709,0.82964176
0.058806002,-0.0954401,0.16006465,-0.045671385,0.12230911,-0.058923457,0.24319196,0.06730546,0.16567184,-0.18625115,-0.19802862
-0.10730908,-0.11150207,0.042675547,0.035189383,-0.014633436,-0.11295226,0.08407819,0.19117036,0.020228807,-0.3805682,0.600672
0.08571425,0.03771894,0.12676041,-0.019178076,0.07422007,-0.088755906,0.19186108,0.12305748,-0.028192488,0.30474964,0.39520514
0.057616748,0.2680201,0.017390998,-0.039128423,0.12537816,0.10331684,0.028675662,0.048449315,0.006155364,0.33687413,0.15664908
0.035496034,0.25482202,0.032298427,-0.025701605,0.074174255,0.05552309,0.08065544,0.07247632,-0.0059618717,0.33467147,0.4983206
0.016288728,0.31103575,0.11054069,0.06784521,0.020740915,-0.09826762,0.17668751,0.18028404,-0.029752664,-0.26753265,0.6009772
0.012219103,0.03692952,-0.029462455,-0.12421457,-0.040490765,-0.04176543,-0.025877597,-0.037437633,0.039557446,-0.1744984,-0.04453509
0.035664055,0.25754622,0.062145278,-0.020575907,0.054402698,0.036769163,0.066580616,0.07149636,-0.0072972924,0.33635598,0.49682534
0.03706937,0.20682141,-0.023337593,0.077405296,-0.07025989,0.03486572,0.076141626,0.041101333,0.0924172,0.24221398,0.49329636
-0.02790888,-0.025599668,-0.017010663,0.009603784,-0.19781616,-0.036900457,-0.16076872,-0.044825397,0.041134987,0.13066173,0.03861709
0.054107912,0.3268043,-0.033849005,0.0668864,-0.0029022177,-0.043016143,0.18968187,0.081911154,0.104897454,-0.22697318,0.5750226
0.02061915,0.2558449,0.064793915,-0.010279636,0.03461263,0.0736806,0.1629389,-0.062461015,0.05851433,-0.21225756,0.005829653
0.07872106,-0.4024924,0.08165326,-0.042310234,-0.08307029,0.007160368,0.07010087,-0.0015100815,0.099556215,-0.30493334,-0.02874695
0.06378781,-0.19053322,0.09401977,-0.08283947,0.16891235,0.04906912,0.069423854,0.004157688,-0.00889946,-0.05704363,-0.044324692
0.12957636,-0.011485043,0.07854481,-0.002461618,-0.01789697,-0.13189258,0.015425623,0.09729582,0.15061179,-0.13119327,0.114191905
-0.023184463,0.116168745,-0.056701984,-0.04031061,0.027377035,0.038198285,0.06319844,-0.048563413,-0.0013056156,0.32874808,0.18354507
0.01038221,0.17329803,-0.045835283,-0.04076641,0.018355064,0.050520934,0.088549726,0.096016526,-0.021295521,0.35561922,0.62040645
0.0035126347,0.043701008,-0.034841165,-0.07348337,-0.03171869,0.10884589,-0.14449275,0.19010165,0.122518666,-0.27329397,0.53183043
-0.010937403,0.04015378,0.045915242,-0.0074996636,0.011553645,-0.0028332071,-0.02741905,-0.056602255,-0.11007563,-0.1008846,-0.052471492
-0.008802082,0.19324031,-0.048452657,0.00023894299,-0.038072806,-0.13639079,0.12993412,-0.012391762,0.11614767,-0.29187664,0.49607724
-0.020279178,0.02333912,0.050048027,-0.021388946,0.016849507,-0.19761741,-0.03396865,0.006211013,-0.025902465,-0.24426089,-0.05480582
0.040989105,0.23265302,-0.03858329,-0.003322062,-0.06518191,-0.1683168,0.15351622,0.08462644,-0.022697195,-0.22459221,0.5425271
0.10198127,0.058920942,0.1979365,0.041566305,0.04323909,0.14209072,0.28134233,0.0070944643,0.054717414,-0.10167109,0.063295156
0.036325626,-0.14987189,0.09108775,0.023693217,0.10080854,0.06131482,0.05982332,-0.017254917,0.034126103,-0.0033505417,0.025064249
0.061402675,0.23792651,0.028384753,0.022491476,0.032347668,0.024396533,-0.0024567205,0.05111311,-0.07227063,-0.2866345,0.45501074
-0.09476614,-0.14744422,0.035074756,-0.0024444708,0.04171059,0.033625,-0.053403415,0.012973141,-0.09450372,-0.3464058,0.4662888
0.019918928,0.20571385,-0.02235348,0.023270806,0.005773853,0.06171133,-0.08714719,-0.021769676,-0.045049127,-0.11641429,-0.04849031
0.061217222,0.02623341,0.14871618,0.00059988815,0.16462848,0.05319395,0.20325635,0.097740784,0.016837778,-0.18666643,0.42714715
0.069849856,0.06781396,0.17079002,0.06869566,0.17176396,0.07531702,0.27698058,0.10216647,0.06288645,-0.06678444,0.02738066
0.057150476,-0.2740937,0.02996467,-0.013492039,0.046522122,-0.105727576,0.018565215,0.037047345,-0.0014053162,-0.25946122,-0.21538846
0.04641799,0.044383995,0.08429346,-0.005426171,0.046726435,0.053606696,0.08571582,-0.012152357,0.015332381,-0.049873732,0.014340867
0.026301667,-0.091304556,0.101421736,0.031335786,0.015537532,0.041555256,-0.009340811,-0.019442756,0.097509824,-0.20553754,-0.19195572
0.05205726,0.22721153,0.09014563,0.0356573,0.066235214,-0.031752855,0.18675907,0.066813484,0.08727126,0.23513064,0.090206325
0.07251976,0.27013567,0.08238352,0.012784723,0.07375429,-0.009796444,0.061582435,0.08129014,0.11328278,-0.13447808,0.5213408
-0.015769819,-0.32347086,0.08948403,0.017506393,-0.030707229,0.022477241,-0.044694073,0.03802034,-0.0012010138,-0.102767594,-0.27616516
0.013780722,0.06226039,-0.012091912,0.11466477,0.06795773,-0.023090102,0.03913319,0.030183695,0.073628165,0.34885657,0.7039256
0.0051862225,-0.0126317805,-0.059628498,-0.029349852,0.050312098,0.041143198,0.061851464,-0.034032892,0.013182989,0.24161889,0.056160517
0.0106314225,-0.5520187,-0.018573029,0.033323277,0.011144291,0.038985565,0.07178008,-0.08477367,-0.14693639,0.11877343,-0.03708333
-0.01565265,0.027844891,-0.024716875,0.023810001,0.021092484,0.074105255,0.08032599,0.0038112698,-0.023113929,0.030534426,-0.17890179
0.04176808,0.18212825,-0.030102655,0.2738074,0.0004882183,0.057733174,0.11374688,0.01308605,0.010009842,0.36040977,0.083794
-0.043368507,0.119429514,0.043307815,-0.04469949,-0.07126273,0.012878277,-0.06376159,0.13548572,-0.022715138,-0.11216567,0.412784
-0.022861036,0.03575252,0.052112173,-0.07603097,-0.0014519098,0.058994275,0.02341831,0.09730901,0.029460888,-0.12631238,0.24703276
0.024126492,-0.14858468,0.089648515,0.026681209,-0.0135212075,0.07557814,0.0154327145,-0.027157675,0.020678908,-0.066209905,0.13070038
-0.026494393,0.023323847,0.053094998,-0.00018388439,0.0032390065,-0.023944173,-0.054465022,-0.06666441,-0.13169882,0.021780735,-0.030549016
-0.014816146,-0.028275676,0.056489825,0.03570929,0.020588484,-0.06841963,0.080528714,-0.04073133,-0.02281103,0.21145909,0.021457808
-0.01040289,-0.00035928038,0.008657763,0.009632802,0.063082024,-0.06641658,0.12709327,-0.03872966,-0.00868467,0.26885772,0.09643568
-0.012376082,-0.06584066,-0.048471875,-0.1545492,-0.1961718,0.022611419,-0.0049346155,-0.026604038,0.027534563,0.18702468,-0.37486628
-0.19374506,-0.085235484,-0.013182283,0.0101129925,-0.007242759,0.025101453,-0.06795025,0.109574124,-0.09294689,-0.40142292,0.42048576
0.010887209,0.23059693,-0.061870325,0.0014494632,0.034756243,-0.016249396,0.06295218,0.09937593,-0.051047172,0.38634807,0.5922277
0.05593669,-0.10860693,-0.0030831767,0.026544532,0.109365515,-0.004015477,-0.02271742,-0.013951687,0.03987544,-0.011720317,-0.21316801
0.10727154,0.019702252,0.060393494,0.028328426,0.006747943,-0.1375522,0.29991204,0.024088487,0.13474967,-0.05189167,0.66129756
0.007544127,0.008262204,-0.0107560735,-0.057602935,-0.06858828,0.00044484157,-0.10448919,-0.1027795,0.023901261,-0.11145126,-0.27080223
0.030700983,0.027554918,-0.042192023,0.021862721,0.17911069,0.094700806,-0.040823568,-0.031890158,0.050031647,0.29274693,0.67235637
0.04728517,0.27368522,-0.100542665,0.043326385,0.02105189,-0.08416017,0.090219006,-0.103612006,0.12714863,0.21879424,-0.09240987
0.06359798,0.14735085,-0.008810978,0.044357825,0.08169032,-0.0026135233,0.19164242,0.18,0.1418259,0.3356751,0.744514
0.04638587,0.16762471,-0.06429989,-0.012038459,-0.06133855,-0.058355123,0.16918164,-0.014752312,-0.013509169,0.053702056,0.19666766
0.005800667,0.20394485,-0.09914408,-0.0014017916,0.02491129,-0.042815335,0.13838786,-0.06189131,0.09794463,-0.09765298,0.49197713
0.0550295,-0.18278158,0.02013059,0.012896756,-0.017233653,-0.14756042,0.20452018,0.117448956,-0.01359698,-0.2589613,0.5078215
0.08791919,-0.06171759,0.08761982,0.037917852,0.074552335,-0.05036311,0.04730675,-0.029003842,0.0020317114,-0.041817565,-0.009272733
-0.045116022,0.008103865,0.051715266,0.02703296,0.022615056,0.045857072,0.063077204,0.08958173,-0.023344291,0.38693178,0.63574547
0.029426398,0.4521169,0.06995956,-0.038757253,0.071284495,-0.0754013,0.21319072,-0.018769577,0.14286338,0.37650624,0.10554781
0.054490082,-0.09893131,-0.017447926,4.514391e-05,0.028865919,-0.023304867,-0.05715576,-0.0499197,0.0010072752,-0.06748549,0.09625606
0.03582599,0.35317147,-0.03749936,-0.025474466,0.06152224,0.043712616,0.05523996,0.108953774,0.06637792,0.3959341,0.16946839
0.009272602,-0.06891904,-0.004379088,0.053122275,-0.07703998,0.017337013,-0.09537303,0.007819611,0.03080585,-0.037606597,-0.31007266
0.030576024,0.19520326,-0.008998766,0.026957095,0.061136317,0.037921224,-0.07758674,0.062305637,-0.014857228,-0.059728213,-0.18670365
0.057189573,-0.07642999,-0.0076805986,0.0049552456,0.038526017,0.06536477,0.03793332,0.015579509,0.020888453,-0.13084936,0.094983935
0.04192957,0.43340716,0.06912294,0.0083709955,0.05339251,0.14579426,-0.10978945,-0.024712464,-0.010677468,0.31473503,-0.034181062
-0.052942,0.2747999,-0.07349099,-0.051918976,0.03039665,-0.1355328,0.033530492,0.042495765,0.12857294,0.23712932,0.20141591
0.009220565,0.19435322,-0.19440052,0.018304422,-0.008961469,-0.17746753,-0.017293291,-0.0858617,-0.031665415,-0.2597701,-0.042613484
0.07107315,0.31067485,0.072552085,0.110265315,-0.02526502,0.18711448,-0.12129003,0.17876497,0.09911599,-0.082345806,0.578382
-0.0003911075,0.33016467,-0.045722026,-0.0032367748,-0.076839685,-0.16818102,0.116197646,0.11371295,0.11810532,-0.34633377,0.38288274
0.07107315,0.31067485,0.072552085,0.110265315,-0.02526502,0.18711448,-0.12129003,0.17876497,0.09911599,-0.082345806,0.578382
0.031080447,0.16722724,0.08045771,0.03432025,0.011986004,0.028712615,-0.10625279,0.08367463,0.002222218,-0.014250202,-0.19035819
0.020810321,0.01798377,-0.07020787,0.018740013,0.0032048994,0.060371585,-0.13341075,-0.061995074,-0.012111057,0.2128719,0.5577816
-0.037644684,-0.0074615753,0.025319979,0.013907597,0.004133563,0.028459853,-0.0796554,0.0019865592,0.0015890946,-0.20432916,-0.27451837
0.02274832,0.24247693,0.0051094,0.09415636,-0.032695822,-0.1502351,0.27032852,0.040054157,-0.041922197,0.20890169,0.48941165
0.006458057,-0.0102981925,-0.09374723,-0.048994765,0.02014444,0.059213746,0.082404256,0.05581721,-0.046494916,0.18963881,0.13840885
0.100511305,0.08168139,0.100576915,0.02766771,0.09108494,0.036996365,0.073452525,0.044475354,0.15845805,0.35294417,-0.087012894
0.14721711,0.32408044,0.14680333,0.04432725,0.121956296,0.25929344,-0.03021931,0.15996356,0.32289252,0.054089233,0.61678267
0.06966534,0.21131986,-0.07527796,-0.012883013,0.064578906,-0.013439265,0.14317589,-0.022330865,-0.012795062,-0.11699366,0.20223458
0.009749,0.059464123,0.017657671,0.0031835444,0.01841723,0.02798513,0.16867825,0.061058514,-0.02395967,-0.09879973,0.32385817
0.01958444,0.27243453,0.0063615157,-0.03524287,0.05778637,0.02183935,0.075759634,-0.030524302,0.014660234,0.3593235,0.4773855
-0.06800181,-0.08182272,0.056357574,0.19432454,-0.0015927254,0.048713583,0.22104248,0.0143764075,0.04462681,-0.32895887,0.13478625
0.0128844455,0.12285184,-0.049436435,0.0057880986,0.009005717,-0.05165301,-0.00050248025,-0.11223063,0.062419284,-0.38413665,-0.01096471
0.03851486,0.046022628,0.00064234337,-0.13572168,0.030411806,-0.07460661,0.08815605,0.039298523,0.037487086,-0.25303552,-0.29210892
0.06697075,0.3085154,-0.030101169,-0.040033005,-0.08683857,-0.011710856,0.14407986,0.08290002,0.12705147,0.2540193,0.60519487
-0.013293707,0.17580126,-0.05001672,-0.034233987,0.026171956,-0.028462565,0.024762968,0.011832432,-0.0048325323,0.1777633,0.48276612
0.03466063,0.02600907,-0.0924057,-0.019514818,0.0023796964,0.028431283,0.0096868165,0.017420888,-0.003963451,-0.069615334,0.41474468
-0.14474323,0.041081436,0.016448174,0.054479465,0.031950597,0.06692354,0.07718607,0.05907317,-0.030851549,-0.2433189,0.14019415
0.030081883,-0.0009392863,0.045608107,-0.025895296,0.018962322,0.0154867945,0.013725,0.022341471,-0.038674507,0.054082483,0.4972758
-0.10479304,-0.0551174,-0.054988176,-0.024971006,-0.11228087,0.013600712,-0.06936812,0.007665299,-0.058097783,-0.23176344,0.34755972
0.019191485,0.1147099,-0.089335255,-0.002984586,0.025768323,-0.037315886,0.13914876,0.013284689,0.1010601,-0.27321193,0.5011021
0.035628386,0.2734187,-0.046385482,-0.023299996,0.019385736,-0.007399187,0.07934823,0.068483114,-0.022679575,0.38105157,0.5125394
0.054317873,-0.23851435,0.10311196,-0.00076713023,-0.015148021,-0.11983051,0.02312786,0.051708892,-0.01166872,-0.3351854,-0.17895661
0.015870152,-0.06314759,-0.03439798,0.019445833,-0.13231987,-0.003205575,-0.098262586,-0.01324735,0.07207134,0.23365144,0.14425129
0.047165364,0.060066674,0.059431307,-0.079055004,0.0023122202,-0.06164828,0.12940769,-0.005291488,0.0724611,0.09353746,-0.030896433
0.02402513,0.10577901,-0.0019398481,0.01845165,0.1746847,0.06494763,-0.02577328,0.09890671,0.00690305,0.09984391,0.5925205
0.015375791,0.28174055,-0.09170679,-0.09402202,-0.008403263,-0.06013375,0.08749511,0.081743926,-0.039929762,0.25447223,0.058542315
0.042299967,0.33692086,0.024128165,-0.011838364,0.0064106835,-0.060033813,0.273005,-0.0018865205,0.08187391,-0.075439185,-0.25161698
-0.056067258,0.073402494,-0.021171784,-0.15119743,-0.01713821,0.060782235,-0.11089146,0.18045628,-0.063551374,0.04906571,0.49244663
0.015386339,-0.13562222,0.044884123,0.015623447,0.13987556,0.08104147,0.053174492,-0.060575645,-0.012948882,-0.074680075,0.25585216
0.013812036,0.101360455,0.028865384,-0.030163981,0.04313184,0.057712253,0.04022245,0.15180403,0.0019850372,-0.35609832,0.370482
-0.25817975,-0.11906143,0.034254555,-0.02873072,-0.021858674,-0.13063198,0.043003116,0.11479414,-0.079763815,-0.33074856,0.43551219
0.1143466,0.0775675,0.08695526,0.03963029,0.06351418,0.011746012,0.20122181,0.29328117,0.1018863,0.42582026,0.7597887
-0.058831964,0.01998782,0.048564274,0.0552369,0.0807859,0.034496225,0.034100264,0.045572296,-0.019664567,-0.2510273,0.48869792
-0.079263546,-0.0075157736,0.022071077,-0.048659608,0.0537677,0.04637882,0.021569092,0.18452829,-0.005226956,-0.32916224,0.53765124
0.026393298,0.10731497,0.008959096,-0.0019416438,0.0027652706,0.020634659,0.070611194,0.013058448,0.03144136,0.14164133,0.15339288
-0.24603306,-0.07370636,0.015378798,-0.021219308,-0.038944926,-0.32617784,-0.050772563,-0.046608593,-0.45942444,-0.10459803,0.2568544
0.03522908,0.3486319,0.07734386,0.08920643,0.013743943,0.048750605,0.045481812,0.10066661,0.09994707,-0.09435292,0.26988026
-0.15810286,0.2638821,-0.057966385,0.05516991,0.025131388,-0.12726787,0.15272464,0.19141944,-0.05245207,-0.32814905,0.42322898
-0.074729495,-0.111854985,0.03907874,-0.0064554797,-0.008044432,0.03584083,-0.016684908,0.020061478,-0.03937984,-0.09618132,0.37335032
0.04050529,-0.0012106254,0.008093246,-0.01561661,0.016424293,-0.05631987,-0.27391472,-0.02073933,0.08549818,0.09092674,-0.09096749
0.031332985,0.012769807,0.0049697603,-0.016779609,0.14753036,0.019614212,-0.13823554,-0.07284005,0.0815537,0.19005539,0.03974191
0.038827658,-0.0017097506,0.07918287,0.027530404,0.0026009383,-0.128122,0.18170893,-0.054985315,0.102951415,0.006923369,0.0018380797
-0.154215,0.09994904,-0.035665113,0.022328174,0.028068041,0.108152226,-0.19341286,0.050993558,-0.03987482,-0.25819108,-0.21039529
0.04713201,0.22499017,0.06192722,0.030136118,0.04756415,0.03686766,0.050534904,0.08112281,-0.045048695,0.38585618,0.5589201
0.062367156,0.045515437,0.06245856,0.2256852,0.08932433,0.062207595,0.28433564,0.03700085,0.021675719,0.24048524,0.17796394
0.007622899,0.26826996,0.06988698,0.048385985,0.047586866,-0.07224743,0.16455978,0.06316615,-0.018797794,0.31909958,0.47568983
0.03303755,0.21886769,-0.07334488,0.0060266554,-0.032101016,0.009323034,-0.09056448,0.10214599,-0.08072285,-0.14788844,0.39111033
-0.021831464,0.0023568743,-0.03783766,-0.049780115,0.031354155,-0.04960227,0.104862854,-0.08345406,0.091743104,0.31259406,0.22482456
-0.0032726754,0.002021945,0.027866518,-0.022640862,-0.07606615,0.015905298,-0.15642352,-0.09056143,0.0074290144,-0.049433455,-0.29086563
0.029801628,0.04656828,-0.010419252,0.03113307,0.03670736,0.042154115,-0.061349038,-0.032676548,0.0054181037,0.03272796,-0.19818524
0.0103822425,0.12857406,0.07058287,0.040470727,0.022808738,0.00724,-0.084863044,0.0009994693,-0.005017414,0.11157564,-0.2064915
0.021539342,0.13454555,0.010592906,0.01796759,0.010246049,0.004999201,-0.1931714,-0.061257977,-0.021035075,0.24155913,0.05115944
-0.008128794,-0.026009597,0.020734582,0.036750466,-0.04832731,-0.09339281,0.12611464,0.044656686,0.014608526,0.19576797,0.17840894
-0.035284664,0.21864377,0.08540864,0.009638436,0.06974851,0.062051844,0.059586182,0.024861809,-0.19078913,0.3307702,-0.1013416
0.003378202,0.15767743,-0.060562193,0.013054064,-0.00888676,0.044440575,-0.1313028,-0.0538583,-0.06644632,-0.100327015,-0.066990614
0.015963677,0.13414322,-0.042539075,0.034134276,0.051215645,0.037363093,-0.040851098,0.0072978865,-0.049668573,0.26935774,-0.07380723
0.08945691,-0.002831337,0.10713949,0.012857019,-0.05283498,0.0032172545,0.093123734,0.016486274,-0.006680926,0.19313644,-0.21435195
0.104397014,0.10573721,0.021457562,0.18383157,0.055176683,-0.059745044,0.16563413,-0.00085115276,0.16795099,-0.29185042,0.644141
0.071370125,0.11645499,-0.07270897,-0.026083339,0.05610768,-0.014734602,0.026298191,0.027725633,-0.059760813,0.07561369,0.43550068
0.027113615,0.22286311,-0.03828697,-0.032730855,0.001921462,-0.083820514,0.17560907,-0.0367081,0.108390026,-0.35273838,0.48052397
0.029208798,0.23951828,0.057961054,-0.012361485,-0.0029168348,-0.06835484,0.20215169,0.0824608,-0.01641919,0.377777,0.64227486
-0.110156685,-0.0343449,-0.06298076,0.01243813,-0.014665457,0.070729,-0.12313444,0.037703156,-0.020392176,0.06695768,0.44951746
-0.0073136794,-0.06347042,-0.07038561,-0.013209773,-0.06230228,-0.024091125,-0.008487313,-0.007556429,0.029593823,-0.18183266,-0.16251574
-0.0011488625,0.003232479,0.010733221,-0.042419046,0.0660449,0.028973823,0.0339639,-0.05317622,0.07174319,0.1300614,0.095028706
-0.05722488,0.0034418395,0.052805267,0.018705636,-0.09950297,0.091091685,-0.042376738,0.06787071,-0.09580596,0.11760819,0.27084365
0.05696114,0.13548577,-0.0011723388,0.08940528,0.035384785,0.14471415,-0.085684575,0.055843722,-0.018280018,0.30721265,0.54539853
-0.036404274,0.031681877,0.0445681,-0.008490513,0.044436254,0.06777268,-0.13469374,0.32624823,0.0003912238,0.38291055,0.6534606
-0.027772138,0.03922216,-0.007907498,0.012791322,0.040107574,0.038496025,-0.06446321,-0.05114574,-0.026462482,0.25973168,0.086553894
-0.0061107427,-0.01864928,-0.06091826,-0.041722704,-0.18540691,-0.00030525192,0.012812971,-0.0005056558,0.043279484,0.11754421,0.10277045
0.04503613,0.28928053,-0.016547494,0.0036934975,0.051534425,-0.0071644373,0.065473184,0.053934943,0.08776223,0.326535,0.117483936
0.012315138,-0.022730038,-0.051723324,-0.08012578,0.024513008,0.04694736,0.087114766,0.040833842,0.077172436,0.30511722,-0.041603204
0.007040617,0.21904337,-0.05050274,-0.007613614,0.043214418,0.051812507,0.17607163,0.11375664,0.080996744,0.23307158,0.48837778
-0.008637615,-0.23130651,-0.048543032,-0.0010576807,0.0061261677,-0.025716739,0.0073528187,-0.015876804,-0.008216708,0.15590632,-0.06893269
-0.007206978,-0.032036502,-0.0748991,0.0036586781,-0.16984813,0.012840124,0.013402537,-0.02238344,-0.007536917,0.1698356,-0.3307408
-0.03988917,-0.016630195,-0.07415212,-0.02083991,-0.20940787,-0.006236714,-0.12395866,-0.069374286,0.083596855,0.11163946,-0.049932245
0.027012205,0.2390515,0.0036668703,0.021820046,0.030571925,-0.013685395,-0.032500047,0.038741898,-0.0044027753,0.3577003,0.5670739
-0.07254247,0.22305816,-0.043023836,-0.023303445,-0.012212051,-0.04762241,-0.036276035,0.061718833,0.090062365,-0.27913225,0.36872694
0.050890822,0.033529393,-0.034440003,0.015473166,0.06316499,-0.14973126,0.12646738,0.060449403,0.010860357,-0.075351685,0.33081546
-0.011121044,0.2647049,0.112382896,-0.057421863,0.046268094,-0.07626896,0.14843494,-0.004710814,0.119655944,0.15401737,-0.014354912
0.010425,-0.009076423,0.055837654,0.00011962813,0.008566012,0.0010768382,0.015782991,0.056623653,-0.0028258103,0.20133601,0.12388632
-0.00081597787,0.02568834,-0.070426226,-0.06783421,0.048002545,-0.12824284,0.11493937,-0.053506054,-0.06057826,0.28100362,0.59654653
0.016841065,0.204148,0.08136152,0.031279672,0.032966103,-0.022212528,-0.09042562,-0.031648643,-0.010228402,-0.026015135,-0.18246888
-0.09508845,-0.07244035,0.027068924,0.012545599,0.010533761,0.08413616,-0.029327357,0.042228874,-0.13438185,0.17168882,0.4045904
-0.077749714,-0.5184966,-0.08967547,-0.17770761,-0.014431237,0.02230149,-0.006955726,-0.053873137,-0.114172585,-0.36599302,0.091205746
0.052067146,-0.04452387,0.081036635,0.03682912,-0.07142395,-0.077985145,0.2201313,0.14038818,0.016574752,0.16278835,0.67565066
-0.08713515,-0.4638881,-0.03934523,-0.021914411,0.011744155,0.04626791,-0.107419185,0.10711837,-0.24291313,0.19254972,0.11776637
0.0029008293,0.26124093,0.0075706597,0.022124633,0.012910747,0.026061209,0.015571139,-0.047118083,-0.029923584,0.3198051,0.05353024
-0.005073643,0.065318935,-0.08620579,-0.06184631,-0.01658622,-0.13596004,0.08790692,0.05871628,0.09974253,-0.48787183,0.19390075
0.036857404,0.12189479,-0.048400853,0.020720392,0.00086311245,0.06052918,-0.07130929,-0.018973209,-0.054957233,0.29029644,0.03465561
-0.026826605,-0.1125306,0.03536118,-0.13707234,-0.029691797,0.05069604,-0.05770114,-0.059997983,-0.023837768,-0.03460929,-0.3400253
-0.060100727,-0.10993533,-0.052942853,0.00041881806,-0.021088727,0.002435365,-0.43825394,0.011969395,-0.040668797,0.14087132,-0.024828937
0.02047382,0.055885818,0.067188434,-0.003831056,0.063560694,-0.063140996,0.006976358,0.08754607,0.0032912495,-0.41159862,0.509687
-0.07683457,-0.20542762,-0.079947434,-0.100759,0.02359763,-0.16492897,0.023470689,-0.023302155,-0.105865024,-0.46557218,0.6124404
0.017551878,-0.5748277,-0.06301557,0.013878968,-0.016027842,-0.13958117,0.048210707,0.0036399502,-0.040836558,-0.38345164,-0.28246513
0.07016515,0.11858639,-0.037443347,0.015999038,0.046423014,-0.04984752,0.003336778,-0.022341548,-0.039416835,-0.35989967,0.605935
-0.033839993,-0.24783766,0.005754271,0.10592744,0.01846624,-0.12676436,-0.03519763,0.07464208,-0.15233164,-0.30487907,0.09826801
0.0558451,0.22057272,0.017444493,0.022475775,0.077096865,0.010152156,0.04808057,0.10836177,-0.050885696,0.31451008,0.49823755
-0.036833193,-0.24635673,0.005734358,0.106643364,0.01904113,-0.132122,-0.035064876,0.074490964,-0.15235539,-0.3045112,0.09359563
0.012575637,-0.049477268,0.07180771,0.008479212,-0.0143896155,0.04992934,-0.04962795,0.032449692,0.068685435,0.013445615,-0.23719235
-0.04600199,0.10279397,0.0011120497,0.022712832,0.029807676,0.033122256,0.022312462,-0.047526263,0.06845912,-0.008307021,-0.17684922
0.07822419,0.006689889,-0.0060723927,0.03174905,0.009808032,0.024540793,-0.071903154,0.094823554,0.049478523,-0.03665207,-0.18653312
0.10824462,-0.017896269,0.016475186,-0.109291285,0.0114354985,-0.0747094,0.20973517,0.16580151,0.102111906,-0.13485585,-0.14973138
0.011307832,0.30921772,-0.05705051,0.004762842,0.020084452,0.02865137,-0.18655238,0.05783786,0.045132864,0.15268545,0.09789814
0.10597039,0.34254935,0.105362065,0.038102496,0.05234561,-0.08066175,0.28503603,0.1825036,0.01415691,-0.17882681,0.19733763
0.034679145,0.076060034,0.061561927,0.03990132,0.051662423,-0.05034669,0.23341973,0.087782286,-0.0007471619,0.301445,0.6491527
-0.010708383,-0.06582881,0.0043798657,0.09960869,-0.08876145,0.0023497688,-0.07375433,0.029850261,0.005555803,-0.08156532,-0.3131246
0.045080103,0.29632437,-0.03494213,-0.011324474,0.03581759,0.002014152,0.048397303,0.07973996,-0.06725034,0.39387414,0.062374223
-0.032152284,-0.13562928,-0.05952908,-0.007461017,-0.21264532,0.0071893292,-0.09897124,-0.053126257,-0.048804592,0.16064805,-0.09470068
-0.06666014,0.18244511,-0.021882156,-0.002805832,0.0513391,0.072468095,0.11563252,0.13434313,-0.009217743,0.39276454,0.1889249
-0.024127383,-0.06359813,0.1179019,-0.0036623878,0.0041731163,0.0061129727,0.20038113,0.08483428,0.030038645,-0.025654366,-0.010019133
-0.05428367,0.04711603,0.034720365,-0.0023303507,0.0028739732,0.020868706,-0.06834711,-0.08485667,-0.0028332535,-0.036363855,-0.30244306
-0.007329877,0.18281491,-0.04979151,-0.015177428,0.035609476,-0.104412325,0.1383114,-0.03070911,0.1100589,0.28683698,-0.0077554644
0.027276387,0.32756484,-0.041688975,0.013093765,0.0041795075,-0.042467963,0.20165324,-0.016734939,0.17763124,-0.32597074,-0.057738904
0.004101646,0.2795321,-0.06015569,-0.02484752,0.028387439,0.01668005,0.026212921,0.082972765,0.024220604,-0.2114823,0.2519776
0.042203486,-0.0094355345,0.08326778,0.02550784,0.045914695,-0.002792749,-0.08144878,0.036669604,-0.006151149,0.17703182,-0.23636481
-0.010823325,0.14032964,0.002664609,0.019617995,-0.048789356,0.024526177,-0.182358,0.0394928,0.0627414,0.16358502,0.39105472
0.0024399338,0.12914224,0.08719522,-0.010214093,0.029061606,-0.016736314,0.08384236,-0.045199897,0.07340516,0.24790376,0.04485227
0.018198509,0.11048908,-0.058770284,-0.1506374,0.070422046,-0.025662448,-0.047199868,0.06908453,0.048126277,0.314428,0.12233541
-0.029105088,0.20170224,-0.064475924,0.013357469,-0.24643847,0.026478095,0.0036015261,0.0021014565,-0.028350405,0.26610026,0.32223666
0.055953834,0.05285399,0.0050277635,0.022522075,0.0286954,0.06544086,0.025490256,0.06316168,0.022991667,-0.18804008,-0.23151281
-0.017519273,0.17747925,-0.053223252,-0.05217602,0.04407801,-0.028704152,0.023549238,-0.08178954,0.06815451,0.3200184,0.4376677
0.007501299,0.13214362,-0.111463286,0.015617501,0.014048315,0.0001552099,0.079227,-0.043445244,0.014217599,0.354724,-0.07964799
-0.009908071,-0.01851055,-0.003310065,-0.0006188176,0.06351085,0.040392876,-0.07131799,0.0070364005,-0.0009804995,-0.2357096,-0.28620958
0.027283411,-0.02550661,-0.0064751185,-0.028269524,-0.029982504,0.002952353,-0.04958719,-0.00058764976,0.031750277,-0.27002504,-0.32772982
-0.023237487,-0.042844296,-0.03996692,-0.035173353,-0.14609599,-0.01902203,0.03462527,-0.063687734,-0.0061652693,0.19579414,-0.29025072
-0.02311634,0.06990725,-0.020064406,0.06631972,0.039249666,0.061055362,-0.02573155,0.31788567,-0.1416323,0.35099512,0.7093504
0.008954916,0.036325548,0.0064712116,-0.0123718865,0.009033532,0.02461362,-0.12652148,-0.029865725,-0.019587277,0.015770417,-0.19887534
0.002461592,-0.009141888,0.03942721,-0.025406582,0.01773991,0.0067271586,-0.16893797,0.051719103,-0.054148693,0.17807594,0.4435743
0.014042738,-0.14898124,0.04611367,-0.045816872,-0.036262788,0.0709758,-0.13021256,-0.04151824,-0.05962938,-0.0595185,0.0947512
-0.12914975,-0.03990023,-0.046216276,-0.04737466,-0.06538432,-0.011465216,-0.05139037,-0.0932038,0.0025072747,-0.3658126,-0.3957668
0.03698996,-0.1768332,0.07077514,-0.011652954,0.050851304,0.034315232,0.11211017,0.14286038,-0.051494125,-0.48980212,0.583715
-0.23213692,0.10467639,-0.028953472,-0.15819083,-0.19532137,-0.20571513,-0.34794027,-0.20837481,-0.046004117,-0.27393425,0.09830582
0.08575219,0.03460765,0.113742255,0.01936511,-0.0039888676,-0.04831011,0.18858439,-0.001688085,-0.009362625,0.05431462,-0.26925486
0.029522562,-0.26414227,-0.0138982525,0.022887764,-0.032714207,0.01315592,-0.03925849,-0.14903687,-0.05831868,-0.437947,-0.27513987
-0.19869916,-0.19319448,-0.010587275,-0.36707026,-0.15682958,-0.05510872,-0.097149864,0.036578,-0.08268683,-0.38636017,0.24369559
0.01235951,-0.08860165,-0.035561334,0.004941022,0.008577584,0.04332356,-0.0626123,0.03441336,0.017666757,-0.24733597,-0.3391707
-0.0017782003,0.16902968,-0.012658567,0.012312642,0.006310568,-0.05681306,-0.107515566,-0.014436167,0.018178575,-0.056453455,-0.19696017
0.0030546193,0.09751245,-0.06433235,-0.02249249,-0.04865107,0.036787182,-0.03172774,0.06615148,0.08417291,-0.14980467,0.475947
0.00488111,0.0005851737,-0.0111690415,-0.00075378385,0.034078866,-0.042575877,-0.15906458,-0.009337839,-0.020814084,-0.031009864,-0.18863767
-0.14688784,0.35628778,-0.007746549,0.1717646,-0.021912936,0.14891504,-0.17532095,0.020442598,-0.016884489,-0.088133,0.021027071
0.014611389,-0.036804806,-0.054217406,-0.005278635,0.029875234,0.04090484,0.06821821,-0.061561722,-0.18097748,0.17427835,-0.0009974991
0.020430733,-0.18099858,0.009129224,0.014267601,-0.019714491,0.038599223,-0.028356183,0.0415301,0.019567091,-0.29367226,-0.06643258
-0.01854695,0.038900316,0.027034154,-0.020345991,-0.01665732,0.037067555,0.056718193,0.08954641,-0.031347122,0.32490835,0.060758702
0.008722169,-0.0011469745,0.09277157,0.022970952,-0.0027211697,0.0408188,0.04594022,0.08325165,-0.025130207,-0.05863202,0.0072087063
0.016848562,-0.0109266415,0.032003615,0.0008551231,-0.019888416,-0.02769205,-0.09177701,-0.037627727,-0.027345646,-0.014698259,-0.2072414
-0.007107712,-0.1719782,0.06846434,0.014352745,-0.057376187,-0.10944856,0.06054122,0.004872465,-0.05824099,-0.0827934,-0.19488819
0.08831534,-0.1765331,0.061388966,-0.15518187,0.0016775861,-0.112989254,0.07605748,-0.0016161312,-0.0448522,-0.089647874,-0.21038789
0.05506663,-0.21995787,0.013320893,-0.01160112,0.0020764424,0.01642921,0.060453344,-0.06592285,-0.04614926,0.19894667,0.004245454
-0.1487398,-0.10715726,0.057020582,0.03133113,-0.023424722,0.004562337,-0.012341361,0.05910623,0.019079547,-0.4240564,-0.040835425
0.015817724,-0.037850976,-0.037981287,0.013335874,0.0028333522,0.04440514,-0.055685416,0.03790323,0.013234122,-0.2732044,-0.34423232
-0.0141977435,-0.014461277,-0.022900857,0.055431716,0.07551963,0.037953407,-0.15874527,-0.049592,0.012074533,0.21291822,-0.0035852878
-0.0063422206,-0.029743329,0.09967879,-0.004436319,-0.095990814,0.050256275,0.05320283,0.039726473,-0.054818757,-0.026950827,0.22143428
-0.01627318,-0.118966065,-0.0014420263,0.0047530415,-0.11174312,0.0026000838,-0.09497741,-0.018635334,0.0089422455,0.14785227,-0.37748927
-0.10611467,-0.929522,-0.01729812,-0.0069313785,-0.011277716,0.031390663,-0.008066461,0.062421087,-0.16440335,-0.2781553,-0.005278291
0.014148961,-0.011780466,-0.0057467776,0.016021825,-0.012195263,0.028407242,-0.10532413,-0.01859475,0.017886372,-0.08419864,-0.22893558
-0.0021327361,-0.3013204,-0.0062245885,-0.014438414,-0.01691915,0.025412308,-0.054887522,-0.14100604,-0.0473274,-0.45969748,-0.28503004
-0.0010847093,0.117866196,0.04548158,0.018856013,0.035478283,-0.05168433,-0.1105649,0.10666388,-0.09760138,0.2306152,0.44489157
0.03828284,0.03328647,0.059130177,0.025403656,-0.02043763,0.05663859,0.052180324,-0.006634243,-0.023830246,-0.039696883,-0.02063224
-0.036639478,0.0219317,-0.08584409,-0.011878455,-0.004518729,0.08365967,0.15174158,-0.01337345,0.003877479,0.25132415,0.21296816
0.028112499,0.08609141,0.0951686,0.010587476,0.03553608,0.03537656,-0.050935593,0.0629644,0.07161872,-0.1333582,-0.16102965
0.0330838,0.062387478,0.1220919,0.08978292,0.11120957,0.06483061,0.04057545,0.41492775,-0.0065814806,0.42233178,0.70120955
-0.08490248,0.023931907,-0.029524297,-0.08666197,-0.030622538,-0.028455101,-0.1678522,0.20858523,-0.14275087,0.29510197,0.56362593
0.021327544,0.023464473,-0.033270158,-0.06010938,-0.032074686,0.07938589,-0.07629165,0.056745786,-0.0547259,-0.17013937,0.4291351
-0.13361207,-0.009998754,0.034039516,0.022486854,0.0017361488,0.020043023,-0.026027488,0.014771569,-0.12659992,-0.2706088,0.11334828
0.023991676,-0.03325372,-0.04038609,0.0059378063,-0.002004112,0.029953523,-0.05613623,0.046002448,0.016716408,-0.30878863,-0.33207533
0.0952986,-0.00023190324,0.072413206,-0.002658908,-0.06340894,0.04740658,0.014368271,0.08888909,0.08509302,-0.23069867,0.17067005
0.081979945,-0.14440845,0.010835903,0.027058555,0.012085759,0.06020446,-0.03487317,0.085791856,0.08045043,-0.08079959,-0.17089204
-0.02695828,0.010675533,-0.07695842,-0.16633299,-0.36846384,-0.3025706,0.12672217,-0.17020266,-0.05920213,-0.4452765,0.26302245
-0.0052631525,-0.10136405,0.08955509,0.013025978,0.047255687,-0.039757542,0.20829771,0.016835554,0.017035449,0.00946425,-0.22112973
0.05666277,0.39594144,0.08273536,0.071541406,0.053003322,-0.10014729,0.26612982,0.13170433,0.14906132,-0.18574531,0.41634193
0.012940257,-0.017189637,-0.023220817,0.01938309,0.0057894457,-0.008177589,-0.052199297,-0.01932609,-0.036733657,0.052212603,-0.00934812
0.058530312,-0.22618397,0.056861825,-0.021647755,0.032926515,-0.00424925,0.039764304,-0.025561212,0.013055483,0.20901996,0.02974805
0.036067843,-0.10080007,-0.010405762,0.019720173,0.05582319,0.04320049,-0.064679764,0.009084305,0.0142288655,0.018692272,-0.029014934
-0.0016548405,0.04002511,-0.044042,-0.001056321,-0.0074928845,0.042645205,0.016199589,0.061947417,-0.050188754,-0.25932804,-0.064082325
-0.0809463,0.15446678,-0.0927064,0.019729031,0.01607126,0.0090352865,-0.07665586,-0.048234016,0.051920086,-0.3266085,0.013104944
0.033235833,0.080229715,-0.046412818,-0.00905233,-0.0059239278,0.033160258,0.036569353,0.077111386,-0.0022537985,-0.2738481,0.49594593
0.06391801,-0.09319226,-0.048660025,-0.07683517,-0.10621769,-0.19239645,-0.051433872,0.09753267,0.0989909,-0.5760752,0.3477833
-0.02833455,-0.076194935,0.04560607,-0.07969316,-0.05627286,0.0059815645,-0.43814895,-0.019551244,-0.013923719,0.09884832,-0.054562904
0.045045543,-0.17990653,0.0383922,0.0050994535,-0.06869949,-0.13615373,0.046072397,0.018354814,-0.019306948,-0.08745987,-0.06712463
0.041691735,-0.11242731,0.08430303,-0.004131551,-0.013652424,0.010479837,-0.11985503,-0.055145554,-0.008594635,0.22354041,0.03401565
-0.105626315,0.1430069,-0.010839355,0.018679487,-0.023949465,0.018520605,0.056884557,0.027448457,-0.16164151,0.081897505,0.4040216
0.021349207,-0.37037456,-0.01301055,0.0029497433,0.004095843,-0.1353812,-0.0037615409,0.0001369344,-0.029513434,-0.35805508,-0.27311715
-0.09356158,-0.07952122,0.0139045,-0.10541679,0.09184554,0.06178527,-0.015188859,-0.0058029657,0.03132251,-0.27457285,-0.24450205
0.043046553,0.0345259,0.021714684,-0.024549965,0.049865097,0.04066414,0.07948977,0.05252408,0.004521555,-0.17172286,0.417596
-0.18601444,-0.056485612,0.07764529,-0.025403908,0.08523061,0.033099134,0.1181555,0.15772876,-0.01755597,-0.2974912,0.49520022
-0.012344209,-0.82416713,-0.0063006454,-0.06573767,-0.21715969,-0.19125372,-0.15211897,0.012373126,-0.21924625,-0.5476281,-0.24367258
-0.11810056,-0.07617628,0.04383865,0.0071738954,0.026129907,0.044744384,0.0045698625,0.0909879,-0.094705775,-0.19214554,0.5953715
-0.031376936,-0.15788972,0.0031754873,-0.0064191115,-0.08437933,0.02842036,-0.059248246,0.00031352125,-0.09632022,0.1970198,0.6007319
0.0136855785,0.17341283,0.067231834,-0.04995368,0.024560714,-0.11280671,0.12387738,-0.1060128,-0.021763235,0.22143322,0.17217194
0.0023766328,0.22471869,-0.075894594,0.014241752,0.00034078944,-0.06756173,-0.1829887,0.033927523,-0.055627074,-0.01258718,0.1381583
0.029455125,-0.119280465,-0.007858398,0.022769162,-0.030067684,0.0335961,-0.061957806,0.022663254,0.030821325,-0.27200472,-0.32961962
0.020234223,-0.074304245,-0.03087341,0.029880978,-0.01641795,0.02762947,-0.02649483,-0.035568845,-0.019000597,-0.12057301,-0.1717562
-0.0013784893,-0.15192121,0.007005309,-0.00083034934,0.017032396,0.0337875,-0.11255734,-0.09376048,-0.010243579,-0.05833113,-0.10823852
-0.060523193,-0.20792203,0.0049226405,-0.23607253,-0.03800382,0.02767625,-0.009556494,0.0006383934,-0.07098786,-0.425576,-0.041876797
0.0006408549,-0.07981742,0.060245354,-0.16473332,-0.024349632,-0.009853652,-0.07634774,-0.020315267,-0.02027089,-0.043365955,-0.33212963
-0.11087334,0.032674167,0.03165906,-0.051075608,0.045002475,0.052195564,0.05449922,0.08764201,0.019203922,-0.17018528,0.44007447
0.07211602,-0.5359235,0.014986326,0.02008698,0.017289205,0.03322214,0.019394103,0.0056015025,-0.011438627,-0.35056287,0.021466324
0.017651403,0.24517645,0.009835586,0.021065142,0.051879384,0.039252263,-0.07238607,-0.00517078,-0.035690267,-0.14137512,-0.03144747
0.01748014,0.2496128,0.01090246,0.039286066,0.0423787,0.029091021,-0.07756704,0.030163225,-0.029887421,-0.15931976,-0.0337239
0.040805377,-0.051882453,-0.024371749,0.021875063,0.07572232,0.060082473,-0.026106201,-0.013885477,-0.006859858,-0.022827966,-0.16279326
-0.08536592,-0.09794884,0.0394033,-0.067542806,0.041340664,0.06870541,-0.025456619,0.16424212,-0.11463944,-0.19366576,0.64855176
-0.01574246,0.011217349,-0.06459029,-0.060893644,0.11177405,-0.011901694,-0.01041986,-0.06928843,0.045292184,0.20467572,0.53881437
0.05416325,-0.06025287,0.13551928,0.051469125,-0.0687739,0.027729493,-0.07248544,0.0023355475,0.24579065,0.24286497,-0.30992407
-0.007860241,-0.1381165,0.02142529,-0.024232877,0.08428578,-0.012857976,-0.19930023,-0.08878306,-0.0027102216,0.06515239,-0.11299575
-0.082394905,-0.099829674,0.04006078,-0.05676544,0.03881918,0.06976758,-0.023647089,0.16377002,-0.11515002,-0.19266479,0.64874697
-0.015972188,0.22757775,-0.12361464,0.028930234,-0.10866622,-0.07356667,0.08448233,-0.016445097,0.05988181,-0.2610701,0.22343284
0.02749662,0.29394314,0.022387767,0.04474309,0.08863376,0.035763834,-0.11155977,0.10887728,0.051628936,0.32748735,0.120818466
-0.04092784,-0.004591845,-0.061558332,0.02700058,0.022112403,0.06240141,0.061332647,0.058448806,-0.04463212,-0.06302431,0.0600311
-0.09819361,0.02944874,0.059848256,0.016321253,0.005899587,0.060106896,0.01697676,0.012726304,-0.010969654,-0.28825605,-0.2888153
0.033365164,-0.014185136,-0.019312266,0.011487934,0.082575634,0.058040746,-0.015426528,-0.0046550883,-0.011522781,-0.067626245,-0.14430179
0.042478643,-0.22260094,0.024475006,-0.00585858,-0.060193487,0.05935986,-0.031178057,0.039266095,0.0049336096,-0.21483752,-0.29157585
0.029454999,0.16760147,0.10057054,0.032833155,0.02358129,-0.014977292,0.0562478,0.011602416,0.091132805,-0.31918347,-0.12948619
0.0066505796,-0.14257364,0.0045480337,-0.0191027,0.007854795,0.026193159,-0.03734384,-0.058583558,0.057488646,-0.25749728,-0.24967612
0.031921655,-0.23134357,0.062263682,-0.0057632807,0.015205826,-0.13808051,0.027089305,0.03679825,-0.047360063,-0.38517815,-0.1118948
-0.056594368,-0.031984277,0.073176004,0.023935195,0.0012393816,0.014359438,-0.003113295,0.036830083,-0.041878596,0.06123292,0.5377366
-0.1627372,0.060503647,0.04742022,-0.08914298,0.0777071,0.08118931,0.04269938,0.08675263,-0.02692553,-0.37297797,-0.1989062
0.046928957,0.066192545,0.12951262,0.039359905,0.041273735,0.083113365,0.09741771,0.025220666,-0.003119392,-0.1794118,0.030584425
0.06493148,0.0762131,0.118694805,0.035169177,0.041633625,0.055853415,0.087620765,0.0104505615,-0.018626312,-0.3064747,0.010384782
-0.041793313,0.025191253,-0.08451959,-0.012332182,0.015036283,-0.018962046,-0.004927641,-0.02861111,0.047917847,-0.33212018,-0.04227062
0.028871177,0.05212181,-0.041503068,0.009892803,0.08456508,-0.0022828302,0.06807847,-0.027832577,0.05609031,-0.19579497,-0.014830958
-0.18787354,-0.02959924,0.051144343,0.0098637985,-0.044367656,-0.24333453,-0.0057723424,0.08928612,-0.11854663,-0.26716474,0.12820964
0.030036379,-0.12632,0.0070792567,0.015379822,0.0076691117,-0.066945784,0.07582407,0.02592315,-0.011995685,-0.37800273,-0.2061598
-0.053769354,0.0033405588,0.051780477,-0.041156556,-0.011026558,0.04092564,-0.0137630915,0.029119689,-0.05080039,-0.36907315,0.07258387
0.012409718,-0.045706905,-0.028623456,-0.012817107,-0.036154047,0.053117085,-0.08309627,-0.036321044,-0.019097244,-0.15477344,-0.082032956
0.059298877,-0.053250536,0.10009959,0.017357191,0.06529342,-0.024278907,-0.033405777,0.079082616,0.016813556,-0.35871705,0.43636
0.038764767,-0.07252935,0.0025996868,0.008744264,0.0041893693,0.026626106,-0.048583735,-0.029339919,-0.025347088,-0.35060307,-0.044663
0.028764741,0.0011381357,0.04107428,0.026016565,0.0076712333,-0.0421976,0.06574762,-0.018002158,-0.010112966,-0.36589572,-0.0694783
-0.1918785,0.24799836,-0.065229565,0.015951905,0.017553806,-0.06761112,0.047487136,0.072663374,-0.05426817,-0.47525334,-0.05171
-0.19231904,0.23072486,-0.06383304,0.01954469,0.02243348,-0.085500635,0.033285014,0.07317469,-0.053734418,-0.47463965,-0.06499888
0.024981588,0.06502495,-0.035022065,0.037711732,0.021562448,0.008636536,-0.068338804,-0.04714676,-0.00051767303,-0.034262117,0.047705784
0.017791318,-0.06717794,0.0646591,0.055779207,-0.06285439,0.013582361,-0.103179865,-0.040804386,0.00024996433,-0.16287744,-0.21313438
0.041313913,0.018631645,-0.049840488,-0.08526632,0.09419481,-0.01276537,0.07376348,0.008638494,0.036173772,0.2319415,-0.043286607
-0.019474419,0.013090102,0.031066844,-0.0050625866,-0.121879734,0.0060055824,0.012467061,-0.066388704,0.07253129,-0.21678454,-0.061266057
-0.0027829004,-0.24782623,0.048112474,0.03239797,0.10759599,0.035278175,-0.0744947,-0.03342889,-0.015260386,-0.18172558,-0.08926772
0.04011799,-0.21125297,-0.030762058,-0.024059093,-0.04061038,-0.03301991,-0.07288345,-0.04368039,-0.043543488,-0.27166402,-0.21666822
0.06621446,-0.031709958,0.11435596,0.034572084,0.021873765,0.0067829387,0.047863994,0.056983516,-0.049450975,-0.2715233,0.4369067
0.06394336,0.026367364,0.061438214,-0.004138649,-0.08164441,-0.00052065763,-0.01800358,-0.047556978,-0.02311105,-0.0040092105,-0.23198383
0.02390254,-0.16698684,0.03824464,0.007983079,0.08812082,-0.013938176,0.006508713,-0.09731586,0.07360137,-0.28049856,-0.18932137
-0.01549437,-0.013971836,0.044051763,0.01870961,0.031094817,0.011988994,-0.25510377,-8.101085e-05,0.06370054,0.18283638,0.007504458
0.0626865,-0.14446346,0.052727506,0.000734739,0.02843076,0.06577381,-0.003543364,0.00956797,0.012733076,-0.16799629,-0.17419943
-0.17408688,-0.15354991,0.02215949,-0.11385294,-0.020431513,-0.20919718,-0.13849519,0.06356181,-0.047472775,-0.4882491,-0.14924635
0.020085286,-0.14547308,-0.034458574,0.011405286,-0.09348568,0.0025911815,-0.11649909,-0.021518858,0.01764446,0.16525036,-0.35756758
0.026830498,-0.07920247,-0.04977275,-0.011916276,-0.21765354,-0.12994991,0.1374039,0.06459232,0.09374545,0.1923322,0.52213407
0.034398377,-0.10683163,-0.02291805,-0.016833032,-0.05194773,0.039564017,-0.018221077,0.020137811,0.04782965,-0.19421461,-0.3007808
-0.11266745,-0.36384088,-0.017916625,-0.40580457,-0.46019366,-0.004094256,-0.049402423,-0.028693147,-0.024454782,-0.383901,-0.3471044
0.023698322,-0.034097854,-0.04370058,0.0023357354,0.016252004,0.038996425,-0.15014628,-0.020955777,-0.015284067,-0.23762193,-0.1180361
0.02242525,-0.3344392,-0.02032812,-0.09845909,-0.033124734,-0.025057675,0.03595084,0.10374042,0.069206394,-0.37215537,-0.051322132
-0.04344266,0.047299296,-0.028367536,0.010918555,0.08683341,0.059790682,-0.09265989,-0.00840371,-0.03936691,-0.06276393,0.54660064
0.04492585,0.07661575,0.0914192,-0.0035963838,0.0292141,0.019045841,0.080204025,-0.015523396,-0.011006318,-0.2648573,-0.08332493
0.037182096,0.033805043,0.10027716,-0.009449289,0.001954846,0.032224018,0.07767021,-0.020830704,-0.0060248696,-0.05564553,0.09331092
-0.032675162,-0.21863247,0.059829444,0.024320833,0.012101905,-0.09359133,0.015238614,0.026483912,-0.032712497,-0.40087426,-0.21779591
0.049813807,-0.04413292,-0.033274062,-0.00415651,-0.023433901,0.00882343,-0.11943534,-0.042893276,-0.031046195,-0.19720493,-0.13238406
-0.010073616,-0.10833787,0.04655363,0.01639126,-0.04591511,0.030154334,-0.041384928,-0.011606203,0.021279337,-0.18424302,-0.23671
0.050385457,-0.10766886,-0.015671687,-0.015814327,0.005642477,0.0381771,-0.048938688,0.021721184,0.032916583,-0.21113981,-0.32837993
0.03964576,-0.054224852,0.07495136,0.007631993,-0.058624256,-0.023480728,0.014675423,-0.010646934,0.0016790056,-0.071317434,-0.23282106
-0.19024517,-0.15339774,0.033910267,0.027784344,0.036098514,-0.04144202,-0.032707963,-0.05822697,-0.006660438,0.18577321,-0.10185761
-0.08618149,0.007834671,0.061639614,0.012428146,-0.03486435,0.0349271,-0.22564618,0.025403297,0.015290933,-0.09224138,-0.22068925
-0.13799192,0.04791602,0.021906799,0.02153175,-0.010752544,0.046662837,0.04365106,0.08760582,-0.05306505,-0.16690086,0.4966278
0.06518332,-0.116214514,-0.06292432,0.01668319,0.12306893,-0.11044962,0.06079632,-0.047458146,-0.037848756,-0.15938796,-0.09299713
-0.03444179,-0.112932935,0.016772402,-0.2501414,0.031006947,-0.0922673,0.08944106,0.121004336,0.056874484,-0.2567339,-0.18660866
0.049283374,0.032391284,-0.047020394,-0.012275916,0.016462227,0.031264596,-0.050143775,-0.04560496,-0.022720128,-0.25274166,-0.053433284
-0.08654106,-0.014834726,0.04648882,-0.054380316,-0.0010922677,0.019451281,-0.05436991,0.021928728,-0.0033722976,-0.18452854,-0.26683488
0.027213838,-0.16042918,0.08170687,-0.11126969,0.15889773,-0.0064266557,0.11613863,-0.03784057,0.053934895,0.18735649,-0.25963897
0.022010326,-0.22264543,0.078493565,-0.15595278,-0.00022251709,-0.08669058,0.11813247,-0.051203895,0.03843687,0.19419865,-0.27819782
0.017453285,-0.037354052,-0.044295482,0.0030939702,-0.0134452535,0.046216507,-0.1308754,-0.018080166,-0.030502325,-0.22090109,-0.12224904
0.0072058933,0.04328531,0.10045138,0.023595016,0.07967016,0.08268029,0.09240747,0.015656853,0.00865229,-0.0066033257,-0.035578817
0.051955942,-0.20099588,0.055032704,-0.009797565,-0.0016432694,0.0030304012,0.071691245,-0.002402974,0.0050043,0.2842018,0.07598539
0.05693577,-0.1344102,-0.026107626,-0.0057657715,-0.033739585,0.03810026,-0.18923886,-0.057497215,0.041733526,-0.1512462,-0.15161225
0.018287793,0.2527351,-0.08557637,-0.012266493,-0.124606945,-0.057481103,0.0879142,-0.12592968,-0.067147836,0.36224496,0.3292999
0.12685515,0.46089408,0.13276058,0.075455524,0.14118055,0.029687375,0.2505821,0.0151314065,0.1955701,0.45037973,0.07728325
0.061925866,0.044235993,-0.02508115,0.01317131,0.06349264,0.05079937,0.0046352483,0.036326528,-0.05407812,-0.07325428,0.08463215
0.05808522,0.30171084,0.10883207,0.003995139,0.060267158,0.049402315,0.10334653,0.08583022,-0.043404356,0.33799723,0.24956542
-0.019714251,0.2820166,0.048863105,-0.04124417,0.018207248,-0.037127063,0.048713375,-0.023440136,0.08050735,0.29411858,0.057679977
-0.14165778,0.007858837,0.04273202,0.0036704456,0.058926888,0.053321697,-0.029693488,0.074289285,-0.049053952,0.19294469,0.09997942
0.04321417,0.2717779,0.012735604,-0.0033648915,-0.014536767,0.13622405,-0.05319296,0.072649844,0.00090855354,0.24647646,0.5119598
0.0076779136,-0.30333492,0.04650264,0.06462225,0.039650872,-0.11640922,0.103354275,0.12951423,-0.07393547,-0.33348987,0.6489116
-0.061712045,-0.040237837,-0.017180836,0.062553644,0.04425046,-0.02853127,0.117019095,-0.038353305,-0.105151504,0.23919888,0.055392686
-0.05192378,-0.05115862,-0.07843774,0.01511483,-0.13078779,-0.00012680906,-0.1766015,-0.04995719,-0.014968527,0.14165738,-0.1100464
-0.023672953,0.22013721,-0.23960589,-0.0728016,0.008611792,-0.0846077,0.09290723,-0.06983799,0.04633452,0.15734448,-0.41220108
-0.22909538,-0.061435256,0.039611988,-0.1347113,0.057733692,-0.03634532,0.06906406,-0.019055218,-0.13947584,0.1737744,-0.30143747
0.049718272,0.15742499,0.04239453,0.01597103,0.051953893,0.014312197,0.07493122,0.07169291,-0.011624288,0.338541,0.5144136
0.0784095,0.029824518,0.04277745,-0.12539034,0.0041020494,-0.105289444,0.08614484,0.046617646,0.024825579,-0.3603145,-0.15895477
0.04252149,-0.083224356,-0.022102937,0.00062445784,0.009386582,0.050916485,-0.19666408,-0.035750546,0.0017661925,-0.1906769,-0.13222203
0.0044929613,0.12260029,0.04408987,-0.13587773,0.0046330425,0.009704318,-0.10021248,-0.029739235,-0.0005911339,-0.075909354,-0.27217224
-0.012089968,0.00063219055,0.05452155,-0.0067635626,0.021687021,0.02588357,-0.08371784,-0.019439308,-0.03854159,0.21620637,0.24054772
-0.17986329,-0.042609833,-0.00028282875,-0.22109765,-0.36721456,0.009852653,0.014535518,-0.039274205,-0.26835984,0.07517934,-0.107524306
-0.026589455,0.31391305,0.019082766,-0.05092088,0.047531497,-0.016754067,0.05279412,0.006217284,-0.015519614,0.21589835,-0.32993966
0.011569152,0.08279459,-0.007675146,0.025249561,-0.052952796,0.004047144,-0.16119346,-0.034880526,-0.041849207,0.16468267,0.44740635
0.026133664,0.019678323,0.016362512,0.008409824,0.016180184,-0.09747285,0.0024480787,-0.108965844,-0.0093648145,-0.22053763,0.124070965
0.04415183,-0.0782488,0.09577697,4.871066e-05,-0.04295363,-0.008790571,-0.11529924,-0.04360473,0.0014100166,-0.01993232,0.0011581304
-0.017107833,-0.059104484,-0.0920015,-0.027251678,-0.14441831,0.05158708,-0.1954374,-0.09464581,-0.046418548,0.13419402,0.105619386
0.010197982,0.011584712,-0.054344438,0.007161939,-0.016741049,0.035729587,-0.0530015,-0.040565103,-0.05211724,-0.09614295,-0.022579854
0.026289778,0.07239599,0.08855434,0.0006216479,-0.001237563,0.06561965,-0.092895836,0.010763609,0.0066419994,-0.10843356,-0.07800415
-0.15742493,-0.055129547,0.01738652,-0.06733814,-0.04857033,-0.17962964,0.08054749,0.10630736,-0.08634724,0.30432472,0.5263414
-0.10473471,0.25454935,0.08892982,0.03373826,0.04847991,0.058559403,0.124191985,0.0631804,0.018617436,0.36656308,-0.037349697
0.09390841,0.018505456,0.013968157,0.21940833,-0.045178764,0.16109432,-0.12009236,-0.0443805,0.024182428,0.2244672,-0.35014144
0.034917116,0.1026837,0.008649501,-0.11479287,-0.12277218,-0.04616986,-0.15926243,-0.07381421,0.0133270575,0.07377123,-0.39798558
-0.003572758,-0.37483045,0.034171566,-0.046255376,0.011336677,0.07317371,0.062961236,-0.001318475,-0.05501113,-0.25879943,-0.06601455
-0.020112041,-0.047773797,0.072417974,0.081310205,-0.0010272154,-0.15576372,-0.048139915,-0.019220402,-0.046999734,-0.3693268,-0.06847228
0.0063772723,-0.09023647,0.06907685,0.020115271,-0.015658261,0.070450425,-0.13192563,-0.007960707,0.0050513432,0.17371053,0.100332595
0.10854469,0.26278317,0.06995448,-0.00499559,0.082182966,0.04379832,0.11725238,0.13457681,0.14668642,0.2850022,0.29202738
0.016005041,-0.06411965,0.0447644,0.19297934,0.12806799,0.06907864,-0.042470336,0.018062696,0.071369365,-0.119786635,-0.19729064
-0.046031807,-0.14194089,0.030284874,-0.006932237,0.008118954,0.036692955,0.08371977,-0.05984358,-0.024273092,0.19380859,-0.27456093
-0.015311062,-0.067959875,-0.11088893,0.023390992,-0.06628808,-0.08493815,-0.0482417,0.04210837,-0.06297858,-0.384578,0.37729225
0.0063772723,-0.09023647,0.06907685,0.020115271,-0.015658261,0.070450425,-0.13192563,-0.007960707,0.0050513432,0.17371053,0.100332595
0.015612364,-0.06412528,0.0455314,0.19308081,0.12857957,0.066937275,-0.04090319,0.020241506,0.07608206,-0.12003413,-0.20035554
-0.06427982,-0.2291431,0.002376433,-0.005445605,-0.023120763,0.018262992,0.049788117,-0.04666627,-0.03486852,0.19730914,-0.31333855
-0.047888566,-0.030661294,0.03404935,-9.297772e-06,-0.0035868357,0.011230762,-0.09178899,0.007900194,-0.032698326,0.1383515,-0.3282668
0.12440046,0.2492276,0.15737878,0.0053267367,0.06941906,0.06579456,0.13619997,0.14846921,0.14691077,0.3452412,0.27075437
0.07580494,0.32081825,-0.026402123,0.065485366,-0.114001915,0.0121221645,0.22933613,0.017330999,0.017536364,0.28583196,0.051353116
-0.06546392,-0.02627642,0.077632524,0.0013089264,0.079590455,0.11462718,-0.058874544,0.07996917,0.0008829838,0.2987279,0.6095977
0.0018136108,0.018176736,0.014813468,0.029998608,-0.024184253,-0.005570856,-0.107049674,-0.016082034,-0.02023127,-0.053502828,-0.33741954
0.093846224,-0.0542224,-0.09251357,-0.03829408,0.019636067,-0.022097997,0.064282924,-0.020725086,0.08576185,0.28112197,0.047064193
-0.01911142,-0.19178945,0.06541275,-0.024254605,0.08503459,0.036792062,0.16356032,0.12376779,-0.09990998,-0.028529163,0.09604198
-0.13450086,0.063557565,0.041014947,0.06377097,0.042005155,0.116657816,0.008316921,0.22780982,0.0017081657,-0.2521993,0.09610911
-0.030617468,0.2573443,-0.099108,5.2391093e-05,-0.06341489,-0.047839593,-0.005979818,-0.060008526,-0.08335301,-0.15920147,-0.029729422
0.059903234,0.13679716,0.06376353,0.05279875,-0.031199038,-0.047417786,0.17784503,0.10174628,-0.007456859,0.29801443,0.46946573
-0.058393594,0.053292897,0.041361433,0.028057268,0.11893421,0.08879485,-0.073286586,-0.012042247,-0.02386508,0.16578865,0.02019818
-0.21164061,-0.35293576,-0.01616726,-0.005199966,-0.0024009955,-0.1789727,-0.15343902,-0.02792495,-0.27732876,-0.137439,-0.19153467
-0.02388661,-0.058779184,0.06260408,0.034885824,-0.012530144,0.06142078,0.07943781,0.022582106,-0.012326083,-0.10185905,0.0035804561
-0.008359278,-0.05094266,0.09223139,0.036460448,-0.0014387919,0.061967388,0.028858358,0.046709936,0.000718852,-0.23263325,0.10087089
-0.038259916,-0.047057953,0.06610208,-0.0036556735,0.04603672,0.013632064,-0.1017801,-0.026858797,-0.03238662,0.082226224,-0.29556438
0.047137603,0.05241206,0.053632986,-0.007617036,0.16532081,0.10312913,-0.07799056,0.059092678,-0.0043346165,0.15609692,-0.020679021
-0.08514555,-0.78147477,0.0070563788,0.03264673,-0.06969164,0.021360943,0.048547138,-0.03481584,-0.09247044,-0.30505285,-0.19572817
-0.0654374,-0.7875228,-0.16834794,-0.037103236,-0.08127712,0.014484902,-0.12470262,-0.14430411,-0.031293858,-0.22299647,-0.3053387
0.037968248,-0.22005177,0.028658856,-0.08734528,-0.004392148,-0.028737536,0.009050341,-0.002904511,0.20679058,-0.29642823,-0.2141139
-0.07408583,-0.18235596,-0.039546967,-0.15481932,-0.030383946,-0.06681629,0.062567055,0.017409,-0.085535645,-0.50481665,0.4802138
0.010866335,0.18851149,-0.1373748,-0.0012285854,0.006415708,-0.000116920084,0.04583699,-0.019906498,-0.0628459,0.2410007,0.10540512
-0.15554783,-0.04415229,0.029988756,0.05954591,-0.005087548,0.0439776,-0.010559315,0.050056126,-0.0442449,-0.25886342,-0.006569602
0.0031805395,-0.03422575,-0.07828608,0.14186929,-0.13667823,0.042166635,-0.15140575,-0.10420193,-0.008325763,0.19638096,-0.42735875
-0.02122251,-0.011579092,0.04585477,0.007006464,0.009341384,0.06809638,-0.036831673,0.33720762,-0.012225305,0.38047305,0.638943
-0.02122251,-0.011579092,0.04585477,0.007006464,0.009341384,0.06809638,-0.036831673,0.33720762,-0.012225305,0.38047305,0.638943
-0.11858606,-0.6550367,-0.13795318,-0.115584455,-0.020512244,-0.21287665,-0.036543254,-0.17560425,-0.08754006,-0.5118756,-0.12585106
-0.017837755,0.17924538,-0.23355126,-0.0164167,-0.21808814,-0.03214454,0.034121674,-0.08342733,-0.14471175,0.14309746,0.05179559
-0.24269846,-0.15937643,-0.023588734,-0.1672308,-0.026475213,-0.15107308,-0.09348987,0.08719778,-0.47025424,-0.10098937,-0.20341553
-0.018402265,-0.08528068,-0.15385024,-0.05312065,-0.12677227,-0.24635859,-0.08966685,-0.088516384,-0.06712102,-0.25876665,-0.14094818
0.011930959,0.19997337,-0.09967149,-0.11210538,-0.08281734,-0.10261945,0.10203877,-0.02021855,-0.06462397,-0.19067544,0.0403484
-0.060139317,-0.57329375,-0.062307253,-0.05040516,0.0072137597,-0.24166551,-0.044201747,-0.02937823,-0.16096869,0.04237468,-0.08408907
0.0056655104,-0.15562047,0.08857641,-0.004856226,-0.0012872864,-0.0034537422,0.038607284,-0.019425023,-0.006270927,-0.15720515,-0.17943573
-0.019229256,-0.18998776,-0.03513207,-0.0076009315,-0.019302834,-0.013150793,-0.008238334,0.0110620195,-0.034825515,-0.08328914,-0.050072473
-0.2215061,-0.16316065,0.008386785,-0.009208084,0.0052380846,-0.03874199,0.09249593,0.07600487,-0.113021776,0.15925725,0.064493805
-0.1603276,0.036052015,-0.025882164,0.045051977,-0.07793842,-0.21553862,0.01640246,0.10179065,-0.26980427,-0.23839426,0.11230746
-0.1374802,-0.041157518,0.05942924,-0.012030642,0.0066931676,-0.16930054,0.09608171,0.107849404,-0.0050901086,0.35716462,0.13275325
0.02742927,0.16400856,-0.053307902,0.03949554,-0.09491451,-0.051417362,0.07165342,0.084409885,-0.04443074,-0.298099,0.4128435
-0.21832438,-0.10327299,-0.006570411,-0.030317279,-0.079922296,-0.16619647,0.030859703,0.058933053,-0.1529168,-0.33378932,0.32451466
0.029000495,0.045796804,-0.031553365,0.016087875,0.020847652,0.008037509,-0.29489195,-0.06914758,-0.0098159155,0.010004282,-0.20945169
-0.07022791,0.34843206,0.053091045,-0.005078135,0.087730184,0.06906416,0.1192381,0.18413597,-0.012771006,0.30519873,-0.016368998
-0.028608875,0.0083696395,0.04963243,0.0067214267,-0.01646951,0.043777995,0.089726456,0.07508867,0.00382156,0.23292004,0.06141159
0.015206352,-0.1247371,0.05631126,0.042986993,-0.03465604,-0.10600912,0.10380611,0.08159003,-0.022506975,-0.049172763,0.3615812
0.007836591,-0.19445877,0.010896647,0.09925874,-0.005118047,-0.043616097,0.004444521,0.080228955,-0.08364187,-0.14942113,0.08937545
0.026331125,-0.2019488,-0.02033407,-0.16564743,0.0010585957,0.0034893143,0.14084406,0.07955625,-0.003456836,-0.18526338,-0.27536935
0.042873725,-0.11819457,0.0034479522,-0.051547788,0.023818228,0.028757071,-0.037688922,-0.010249129,0.02829391,-0.1740898,-0.26896524
0.019448178,-0.022757556,0.051916696,0.035157774,0.0036889545,0.037108466,-0.105199166,-0.027048627,0.00052998913,-0.12138322,-0.17286177
-0.10321722,0.009560009,0.05298138,0.04701821,0.03866507,-0.08473197,0.112808436,0.0431006,-0.118303314,0.29254413,-0.0063271536
0.066622235,0.1858376,-0.07634999,0.01758163,-0.033421382,-0.14680845,0.12679058,0.016545435,-0.032302618,-0.2273294,0.21167102
-0.17398445,-0.3828814,-0.020343797,-0.021321693,-0.013935846,-0.16912511,-0.16432822,-0.048173163,-0.3251505,-0.12756146,-0.38106936
-0.0065658665,-0.13883403,-0.006832976,-0.0033449102,0.0237835,-0.100276865,0.07144993,0.021485504,-0.094410546,0.25412017,0.09827548
0.02207813,0.25297755,-0.18057099,-0.028486943,0.04439393,0.027773999,0.06969315,-0.07419516,-0.06396364,0.2683173,0.05441422
0.00045653674,-0.10938169,-0.105392136,0.0047491603,0.0009514472,-0.05990501,-0.0030734066,0.041908428,-0.08113988,0.17367415,0.00030878943
-0.017249798,0.239099,-0.0009912765,0.010616349,0.049541045,-0.013761561,0.007654942,-0.0030570843,0.024986386,0.26679882,-0.259458
-0.013793872,-0.23130216,-0.01972868,-0.007821306,-0.0023101051,-0.0025840588,0.04571289,-0.069615364,-0.013389838,0.12359135,-0.2664851
-0.077693515,-0.14358772,0.023332722,0.003857119,0.07213293,0.06510532,0.15936328,0.04951954,-0.08142058,0.15376589,-0.0038642087
-0.08124539,0.010835342,0.0521516,0.029677855,0.012263913,0.06342808,-0.0751231,0.13252975,0.010452618,-0.03822887,0.047489416
0.020432945,-0.070511304,0.042733397,0.03438687,0.05736839,0.06887951,-0.05483515,0.06064767,0.098775834,0.1887815,-0.22202308
0.020432945,-0.070511304,0.042733397,0.03438687,0.05736839,0.06887951,-0.05483515,0.06064767,0.098775834,0.1887815,-0.22202308
-0.19101875,0.17844015,-0.06602698,0.007271261,-0.00688066,-0.0052028624,-0.13959768,-0.091672964,-0.05007847,0.16362303,0.056660444
-0.08925501,-0.010899822,0.06405957,-0.005765684,0.09184332,0.020677842,0.03985583,0.09492864,-0.035649043,0.25857896,-0.05951332
0.013211049,-0.042948015,-0.08235128,-0.024194174,-0.077639416,-0.04869472,0.012563547,-0.032921772,-0.007627048,-0.028991906,-0.026990695
-0.09809477,-0.13994797,0.042240236,-0.024943259,-0.06294615,0.042597085,0.018085532,0.0029309485,-0.06892607,-0.08318385,-0.06480351
-0.07033472,0.008744311,-0.04856783,0.00566205,-0.03425719,-0.029250665,-0.04923164,-0.052748624,-0.05786745,-0.4626338,-0.44885412
-0.02210922,0.0091273235,-0.03890078,-0.0023101987,-0.004548285,0.014836213,-0.05842665,-0.0024881691,-0.02362592,-0.033623546,-0.015690556
-0.0925154,0.11045763,-0.021606907,-0.010516044,0.023200026,0.029363496,-0.002717256,0.07128368,-0.03843203,0.25207177,-0.041084733
-0.10437955,0.034872912,0.05656697,-0.011927852,0.04008002,0.04877418,0.091188096,0.014395472,-0.01468718,0.012251704,-0.25204128
-0.020858092,-0.020686688,0.06272095,-0.0050659557,0.041583005,0.038242996,0.060003575,0.023049816,-0.008897809,0.12156654,-0.2599687
-0.0083645,0.032693796,0.04852597,0.02807832,0.014020417,0.04807746,0.09784363,0.057062272,-0.0009364576,0.13942057,0.13160542
0.03352616,0.30996722,-0.0836362,-0.015462564,0.048972674,0.015537694,-0.10437014,-0.009000889,-0.0032527696,0.060385607,-0.046957467
0.015847186,-0.12683341,0.076617435,0.0047233985,0.06370004,0.11943318,-0.031148119,-0.020635597,0.007387881,-0.039932895,-0.031932767
-0.07195202,-0.012632115,0.039819904,-0.016266402,0.06582962,-0.012114843,0.14093451,0.11866876,-0.012243449,0.23902336,0.23301022
-0.21863447,-0.23031534,0.03612928,0.0063047614,-0.032249156,0.055550486,0.04925648,-0.048344392,-0.16719328,0.11193906,-0.09247339
0.05070068,0.032283895,0.033327825,-0.008878555,0.036956325,0.071899846,0.112867154,-0.09629999,0.06748188,0.18766774,-0.09006253
0.039897893,0.07900367,0.05386905,0.023377603,-0.010748031,0.019467779,-0.14320765,-0.036726955,-0.03645362,-0.061557416,-0.34732938
-0.033879977,0.018110707,0.051851798,0.036150537,0.07941106,0.08479595,0.095145024,0.078433506,0.011739149,-0.08499977,0.47910333
0.006006201,0.019137485,0.09662717,-0.00061985134,-0.009336013,0.046856694,0.112527296,-0.0071835676,-0.009298875,-0.033231493,-0.18123089
-0.13820955,0.027614653,0.021781148,0.0099418,0.017957108,0.040418413,0.039840583,0.06452808,-0.12454587,0.18977696,-0.08438057
-0.0819603,0.001989444,0.053099886,0.012949692,0.11732908,0.04793726,0.061239567,0.09904841,-0.10225342,0.07326135,-0.026063083
-0.22410457,-0.11977906,-0.0045652874,0.013677015,-0.0003709578,0.050505493,-0.05277041,0.0034719112,-0.1113652,-0.08392696,0.43698484
-0.014356727,0.08169857,0.038835716,0.0059530563,0.030124519,-0.028780349,-0.18854423,-0.05790134,-0.032447886,0.07019382,-0.17909904
-0.17430651,0.046384465,-0.0075058877,-0.09655906,0.038873505,0.02810238,0.054159816,-0.0085010985,-0.09402592,-0.053116612,0.44871873
0.028348126,0.34669733,0.017936137,-0.0057741767,0.1272183,0.045691058,0.0062959096,0.030996274,-0.042678885,0.38957226,0.079365306
-0.02389037,-0.11606721,0.08768295,0.02624923,0.08128273,0.06966325,0.054121595,0.11806168,0.0018486194,-0.1564744,0.14106601
0.0017001065,0.046646394,-0.100968614,-0.027276492,0.050802972,0.1087199,0.20639133,-0.041415356,0.054986577,-0.23615937,0.00047536113
-0.0030078432,0.23743016,-0.050967637,-8.278691e-05,0.034408536,0.08156779,0.1816621,0.045359742,0.05716572,0.29838973,0.2113988
-0.039787326,-0.12721634,0.04598898,0.031253308,0.09531313,0.060963232,0.076755725,0.050535735,-0.01859337,0.029852608,-0.051293846
-0.010420795,0.03401578,0.10918539,-0.005715832,-0.03248751,0.045010123,0.029658003,-0.11023235,-0.010049146,-0.07659063,-0.04860707
-0.13874084,-0.10589266,0.024235481,-0.058580894,-0.049375862,0.026273891,-0.034033045,0.08354053,-0.12581973,-0.4067973,0.35602224
-0.06295845,0.07227657,-0.10018789,-0.01338106,-0.14474827,0.024202682,-0.065955415,-0.09855862,0.040953834,-0.15161614,-0.03740633
0.08780101,0.33101404,0.14501508,0.048529647,0.03966534,0.06289937,0.1370966,0.19862975,0.1541529,0.29671744,0.28355908
0.021080658,-0.20545578,0.04002472,0.035233967,0.0020506948,0.03351219,-0.0037910105,-0.1324972,-0.003050051,-0.24204424,-0.20322797
0.00059755816,-0.19096257,0.048721977,0.031503793,0.018541483,0.02847666,0.018474603,-0.101961546,0.00033412297,-0.19368204,-0.24091224
-0.08177713,-0.04967547,0.05050054,-0.04218712,-0.06270311,0.08531508,-0.013810262,0.04786741,-0.079100356,0.09216094,0.28573668
0.025891945,-0.251629,0.041290082,0.0045422493,-0.025724178,0.030381177,0.031468943,-0.086963095,-0.02237077,-0.02867007,-0.2527523
-0.012704286,-0.11683872,0.07654442,0.051298704,0.07978445,0.09913578,0.031175455,0.005669805,-0.038295787,-0.03511292,0.022208698
0.014637481,0.021335375,0.09822844,0.043433625,0.10465898,0.06846664,0.13023959,0.080948375,-0.00011136837,0.23521283,0.1132271
-0.04058623,-0.3025864,0.008667098,0.042425565,0.01312368,0.05796156,0.006110696,0.030244086,-0.044636384,-0.1471294,-0.15605429
-0.006356366,-0.06273322,0.0007172182,0.010347285,0.012113747,0.07059727,-0.21455121,-0.091692455,0.052071657,-0.09618213,-0.2229392
0.05025031,-0.048191044,-0.044773433,-0.004951701,-0.027115708,0.026390318,-0.24129036,-0.06198185,0.07401363,-0.14647798,-0.1314817
0.027127847,-0.19483279,0.060769733,-0.005353406,-0.008142672,0.024525857,-0.0066653485,0.01343029,-0.014286014,-0.18208693,-0.07624789
-0.052721117,-0.1911544,0.059848838,0.0060373247,0.09257193,0.009900294,0.047032412,0.09274243,-0.039365415,0.27548587,0.057371464
-0.0075322604,-0.007417912,-0.08402698,-0.015984198,0.08655975,0.027774937,-0.06323892,0.081794105,-0.050514292,0.17200176,0.16293898
-0.005656615,-0.009970649,0.063698865,-0.16141026,-0.030250404,-0.0054362034,-0.017006934,-0.033525612,0.0033893613,-0.03242751,-0.33789432
-0.108810246,0.012529259,0.023750978,0.029121337,-0.0012380425,0.097403,0.053363837,0.04603279,-0.070772275,-0.23397416,0.33030996
-0.05737106,0.18738505,-0.0038004138,-0.024310758,-0.20763507,0.013136579,0.041596394,0.062171746,-0.07601937,0.1472629,0.46432188
-0.04156955,0.17614907,0.025033925,-0.009714644,0.045963716,0.056260288,0.05955175,0.06150504,-0.027085409,0.16243039,0.095417924
0.005758142,-0.11221717,0.023067294,-0.0020430384,-0.022185016,0.05424296,-0.114619896,-0.043067165,-0.01172359,-0.16378215,-0.20873123
-0.110454746,-0.039254688,-0.053514395,0.024918357,0.027171306,0.026576737,-0.016841464,0.08366249,-0.03090219,0.044413947,0.525947
-0.13317637,0.3059894,0.051491495,0.17362335,0.028857438,0.05625145,-0.0350256,0.025682053,-0.049370814,-0.16511942,0.043913655
0.04763411,0.0049427394,-0.07101863,-0.03306853,0.03736212,0.030403595,-0.0046524648,0.06859603,-0.013482794,0.0020788563,0.4413632
-0.008210552,0.2930646,-0.14566624,-0.10873504,-0.006081844,0.038205978,0.09357006,-0.018227909,-0.036365278,0.24334733,0.1185478
-0.158823,-0.15109958,0.025278717,0.072046,0.039015308,0.093650654,0.01412852,-0.0242851,-0.07843067,-0.12363566,0.4385539
-0.021513125,-0.112029135,0.05316656,0.013399692,-0.033649247,0.052597504,0.032847874,0.031718083,-0.0062460545,0.100676455,0.25724673
-0.140525,-0.037003405,0.019824335,0.015881592,-0.015926994,0.06749515,0.048224192,0.05468573,-0.104257464,-0.11932939,0.15932296
0.05299662,0.20762865,0.024390388,0.0061353575,-0.0056338054,-0.0063656135,0.02124378,0.0851837,-0.03169542,-0.15947224,0.40490082
-0.16860792,-0.15540114,0.0071389573,-0.06897444,-0.06757527,0.04099471,-0.00011157217,0.0045209136,-0.08480391,-0.41440436,0.3185171
-0.09988125,0.0003867142,-0.0153093,0.004889985,-0.006845672,0.01778206,-0.110916294,-0.04910375,-0.020055857,-0.04251006,-0.1990038
0.008353117,0.25858307,-0.05008214,0.023249393,0.053362127,0.01923229,0.10269855,0.09145193,-0.009673469,0.28045946,0.46777552
0.016026044,0.100099705,-0.06408774,0.0051113465,-0.0031307328,0.010597872,-0.03394628,0.07258208,-0.019470347,0.27698103,0.332183
0.007262311,0.24320826,-0.0706851,0.015918937,-0.0070285103,0.010247919,-0.18630967,0.07320755,-0.04286339,0.19250368,0.21854647
-0.12256928,-0.09650278,0.039350018,0.024534393,0.058935337,0.061114307,0.06808134,0.095379494,-0.11596789,0.1437618,0.06559441
-0.0072246836,-0.11517048,0.0035282194,0.00575028,-0.023998199,0.036040835,-0.28769937,0.05382045,-0.01878419,0.14541365,0.6945226
-0.05808805,-0.13416569,0.0012817273,0.03928647,-0.006951414,0.030627232,-0.026701374,-0.07988736,-0.0039932407,-0.11856362,-0.29002637
-0.14882526,-0.0099399015,0.012998667,0.0027486302,0.008093759,-0.02266839,0.059288822,0.09090771,0.007815113,0.25472617,0.4996664
-0.11250349,-0.1408428,-0.0002271781,0.048114575,0.07920724,0.093679585,-0.026296519,0.10054033,-0.16267064,-0.23830079,0.5210802
-0.093220204,-0.008739914,0.031875912,0.025966695,0.019267432,0.03277382,0.05156343,-0.08932716,0.0066962363,0.3377189,0.033933867
-0.019907743,-0.0970706,0.113759644,0.019522564,0.011946436,-0.009221259,0.08003675,-0.021219121,0.041434575,0.25642467,-0.24976902
-0.15666685,-0.027566902,0.04084169,-0.0022662878,0.020908587,0.036090422,-0.008439379,0.0692764,-0.03914568,-0.12546065,0.019372271
-0.1420344,-0.024035659,0.053234413,0.0063511757,0.08892255,0.07578186,-0.021413073,0.069278345,-0.02140159,0.28433612,0.15906306
-0.18242547,-0.1621682,0.041099593,-0.015447441,0.005888467,0.006832147,0.020952582,0.036710493,-0.14193991,0.20303883,-0.10812476
-0.112825215,0.3060273,-0.009398514,0.0015033836,-0.011286222,0.0411045,0.028119799,0.023422355,-0.07703384,0.1644081,0.06502127
