fixed acidity,volatile acidity,citric acid,residual sugar,chlorides,free sulfur dioxide,total sulfur dioxide,density,pH,sulphates,alcohol
0.036173873,-0.10397423,0.06470218,0.099850714,0.03585681,0.06843908,-0.027133858,-0.18132484,0.015879069,-0.031412836,-0.2487359
0.020291451,-0.12002165,0.03694603,-0.05878722,-0.024516283,-0.17503579,0.05849654,-0.0811304,0.05018875,0.02554714,-0.25170258
0.041511953,-0.080728725,0.029239487,0.11279103,-0.1293679,0.10677781,0.11741499,-0.09332402,0.04082516,-0.030916322,-0.14333415
0.043135628,0.09228501,0.051304765,0.05971616,-0.029050717,0.08542314,-0.09837128,-0.1127639,-0.031359263,-0.030749016,-0.19695234
-0.0072199227,-0.13790882,-0.14194046,0.08542495,0.0042568906,0.08310598,0.03169226,-0.086659335,-0.05751044,-0.02999105,-0.24555346
0.024858963,0.067761,0.048048038,-0.09884741,0.0021917264,0.06158978,0.04187804,-0.042823642,-0.07247433,-0.044754628,0.13046844
-0.02453286,-0.077737145,-0.0747171,-0.10062263,0.059680693,-0.29339954,-0.20397791,0.18560274,-0.10074832,-0.010058623,0.19850895
-0.047037285,0.062090885,0.04085204,0.00034050638,0.108722806,-0.20953082,-0.011161824,-0.101964094,-0.04446049,0.017595366,-0.20166683
-0.027414259,0.2662976,-0.024362057,-0.19799444,-0.0118477745,-0.18091387,0.032280434,0.038218193,-0.08818174,0.028128264,0.0048602554
0.082998194,0.10375611,0.023349091,-0.11316371,0.0014324503,0.13726836,0.046730652,0.1600355,0.155802,0.00938065,0.40610453
-0.04649378,-0.14500274,-0.06539648,0.08018628,0.028985813,0.07770305,-0.07731737,-0.20637207,-0.1058536,0.05142921,-0.24794768
0.049709234,0.11598775,0.019543648,-0.11279562,0.041066676,0.08785426,0.093043394,0.0856402,0.05305701,0.043092076,0.106867395
0.054114856,-0.15683195,-0.18814403,-0.172973,-0.0069115083,0.0753115,0.035626896,0.021257754,-0.07857706,-0.041226897,-0.19779651
0.060087603,-0.27459213,0.11135152,-0.16994838,0.13122201,0.11197729,0.065526366,0.28977084,0.30208755,0.011858536,0.82313275
0.019098356,-0.07975439,0.013905627,-0.18249442,0.03746686,-0.09582405,-0.050028753,0.040060434,-0.053117983,-0.009282104,0.17479852
0.020427378,-0.13997974,-0.20047893,0.06728706,0.02014067,0.07685543,0.030329503,-0.11429467,-0.05850078,0.016967777,-0.27989057
0.037524242,-0.0510167,0.03832575,0.01941901,0.069334745,-0.051274188,0.035729177,0.21157399,-0.07602658,-0.06238438,0.20569564
0.051245406,0.01437212,0.086317465,-0.05280118,-0.005738394,0.14072666,0.16369769,0.08549427,0.31205803,0.02861442,-0.004697304
-0.0393787,-0.47502086,-0.15848006,-0.13240698,-0.11057768,-0.0051946277,0.022798214,-0.03302939,-0.016886331,0.0336152,-0.23907842
0.056966223,-0.062454063,0.07301279,-0.1044058,-0.12769815,-0.15829103,0.08781468,-0.115892954,0.23764579,-0.03352863,-0.1798938
0.0342152,0.036853597,0.040651996,0.10801601,-0.018547943,0.11041179,-0.102509215,-0.1179926,0.0104235755,0.022114253,-0.052121323
0.050283585,0.055699363,0.030858275,-0.13312891,-0.118472874,0.02660288,0.009042676,0.064377114,0.21550624,-0.07412931,-0.15549514
0.03816165,-0.0667082,0.049429156,0.081266195,-0.15911478,0.098613456,0.05001718,-0.20145339,0.18777332,0.019707821,-0.057865378
0.011258495,-0.08074544,-0.020777592,-0.16389194,-0.0032985574,-0.091507584,0.033757478,0.07269789,-0.08565823,0.015591742,0.15298201
0.01826796,-0.068986796,0.051837884,-0.071976654,0.07887624,0.11027441,0.07556928,0.17283101,-0.0699732,0.056384116,0.48715168
-0.046584714,0.046613578,0.059149638,0.12598467,0.031754483,-0.11631442,0.034409482,-0.15414585,-0.025426488,0.03667381,-0.15704389
-0.019041048,0.33992112,0.03884041,-0.106872305,0.019601075,-0.48650116,-0.10527045,0.081054606,0.21349075,-0.02146949,-0.04218668
0.033677578,0.050584875,0.043016754,0.01294368,-0.10983285,0.08503815,0.055600688,0.06500796,-0.06059907,-0.053102262,0.021450274
-0.020606682,0.2692231,0.045408297,-0.099310786,-0.013211828,0.11150507,0.09810511,-0.033772748,0.17732626,0.043248754,-0.3632039
-0.032068044,-0.062630735,-0.14754687,0.11392594,0.043370016,-0.038232807,-0.13506196,-0.25220555,0.103830926,-0.063173205,-0.097577244
0.003706797,-0.08299569,-0.026767787,-0.116737865,-0.35200384,-0.09338191,0.05495084,0.14214747,-0.08259846,-0.033044137,0.35496333
0.042196654,-0.14289804,-0.20474668,0.010980554,-0.14828609,0.0075683566,0.027340898,0.0021677993,-0.09286512,-0.094106644,-0.22670713
0.020614672,-0.084638804,0.043923043,-0.22911386,-0.117468886,0.06947363,0.040365,0.15746653,-0.048599306,-0.05806064,0.15713884
0.07533458,0.003936524,0.019051263,0.061073698,-0.07972684,0.06415899,-0.024335038,-0.19441475,-0.059299562,-0.07572086,-0.3922945
0.037646618,0.09694211,0.05347524,0.00195978,0.009337023,0.12547857,0.010833376,-0.0009995833,-0.010969845,0.01278722,-0.23852132
0.04274988,0.08195296,0.052938197,0.009218627,-0.01997403,0.115547664,0.024595447,0.00055275107,-0.01396316,-0.07694967,-0.26273343
0.032329418,-0.15394154,0.014653792,0.08118561,-0.13525604,0.05609978,0.0046097436,-0.09831861,-0.001352385,-0.0075858184,-0.23706722
0.040659636,0.08358985,0.07634205,-0.060078505,-0.028321495,0.05874681,0.031348523,0.060464375,-0.037202265,0.0623778,-0.2322358
0.03474782,0.10388967,0.006632054,-0.06314964,-0.06048501,0.06680312,0.020522699,0.058867186,-0.05743934,0.0621851,-0.22963014
0.05518145,0.28805405,0.06946974,-0.075023346,0.047370378,0.089018695,-0.008894231,0.026544793,-0.029531194,0.022457508,-0.15270819
-0.023431595,-0.19091742,-0.013278478,-0.036314547,-0.18101539,0.04792078,-0.19204515,-0.073170684,-0.00021398933,-0.031158173,-0.25259152
-0.021656694,-0.18112066,-0.027482351,-0.0311921,-0.17128271,0.07843923,-0.18045162,-0.07241683,-0.010392551,-0.0149667915,-0.23693067
0.04621407,0.23910433,0.02960043,0.0030809066,-0.16186589,0.0815812,0.0030168279,-0.08057842,0.07184276,0.0065497044,-0.21362744
0.055768523,0.13963574,0.043577135,-0.11010769,-0.09923494,0.0747419,-0.071707875,0.030879961,0.11093983,-0.04597905,0.16597915
0.09098153,0.017861428,0.05761936,-0.07045032,-0.15628272,0.14194009,0.11404849,0.14310344,0.214622,0.072706066,0.17670591
-0.015507456,0.26234365,0.07146652,-0.10240097,0.021668134,-0.037454568,0.08436349,0.19710942,0.091100045,-0.038881578,0.14364025
0.029766785,0.12486566,0.027061569,-0.17574115,-0.017379045,0.10778807,0.001189413,0.15357241,0.07694146,-0.17359976,0.08605843
0.044586107,0.19155332,0.025791738,-0.15900294,0.014490205,0.04409375,0.039352532,0.059765365,-0.0536185,-0.025026714,-0.19575183
0.014945161,0.022061761,0.031081658,-0.17519996,0.022516003,0.06279137,-0.15772176,0.13824488,-0.06496272,-0.010751732,0.15418278
0.059239265,0.12447978,0.042066365,0.12468609,0.02981001,0.06597425,-0.03592563,-0.14265478,0.006329595,0.0391222,-0.17463036
-0.10663117,0.23254089,0.0012294574,0.20433258,-0.03851458,0.056533873,-0.0387776,-0.18010066,0.0034559881,-0.07241548,-0.28846312
0.03644572,-0.20366926,-0.18704389,-0.008990635,0.019722512,0.027681835,-0.028656648,-0.010033411,-0.03990682,-0.019280279,-0.11472928
0.04855815,0.079628766,0.058867097,-0.19562036,0.06600471,0.11159867,-0.0035998637,0.05401736,0.21881576,-0.14502776,-0.16681468
0.05380875,0.108297065,-0.028567372,0.01622141,-0.085255556,0.0964796,0.07409137,-0.044069022,0.019513128,-0.017723832,-0.33826962
-0.0022112965,-0.19034572,-0.21782012,-0.22462037,0.045472372,-0.08584823,0.008143939,0.10060307,-0.09119422,-0.06547426,-0.09240093
0.026121661,0.082255915,0.060340464,-0.10991729,0.053963643,0.08043832,0.08896917,0.02356026,-0.06677847,-0.037549555,-0.0627121
0.0110232495,-0.10679755,-0.22893122,-0.14439444,-0.11026131,0.06643458,0.06518866,0.033533324,-0.03979497,0.022618407,-0.2620202
0.012015429,-0.01920491,-0.0512054,0.10154568,0.0055988138,0.05127427,0.08956755,0.18148102,-0.0514574,0.037220433,0.5846641
0.021123212,0.019065712,-0.27063704,-0.18541664,-0.008779478,0.048906785,-0.012453796,0.016104821,-0.05780209,-0.0595718,-0.21758483
0.050061896,0.113724954,0.059268076,0.028520139,0.012994369,0.12724069,0.21022964,0.08720827,0.17849922,0.13576001,0.10133322
0.03263581,0.011861128,0.071426794,0.10931267,-0.10739372,-0.07393641,-0.015635911,-0.18887223,-0.007794538,-0.13656037,-0.24346013
-0.022800798,-0.089235276,0.016266122,0.044155248,-0.029012773,0.07771877,-0.053307094,-0.0971025,-0.01720163,0.01577613,-0.28960463
0.011667683,-0.130972,-0.14374489,-0.050912578,-0.16219226,0.09343956,-0.08676988,-0.14146884,0.02703792,0.06845237,-0.24730639
-0.049832813,-0.048380494,0.04364748,-0.05500317,-0.2323678,0.0837772,-0.21519598,-0.2506804,-0.16980653,-0.031718813,-0.18701564
-0.051694475,0.1449657,-0.0060516777,-0.049584776,-0.021669064,-0.27225685,0.016356694,-0.039420154,-0.05173082,0.073108636,-0.10803765
0.05912486,0.12006607,0.118056454,-0.122417055,0.0036521035,0.08026101,0.09266586,0.18675351,0.01580209,-0.043886583,0.46093434
0.042285614,-0.0780908,0.07210509,-0.10383821,-0.0020004646,-0.104414776,0.025729125,0.23523746,0.08858758,0.054811064,0.34513214
0.032690365,0.25257027,0.056159846,0.0536819,-0.13835472,-0.0018782613,-0.02022457,-0.15088232,-0.08175275,0.01848689,-0.22556858
0.02177306,-0.25331563,0.068002105,0.033788268,-0.08118264,-0.046269357,0.020316258,-0.09369859,-0.0009881611,-0.0133941695,-0.26936132
0.047078565,0.12992327,0.044660337,-0.061788734,-0.13009876,0.06287502,0.09326986,0.045350038,0.19127287,0.07577413,-0.043348808
0.0330792,0.247934,0.037356596,0.08465253,-0.04180979,0.078800865,-0.04575136,-0.16601142,-0.024654802,0.10999466,-0.21237795
0.015945992,-0.13510755,-0.13166992,0.03693042,-0.1105125,0.0688423,-0.016308881,-0.076594844,-0.036126174,-0.02297931,-0.21033958
0.09457933,0.12106068,0.05286561,0.058629595,-0.01774649,0.07401939,-0.09509323,-0.16486055,0.049138594,-0.03955544,-0.21152744
0.021142885,-0.18174356,-0.02441902,0.11172447,0.0116066225,0.07159928,0.008442559,-0.20894104,-0.0145296035,-0.04245034,-0.40132105
0.020458685,-0.07099964,-0.028953059,0.12111191,0.023740483,0.07507634,0.018661719,-0.22171177,0.0059352512,-0.03033762,-0.37289977
0.02319191,-0.14042579,-0.032191932,0.11960664,0.022816753,0.07177294,0.0033600752,-0.20380737,-0.016057702,-0.0387322,-0.3987906
0.0065845973,0.01299232,0.058881167,0.1666385,-0.06936684,0.081417456,-0.118268475,-0.15811744,-0.031851918,0.01217785,-0.21249038
-0.07148107,-0.049181856,0.02254534,0.06593678,-0.015401223,0.06250513,-0.07271158,-0.10171566,-0.017028015,-0.029371956,-0.33972174
0.052475452,0.018845456,0.039619904,-0.086439796,0.0644509,0.13178381,0.032486536,0.1361883,0.033041563,-0.060080573,0.5000409
0.058497146,0.031730022,0.04420409,-0.05476587,0.0683821,0.1281606,0.027645927,0.13724676,0.016256712,-0.06564199,0.50119334
0.024085987,0.123007394,0.04882074,-0.0843008,-0.01032622,0.124710985,-0.02784813,0.071539864,-0.045690745,-0.062482573,0.1102391
0.040631294,-0.03733582,0.072067104,0.19121982,0.036991496,0.084694326,-0.07587118,-0.16309401,-0.0022113966,-0.026552372,-0.24779731
0.0015575317,-0.11802133,0.0032966768,0.17430244,-0.0023890398,0.061866235,-0.04637878,-0.21717957,-0.033560287,0.021126702,-0.30854103
-0.05942036,-0.02400183,0.12541734,-0.17448957,0.06500421,-0.061602496,0.07796601,0.18544304,-0.092328936,-0.028927326,0.12059303
-0.21263286,-0.12012908,-0.040872496,0.16393077,0.049238056,-0.758471,-0.10723606,-0.18566927,-0.12998651,-0.06667434,-0.20268312
0.057073127,-0.008860535,0.014517536,0.19196014,-0.08134831,0.084437415,-0.08695782,-0.18523408,-0.021794515,-0.020695454,-0.24172446
0.05849269,0.28336176,0.038360868,0.042618945,-0.15239683,0.05083091,-0.07724756,-0.21932663,0.042818718,-0.08426744,-0.34402317
-0.10155661,0.032467593,-0.060690925,0.08546106,-0.107710145,0.058406148,-0.048668377,-0.18842377,0.022600623,-0.08335182,-0.28963923
-0.047586735,-0.1896223,-0.015224726,0.033862133,-0.106438264,0.06454972,-0.023122394,-0.20353228,-0.03900642,-0.023668962,-0.28231874
0.107904874,0.37375957,0.06166344,0.42928132,-0.10292323,0.04411151,-0.0018271187,-0.21389891,-0.0074405186,-0.15557481,-0.27858225
0.030633038,0.08260691,0.037118766,0.1243044,0.03546733,0.102318294,-0.066538766,-0.18689321,-0.021539126,0.09714078,-0.25513014
0.01763931,-0.17687716,0.0487735,-0.15580082,-0.14715119,0.08154174,-0.16020721,0.041457545,0.010395257,0.08576742,-0.14849836
0.02976384,0.26768687,-0.012243598,0.055000484,-0.06179779,0.054456852,-0.024921738,-0.15185916,-0.07101488,0.0049485243,-0.23299028
0.032758646,-0.13258643,-0.0635724,0.07500523,-0.12393669,0.055151008,-0.13067098,-0.1542793,-0.022776136,-0.0018582821,-0.22628485
0.048205737,-0.19890851,-0.016830156,0.17389219,-0.055758156,0.06927485,-0.09626761,-0.21416362,-0.062358353,-0.018354729,-0.3074502
0.0015583807,-0.14391063,0.028785627,0.104085214,-0.02102018,0.06078129,-0.00014254675,-0.1980707,-0.062957235,0.020515922,-0.31031317
-0.009249503,-0.17492354,-0.25352937,-0.1327765,-0.1836722,-0.5904895,-0.025214631,-0.07390374,-0.019947542,-0.030268513,-0.2088792
-0.025452532,-0.057212066,-0.083394706,0.030096948,-0.013866653,0.037954554,0.04564865,0.10342289,0.047119368,-0.044541147,0.2060342
0.03524752,0.22914732,-0.019526383,-0.11145723,0.03306908,-0.06881455,0.006062454,0.13609888,-0.06567127,-0.025446735,0.24039972
0.07223817,-0.20216358,-0.037727807,0.16399679,-0.10849444,0.067996494,-0.0985423,-0.18437976,-0.052618988,0.002503598,-0.2887649
-0.0020658225,-0.111571655,-0.20524275,0.020203566,-0.020971304,-0.042245787,0.009352321,-0.002896963,-0.05529525,0.012214835,-0.11215724
-0.0016190133,0.036371008,0.07587782,0.16547763,-0.11331896,0.07678663,-0.009559962,-0.1746806,-0.027516337,0.021838324,-0.28368822
0.061770048,0.2613252,0.048046462,0.06252789,-0.07176667,0.059327025,0.033662602,-0.10430491,0.016575502,-0.1645682,-0.25600365
0.052105736,0.3048906,0.0948681,0.0036293813,-0.002627019,-0.13396674,0.001225208,-0.096636996,0.0107202735,-0.02893771,-0.21579489
-0.007903106,0.33979195,-0.035835978,-0.07698368,-0.081091486,0.08074114,-0.013946303,0.07439529,-0.038402893,-0.01942034,-0.18303995
0.056457426,0.08074646,0.023181837,-0.15683231,-0.019795638,0.108568795,0.007715211,0.13801579,0.04900228,-0.02129251,0.11550043
0.009822871,-0.1697619,-0.16256809,0.09664024,0.09184848,0.09507046,0.12088456,-0.08490441,-0.07414212,-0.023709526,-0.06850123
0.030250957,0.03723238,0.042415217,0.073278956,0.09241526,0.09290024,-0.16882285,-0.130593,0.21925758,0.06386911,-0.23289488
-0.017572042,-0.081854045,0.12446911,0.0059596286,0.016918344,0.12435687,-0.108936675,0.05395447,0.12254003,0.0509917,0.13385694
-0.047700085,-0.09236996,0.10327593,-0.013460864,-0.047536585,0.11978095,-0.13351446,0.041990053,0.09790561,0.057916082,0.12999408
-0.019973826,-0.05209803,-0.08228282,0.1282408,0.26258618,-0.6911368,-0.27947438,-0.10410392,0.10575534,-0.039020058,-0.05661481
0.011434702,-0.18515891,0.025157308,0.17303482,0.048028402,0.041265156,-0.08984719,-0.16018991,-0.038579654,0.05641253,-0.32651746
0.02190596,0.011311423,0.077618845,0.038887016,0.069647655,0.052297734,-0.13625485,-0.18689832,-0.116168484,0.020030951,-0.26894194
0.0024195185,-0.08337957,-0.14056876,0.0653895,0.07866283,0.06777443,-0.12670025,-0.17038558,-0.057143137,-0.0016044201,-0.32332397
0.00909261,-0.10303499,0.047257073,0.022807457,0.09452653,0.0828185,-0.15568438,-0.1756826,-0.013608875,0.05634982,-0.23775256
0.03266909,0.067871004,0.010738279,-0.25804263,0.09641888,0.07487341,0.07800974,0.046390653,-0.042462334,-0.043904822,0.03493767
0.018145574,-0.13529806,-0.043606542,0.112491,-0.00056944834,0.06496076,0.0031990025,-0.21735297,-0.05699779,-0.04391221,-0.40874985
0.03190986,0.19975568,0.06510143,-0.05366232,0.047075182,0.104856834,0.15886152,0.05070075,-0.07600129,0.04090647,0.0018529234
0.002181035,-0.09549959,0.02467132,-0.07289523,0.09177092,-0.18987375,-0.00094672275,0.034370027,-0.06254825,0.008547004,0.24963796
0.015588438,-0.15947372,0.041887537,-0.003574636,0.007342389,-0.08117963,-0.038962092,0.020669557,0.031664234,-0.030837046,-0.13726574
0.02059153,0.09531643,0.019361582,-0.2387404,0.0481604,0.10573542,0.028681027,0.03914381,-0.05649309,0.057206374,0.014469515
-0.029177334,0.1082057,0.033015337,0.013791322,0.10974171,-0.040397234,0.069587626,-0.086163916,-0.04803273,0.030278038,-0.18463752
0.04127017,0.096784994,0.008454268,-0.06535789,0.05061872,-0.12028938,0.046655767,0.06700997,-0.016844692,0.015634453,0.11327655
0.0021796061,0.0077506728,0.016217459,-0.1799602,0.0006929531,0.06202572,0.0722926,0.14844264,-0.090802975,-0.026272649,0.09757065
-0.08313048,0.14831059,0.05052679,-0.12225604,-0.00533144,0.095979065,-0.031026784,0.015467496,0.007974867,-0.08150587,-0.16467862
0.022141721,-0.5946679,-0.20609078,-0.004040198,-0.14048705,-0.17349634,0.045015424,-0.12403482,0.0342125,-0.020284636,-0.31087118
0.026289947,-0.051623307,0.069317855,0.06191684,0.08226959,-0.1304122,0.006406346,0.10642323,0.17953682,0.079906374,0.33904353
0.041214786,-0.0047862986,0.055824503,0.025693256,-0.12137986,-0.05398946,0.04965032,-0.077159405,-0.020752326,-0.019337665,-0.2708696
0.049468625,0.0682193,0.05443504,0.17724064,0.0092723165,0.09820439,0.028528823,0.16073985,-0.02463597,-0.018669004,0.12612613
0.01895822,0.26487052,-0.028967185,0.1303121,-0.051943194,0.10585593,-0.002912546,-0.1763699,-0.01729252,-0.0519356,-0.16633528
0.02002155,0.21207152,-0.013821092,-0.23649794,-0.0073095327,0.08651806,0.11192538,0.0060830493,-0.06875494,-0.04934346,-0.014457281
-0.017934894,0.1133894,0.017952742,0.13830768,0.017855173,-0.2182891,0.024140006,-0.12910911,-0.031473547,0.11873613,-0.14720342
0.08856039,0.046649422,-0.0041939667,0.44790772,-0.11020956,0.0659364,-0.07153075,-0.20083763,-0.054617044,-0.008199579,-0.17334741
-0.06288689,-0.039525755,-0.04996389,-0.11733789,0.07309764,0.08850716,0.092765965,0.16760677,0.032102972,-0.06422023,0.4120842
0.03512681,0.11420295,-0.22174102,-0.1048498,0.09772607,0.13146587,0.11780263,0.26349285,0.29127276,0.1002573,0.45249686
-0.019140001,0.0796933,-0.027428158,0.21887729,-0.07101056,0.019278418,-0.04069047,-0.26233307,-0.040697988,-0.052207857,-0.28456935
0.018657787,-0.14963132,0.043782875,0.0019952792,-0.0328974,-0.19015048,-0.037393883,0.01248954,0.012383263,-0.02553661,-0.14926863
0.007321641,0.04933679,0.036908317,0.16735937,-0.0689509,0.056578174,-0.12879604,-0.1455904,-0.028893067,0.025423957,-0.21973765
0.04569126,0.07431329,0.04280593,0.18224446,-0.10391877,0.09502089,-0.13299383,-0.19115235,-0.026221698,-0.0011860577,-0.21820901
0.021860017,-0.068023145,-0.0046469313,0.0762167,-0.008042545,0.09751916,-0.08529776,-0.135487,-0.02597815,0.09381026,-0.20794152
0.02995112,0.0200522,-0.14467591,0.0288051,0.08007996,0.053778928,0.09678163,0.1809911,-0.021758834,-0.05601143,0.6209831
-0.03758494,-0.146223,0.06108976,0.089336276,-0.083866246,-0.08792926,0.01651806,-0.18318497,-0.016065784,-0.002143953,-0.26638824
-0.1283564,-0.023923123,0.013939385,0.15778552,0.10595071,-0.7279335,0.030374778,-0.1760187,-0.06458351,-0.010113396,-0.22050096
0.029892389,-0.07636126,-0.0838712,-0.12131736,-0.2391668,0.07592193,0.041578874,0.12709789,-0.03117185,0.013482723,0.43302506
-0.00055919855,0.1648274,0.009755058,-0.11870159,0.000438175,-0.09354089,0.13935073,0.054099068,-0.02806499,0.010222671,0.14588386
-0.08226003,-0.17914638,0.010766589,-0.44763744,-0.02084487,-0.90800315,-0.008426441,0.05007528,-0.12633854,-0.014798104,-0.02840232
-0.005869748,0.024908764,0.056655783,0.08439304,0.072128646,0.118554495,0.10459523,0.103680335,0.23242494,0.028637137,0.15607467
-0.051057596,-0.109730236,0.04235266,0.11106298,-0.107314885,0.056243777,-0.07331539,-0.21737725,-0.005925742,0.06775568,-0.12858668
0.011859186,0.049801495,0.0437636,0.1431913,-0.0051121013,0.068428576,0.014087179,0.047038436,-0.06498313,-0.07035739,0.112516776
-0.017120205,-0.14539729,-0.23773517,-0.051223684,-0.012631918,-0.27690446,-0.52566034,0.07967824,-0.09989909,-0.041064106,0.30927676
-0.09453879,0.029259125,0.04599334,0.14512365,-0.13010277,0.063105784,-0.04094288,-0.21519542,-0.0034798197,-0.07648229,-0.28372416
-0.012328574,-0.46352807,-0.2556612,-0.23131585,-0.08574679,-0.3148245,-0.045107823,0.013283713,-0.047171634,-0.117573306,-0.19404548
-0.012814433,0.020298313,0.048611186,0.015365417,0.00021878019,0.08285119,-0.13048495,-0.113300644,-0.039272174,0.06769548,-0.2730776
-0.0025176785,-0.13597879,0.05007663,0.02448304,-0.0089506125,0.09290124,-0.04524163,-0.11164102,-0.040739585,0.056647766,-0.2806335
0.015159682,-0.13449562,-0.19256762,-0.17090869,-0.119249605,0.10463322,-0.09798015,0.03525572,-0.025110077,-0.03071463,-0.27710545
0.0014622213,-0.14749035,-0.016446698,0.06646425,-0.0008956469,0.06443702,-0.03294489,-0.19268046,-0.037833646,0.012380248,-0.2956464
0.01203513,-0.0851375,0.039895117,0.3272775,-0.058627125,0.112801574,-0.06961983,-0.17928945,-0.021189703,0.090059385,-0.23138967
-0.005676056,-0.04361444,-0.019209927,0.10473348,0.02481754,0.08041632,-0.16551861,-0.16586879,-0.07482665,0.021248179,-0.2906227
-0.006694515,-0.12556103,-0.010200042,0.104973905,0.023114393,0.09355974,-0.1450507,-0.17495584,-0.084574595,0.02276162,-0.2860706
0.011541717,0.08607743,0.03815249,0.09475621,0.02358468,0.11728422,-0.0334711,-0.113111444,-0.0276593,0.08754684,-0.18490085
-0.047451206,-0.06439295,-0.22083959,0.027696986,0.08058593,0.10598006,0.08637787,-0.0032068875,-0.079392426,-0.0014841916,0.1103829
0.028336192,-0.027043847,0.044780206,0.07282376,0.09947477,0.07746244,0.06193505,0.19306383,0.041835558,0.07552406,0.6712753
0.012616258,-0.10959559,0.07852929,0.058042224,-0.02352578,0.08045417,-0.10870206,-0.17956334,-0.029131604,0.024681203,-0.3333294
0.016575167,-0.1203825,0.07969045,0.058615178,-0.09630439,0.0932462,-0.04903036,-0.16831675,-0.010686401,0.040013347,-0.30786523
0.033371855,-0.074443385,0.061751243,0.12364031,0.020025762,0.05637093,0.079338424,0.010134586,-0.1024958,-0.02768944,0.13673228
0.03966906,0.27892235,0.023772273,-0.003263759,-0.06342488,0.06896213,0.088392094,-0.05321298,0.09954081,-0.06909817,-0.25805834
0.0020157753,-0.13229391,-0.003059101,-0.021401769,-0.06962246,-0.0355316,-0.005537848,-0.0056336736,-0.05470685,-0.0021969147,-0.3049316
0.005887709,-0.12620945,0.024792308,-0.00014538251,-0.03879986,0.07407877,0.018471718,0.0035498214,-0.057807785,0.013870385,-0.31374523
-0.000869278,-0.13029775,-0.00010519765,-0.015116107,-0.05558342,-0.04205673,-0.03995882,-0.010934317,-0.05758221,0.012894159,-0.30126023
0.008436948,-0.07292669,-0.053651556,0.06337663,-0.0959599,0.07860094,-0.05923039,-0.17103219,0.0059156707,-0.029662855,-0.31259418
0.031152636,-0.20874754,-0.057481248,0.18149526,-0.09312403,0.07498296,-0.10003962,-0.1740514,-0.009237011,-0.0042544883,-0.30663258
0.004379665,-0.10180298,-0.0053024883,0.06483418,0.0025745453,0.064261146,-0.12176847,-0.15950538,-0.024534263,0.020527443,-0.2610146
0.0023143347,-0.29516882,0.037750833,0.23187278,-0.08717861,0.07916961,-0.081556335,-0.16454817,-0.025678208,0.03665648,-0.1885176
-0.00029388999,-0.03326725,0.029949775,0.24954079,0.08372656,0.111464955,0.034011338,-0.093452476,0.13607162,0.004767207,0.30251592
-0.078901105,-0.07837349,0.018872984,-0.0043881573,-0.19770662,0.07716405,0.07400006,0.03423852,-0.001476274,0.008739848,-0.1134901
-0.03610149,0.07232792,0.016818816,0.1051837,0.001360838,0.05586017,-0.011932213,-0.20312811,-0.042457838,-0.07128358,-0.33236653
0.066581115,0.23299304,0.05179533,0.055144034,-0.022168515,0.04615402,0.091281235,-0.19494578,-0.049226526,-0.16821903,-0.27352446
-0.6570344,-0.052057352,-0.15046221,0.0030616743,-0.06641734,-0.20652957,0.057360835,-0.20795839,-0.09486243,0.006399847,-0.26705173
0.02839424,-0.5080633,0.044248197,-0.012778068,0.035970364,-0.22744218,-0.039070766,-0.10098848,0.07503933,0.015442881,-0.13744146
0.022313844,-0.091072574,0.054803453,-0.100860916,0.01839005,-0.045578957,0.028726276,0.017822368,-0.043539956,0.17204836,-0.20790434
0.028303472,0.011890687,-0.047873598,0.08432434,0.054659005,-0.24928458,-0.19577956,-0.14492069,-0.031077297,-0.115039095,-0.072273895
0.054434326,0.10805683,0.026016047,-0.10317284,0.051799636,0.09618753,0.042034768,0.05441858,0.15849566,0.12124488,0.11921545
0.059400905,0.33879402,0.0414697,0.017403355,-0.14299911,0.09127354,0.09860962,-0.070046075,0.13813283,-0.06406588,-0.23177977
-0.019156754,0.023514988,-0.042118486,-0.08221693,0.089227445,0.09126707,0.044916827,0.18905695,0.09894548,-0.041898638,0.21452332
-0.07014666,-0.024512785,-0.062347542,0.088312306,0.01182274,0.0884725,0.010090435,-0.21671167,-0.019713245,-0.066128656,-0.3324658
-0.043802653,-0.07102808,0.04004548,0.0923207,0.06819322,0.07665539,-0.052769452,-0.11135698,-0.13584942,-0.082739286,0.117399305
-0.014454022,-0.0748621,-0.062543094,0.07083607,0.030395081,0.074881405,-0.05255035,-0.21282798,-0.07153464,-0.040426053,-0.32632202
-0.040242158,0.0287029,0.046972327,0.09409663,0.060524162,0.06492805,-0.07496683,-0.103677705,-0.098055325,-0.077057175,0.09868186
0.0414839,-0.3512774,0.0026692508,0.12787573,-0.07933364,0.07165037,-0.0023236405,-0.11949642,0.09558673,0.07185103,-0.22605307
0.066920176,0.18513133,0.04958111,-0.29393935,-0.0148214605,0.03770071,0.009594117,0.072697595,0.18355829,-0.056904055,-0.19111285
0.016755627,-0.18262723,-0.14757298,-0.071474984,-0.030442156,0.10586789,0.06576413,0.026511544,0.2053297,0.02508556,-0.021014178
0.030995741,-0.021393552,0.03796453,0.047502495,-0.022771176,0.060390696,-0.026089856,-0.22195192,-0.032280106,-0.052606657,-0.35079643
-0.0251793,0.20045052,0.055998992,-0.019528484,-0.02280106,0.07801614,-0.17886025,-0.017172564,0.096033335,0.03983235,-0.1967317
0.027880492,0.021067869,0.06453374,0.13132547,0.013915168,0.091027886,-0.1553924,-0.15563425,-0.039108545,0.017656388,-0.23230438
-0.023228107,-0.61747783,-0.22930254,0.086625226,-0.21664432,0.008716107,0.042022284,-0.2077486,0.026661243,-0.05565765,-0.34944034
0.026395775,-0.04545048,0.06846621,0.06169566,0.06379284,0.09119529,-0.1148218,-0.15649042,0.15000391,0.0423735,-0.21610382
0.051160946,-0.065173775,0.07725584,0.05356776,0.08114622,0.102355905,-0.12839647,-0.13878627,0.01873887,0.034197986,-0.22838224
0.089788444,0.07810033,0.022236926,0.42552128,-0.003024823,0.101164505,-0.050032083,-0.2163415,0.017882202,-0.028634159,-0.21149434
-0.0076370114,-0.19892816,0.03986685,0.2150993,0.041559316,0.086267725,-0.094339214,-0.16691642,0.014894272,0.027980015,-0.22830373
0.050207153,0.007587371,0.11622394,-0.085969284,0.08250981,0.1424035,0.12191318,0.06742658,0.25923526,-0.01104164,0.20251316
0.0075175064,-0.023563005,-0.12981014,0.13512094,0.13202798,0.06718738,-0.020506818,-0.20426379,0.15008105,0.08816242,-0.2407221
0.073033914,-0.22306438,-0.1583329,0.2091334,-0.07983222,0.066807315,-0.09812186,-0.13920784,-0.028686896,-0.031592727,-0.31310484
-0.032027043,-0.14160897,0.0045794216,0.08756173,0.088841945,-0.043340504,0.056436114,-0.07692375,-0.019115886,0.009239178,-0.08802893
0.03802902,0.038057633,-0.011605167,0.039271045,0.024250567,0.017314063,0.043126326,0.17394315,-0.06177194,0.015408524,0.13713305
0.022497637,0.07406371,0.03275466,-0.017031299,-0.0111354375,0.13971645,-0.18636842,0.071724206,0.049521547,0.098092295,-0.2347562
0.016795477,-0.15534797,0.018684817,0.13293564,-0.0076486543,0.069003075,0.0350853,-0.21918127,-0.05108565,-0.034163818,-0.39095548
-0.055220716,0.110222705,0.059887808,-0.052075252,0.05956846,-0.040167328,-0.27697694,0.0018824076,0.18961047,0.05930157,0.10854078
0.04120159,0.03947166,0.06029044,0.017119667,0.058176853,0.054782044,0.027048467,0.15753324,-0.065104865,0.09147654,0.5265791
-0.0028172426,0.096914425,0.05147082,-0.071107954,0.07323679,-0.054931507,0.047607042,0.24875984,0.019990696,-0.01217158,0.16295347
-0.0011963664,0.19201937,0.002076572,-0.071195796,0.06168268,-0.0307945,0.054146722,0.24725756,0.024821643,-0.018859401,0.1773892
-0.0025764918,-0.069701396,-0.19541332,0.11361193,0.12593473,-0.16887657,0.08311483,-0.1961323,0.10458234,-0.054396678,-0.19007686
-0.13273741,0.054672334,0.029133962,-0.09279558,-0.177107,0.020470157,-0.28500834,-0.31197065,-0.22908778,-0.00019014148,-0.1919218
-0.22356144,-0.10104046,-0.24899682,-0.072959505,-0.35635304,0.021078892,-0.14568982,-0.25284493,-0.06888004,-0.028139086,-0.20671475
-0.14802018,-0.023225045,-0.02195037,-0.12840763,-0.009076019,-1.4137731,-0.038507562,-0.05192434,-0.11864377,-0.08294874,-0.02086333
-0.05951689,0.06271256,0.045561634,-0.06044841,-0.10374943,0.053294577,0.0132866595,0.027499761,-0.036475908,0.00057393825,-0.24987109
0.05804109,-0.004132722,0.08242758,-0.015502252,0.036686316,0.18416774,0.034062974,0.117141575,0.18535621,0.10947777,-0.21657272
0.019307118,-0.056664687,0.06706093,0.18744084,0.0909892,-0.48832446,0.09780118,0.06470726,0.036594324,-0.016626561,0.22024411
0.009515256,0.0037341735,0.030144839,-0.06779485,0.055751145,-0.023102092,0.08546615,0.1682655,0.07585223,0.018359365,0.25813493
-0.059433028,-0.089970596,0.011173329,-0.3248021,-0.016156953,-1.0307208,-0.034229733,0.051379517,-0.019011984,-0.13197005,0.014807272
0.05675017,0.35213488,0.0251589,0.008057154,-0.04071978,0.08882367,0.030837893,-0.077439085,0.06429871,-0.062233146,-0.08133296
0.024152072,-0.15205032,-0.013593478,0.1013557,0.03305964,0.054356232,-0.011913616,-0.20603827,-0.045808196,-0.027781896,-0.2631636
0.012245865,-0.12207464,0.019871816,0.09612321,0.07423939,-0.18328859,0.04584261,-0.10744571,-0.08315413,-0.05018143,-0.12055856
0.0306448,-0.12555505,0.0347117,0.19649461,0.032851607,0.10534921,-0.075636655,-0.14525361,-0.018111514,0.081053555,-0.22136386
0.005570352,0.056659617,0.03578636,-0.20439346,0.03925077,-0.044251636,-0.035854425,0.15581171,-0.04635178,0.006233879,-0.06931798
0.02304656,-0.15524513,0.0020792964,0.078914784,-0.14766979,0.065967135,-0.08740755,-0.16278267,0.007733882,0.015127954,-0.32386822
0.020169843,-0.3132453,-0.18357863,0.095766105,0.050224423,0.07793763,0.017123392,-0.068440795,0.11125627,0.07885907,-0.2135604
0.028947657,-0.30976763,-0.17107879,0.105436146,0.0659347,0.07932258,0.017951248,-0.06507279,0.11209459,0.08208721,-0.19896294
0.045866024,-0.39537138,-0.14534809,0.10769307,0.037566893,0.09303413,0.02237377,-0.069607526,0.09886317,0.07757019,-0.21186157
0.046541255,-0.45310602,-0.17566907,0.11547091,0.058655933,0.07079984,0.019455858,-0.067994766,0.07678148,0.07056987,-0.2154411
-0.08185148,-0.0038845984,-0.014322627,0.17855994,-0.1471659,0.051688295,-0.022972759,-0.2013115,0.0066165286,-0.06978196,-0.31173384
0.03605984,-0.4909488,0.03343323,0.019775668,-0.09252349,0.07823634,0.06756214,-0.071790345,-0.10486841,-0.020529484,-0.27567953
0.018196093,-0.13314144,0.0016235253,0.12754212,-0.012845763,0.07763178,-0.10897488,-0.17640053,-0.055565514,0.06690181,-0.22967407
0.02492699,0.24743421,0.02527217,0.053992435,-0.006629008,0.09818512,-0.03159331,-0.11849543,-0.044512432,0.082928255,-0.17896715
0.019331114,0.18924259,0.03768313,0.10047368,0.016867885,0.10307911,-0.04084245,-0.11094992,-0.051059455,0.09449239,-0.17849517
-0.05427171,-0.010607922,0.012233569,-0.123509176,0.0052202484,-0.38914317,-0.16034546,0.07208424,-0.10343199,0.01961977,-0.07103377
0.021362469,-0.24397746,0.03258074,-0.19603992,-0.008232937,-0.18098114,-0.2500804,0.02769145,-0.08766052,-0.03588024,-0.15195213
0.037899174,-0.04734569,0.0693301,0.07756777,0.082169786,-0.2805851,0.060218565,0.14198723,0.05113144,0.03916866,0.4030981
0.048871443,0.003881592,0.08473421,0.015793052,0.07787407,0.021909144,0.06769394,0.18376526,-0.05781014,-0.021827562,0.54161847
-0.024145983,-0.03622017,0.12864602,0.09098436,0.08439157,0.12981361,0.11523511,0.20067151,0.13078341,0.1121738,0.513189
9.49059e-05,-0.1683276,-0.012167108,-0.017000329,-0.011262435,0.076062314,-0.27277026,-0.08747562,-0.04887819,-0.06615364,-0.14113562
0.0045738826,-0.16851792,0.069332816,0.052686676,-0.12126747,0.06555723,-0.1254343,-0.16458319,-0.01966639,0.0059678894,-0.26377773
0.028268982,-0.16254836,-0.03459725,0.08247141,-0.055347342,0.05445884,-0.10927347,-0.17050414,0.012839698,-0.0064117624,-0.27464053
0.05997913,-0.18765487,-0.0029623373,0.03936075,-0.030701527,0.073569775,-0.06917952,-0.18888105,0.009658356,-0.03188576,-0.33227897
0.033182565,-0.12455343,0.053444814,0.06285936,-0.12591405,0.07408088,-0.09042014,-0.10107577,-0.038997024,0.023672115,-0.22182326
0.094393626,0.08963862,0.030946583,0.44727322,0.00891017,0.093621604,-0.04450064,-0.19135211,-0.007130884,0.021063233,-0.18623313
-0.1272702,0.16638233,0.03685799,0.037437882,-0.021698184,0.09596698,-0.0021590125,-0.06351136,0.10242896,-0.07114771,-0.036012277
0.040696785,-0.14748901,-0.02383772,0.039533727,-0.16672349,0.069418505,-0.08757218,-0.16039023,-0.05531437,-0.00041319878,-0.21646595
0.0021604132,-0.009743064,-0.14468168,0.12080008,0.045827072,0.04991239,0.040571332,-0.067089565,0.2525609,0.1062165,-0.19733813
-0.07512229,-0.72822255,-0.027591797,-0.2802743,-0.24493946,0.009335273,-0.15475246,-0.28536746,-0.06025145,-0.042538237,-0.5240484
0.010284109,-0.12341456,0.06543174,-0.13024083,-0.017767688,0.07311069,-0.14329831,0.06560831,0.18130828,0.016489338,-0.27303585
-0.038371034,-0.14677846,-0.13701977,0.11880237,0.012227228,0.06966455,-0.04348464,-0.17930946,-0.02820959,0.059275378,-0.29654562
0.027018117,0.1677873,0.013528619,0.017963164,0.005745301,0.19649394,-0.02419764,0.057902787,-0.057723325,0.11081652,0.09672241
0.019847967,0.23188615,0.010084291,0.17201298,-0.029377963,0.104231894,-0.023648191,-0.15911974,-0.020062903,-0.067167774,-0.17408465
0.045804493,0.20307964,0.03795263,-0.0010287812,-0.014545842,0.030719709,0.07158574,0.047545314,-0.06170002,-0.04776531,-0.061633836
-0.038198728,-0.06220509,-0.18802913,-0.03679019,-0.11888523,0.112717606,0.06224277,0.13661177,0.04993575,0.09815449,0.052788444
-0.02003366,0.19803174,0.038996823,-0.17980216,-0.03910596,-0.16954653,0.055129066,0.054843817,0.01743507,-0.012331812,-0.039316107
-0.048245568,-0.051061995,-0.17534,-0.11379727,-0.016082333,0.11132682,0.021310516,0.13059212,0.09685356,-0.051057998,0.19838883
0.068410665,-0.11772582,-0.00074427057,0.055073034,-0.048104737,0.08229821,-0.012809667,-0.08098666,-0.044052847,-0.030409366,-0.22947735
0.013406786,-0.19442706,-0.016832752,0.03833737,-0.051427104,0.074327886,-0.015218226,-0.08507576,-0.043503005,-0.038802367,-0.24078743
0.061564032,-0.1347189,-0.0053612976,0.03769426,-0.040616818,0.08779439,-0.009025816,-0.07689061,-0.04051433,-0.032863524,-0.22703864
-0.000271374,-0.11769655,0.0644571,0.034364607,0.09835112,0.092799254,0.050995916,0.030051202,-0.06450738,-0.03942961,-0.042453453
-0.0061797774,-0.11156635,0.00227211,0.025969261,0.09779676,0.08095579,0.012121468,0.02673264,-0.070747904,-0.04184095,-0.040705863
-0.0022363414,-0.0012860451,0.066993296,0.01325064,0.09098562,-0.11950384,0.061196532,0.10249273,0.2314226,0.040791456,0.20923945
0.03056752,-0.034493495,-0.16167082,0.21685615,0.12984234,0.11763453,0.039686892,0.08134842,0.23138651,0.08221241,0.62590945
0.041566044,0.029975498,0.073669225,-0.001184462,0.04057969,0.10140804,0.015376155,-0.081200734,0.18819909,-0.062055692,-0.20961282
-0.016295474,-0.08008374,-0.14668152,0.0402062,0.09454869,0.091699675,-0.003955236,-0.06496877,0.025075234,0.08287375,-0.23625705
-0.04224587,-0.10385436,-0.15976588,0.035289153,0.009041327,0.08281816,-0.0015564247,-0.07492762,0.024014918,0.082159504,-0.23510107
0.03523746,-0.09425263,0.057536084,-0.084021814,-0.03055261,0.11175725,0.115675226,0.10410736,-0.034679174,0.014803814,-0.2645587
0.015031696,0.034264714,0.021531444,0.04155773,0.05922176,0.06842779,0.040332794,0.030559761,-0.08040089,-0.038723078,-0.05778051
0.01370083,0.050703544,0.017231148,0.08363818,0.05443754,0.06703039,0.03483855,-0.07626349,-0.06774079,-0.0487748,-0.05988057
-0.053059336,-0.054990713,0.06024831,0.12940267,0.13702732,-0.076838344,0.06626662,0.038960427,0.19411995,-0.026719408,0.2114365
-0.027789477,0.43141195,-0.019729408,-0.035028804,0.045281198,-0.4011554,0.017714504,0.045084856,0.050178792,0.0796793,-0.047980867
-0.0008000949,0.49498546,-0.0052107973,-0.055742107,0.06212248,-0.043837346,-0.03770891,0.073655926,0.19803455,0.09707443,0.02143743
0.0024739276,-0.05442882,0.03393057,0.13794363,0.09461282,0.08703827,0.049329065,-0.07460657,-0.06429445,-0.023869475,-0.039988484
-0.062046926,-0.112367764,0.059990898,-0.09096649,-0.03295416,-0.37157163,-0.14651003,-0.02705856,-0.109212816,-0.013965823,0.062061157
0.050368343,-0.10931861,0.21436481,0.055970106,0.094203696,-0.65351266,-0.27391994,-0.099314004,-0.027109975,0.067762114,-0.09846797
0.03671036,-0.031796493,0.015816873,0.089649394,0.06670175,0.07801581,-0.08600667,-0.12756446,-0.083564155,0.09300608,-0.14360027
0.004906973,-0.110069335,-0.13046657,0.03281631,0.085651964,0.08596089,0.049177136,-0.08229956,-0.057815477,0.05828123,-0.22081898
0.030352036,-0.09769448,0.043643836,0.07561032,0.052426726,0.07136704,-0.13018544,-0.111009404,-0.05016514,0.021547006,-0.21042486
0.0030295465,0.12597765,-0.014536207,-0.20454857,0.040230386,0.05660036,0.0020595696,0.014244452,-0.08860414,0.006022789,-0.041303124
0.022769578,-0.011035144,0.060402017,0.07190792,0.09958716,0.13281052,0.07305199,0.238885,0.22452663,0.13473092,0.4989553
0.018706812,0.05961688,0.02227031,0.034550104,0.054029055,0.07401048,0.039014835,0.035621285,-0.070430785,-0.037947267,-0.059783347
-0.0098250825,0.010102731,0.04503721,-0.05657742,0.056504466,-0.08624329,0.061386988,0.17645562,0.018006863,-0.022271046,0.27565444
0.019190036,-0.07867485,0.031208,0.099140674,0.087315634,0.087945156,0.032848272,-0.10486477,-0.036118932,-0.027217822,-0.23127696
-0.03918433,-0.030891396,-0.010731459,0.04372688,0.0918871,-0.21765804,-0.008182259,0.03166098,-0.01625538,-0.019980604,0.023878997
0.0040682834,0.017008511,0.04677366,-0.08464204,0.07710145,-0.10910137,0.0054671466,0.16303273,0.08435019,-0.038236964,0.18030523
-0.058683794,-0.052043155,0.0779481,0.17131463,0.013102851,0.08107888,-0.032412816,-0.19200613,0.009397482,-0.045089383,-0.29045752
-0.029028539,-0.030636147,0.02261507,-0.14641304,-0.027002305,-0.3420928,0.073728174,-0.16831367,0.19220069,0.004357105,-0.07998567
0.06051006,0.23794685,0.0424161,-0.046553526,0.007403277,0.16353427,0.06535358,0.0982147,0.23562193,0.28849667,-0.059505172
0.051618278,0.21434839,0.018111365,0.08492246,-1.1189659e-05,0.026325375,0.017407646,-0.16186206,-0.027105894,0.05646231,-0.2620372
0.019275518,0.075381435,0.0421588,-0.077836156,-0.024737585,-0.1936481,0.01109514,-0.09608874,-0.0325542,0.028332515,-0.15935676
-0.007462691,-0.029337127,0.044180416,0.09939025,0.03150606,0.081998035,0.023977963,-0.19232935,-0.059675723,-0.036421794,-0.3085255
-0.02950866,-0.15471248,-0.015433213,-0.041954916,-0.17655115,0.08677403,0.051499575,0.01453871,0.03763151,0.08182135,-0.23871645
-0.032925628,-0.11606999,-0.007262309,-0.043270648,-0.15443309,0.098153785,0.044640273,0.02684417,0.037222836,0.1257799,-0.22992407
0.051920168,0.32235828,0.041486453,-0.01053431,-0.073444545,0.082851976,0.03793829,-0.048735455,0.010276471,-0.042408124,-0.2404657
-0.008055495,-0.017623346,-0.24188688,-0.1342514,0.1157913,-0.042067822,-0.05179822,0.21771064,0.19790561,0.038259175,0.1615955
0.0013563035,0.3736595,0.014408129,0.13072084,-0.0008576239,-0.079577245,0.04813327,-0.17070918,-0.020084454,-0.046187483,-0.1626802
0.025379987,0.33162966,-0.019699255,0.2629424,-0.08714988,0.076954424,0.06494155,-0.18952106,-0.02473051,0.019833516,-0.16942474
-0.00063576695,0.25521103,0.020010358,0.13026492,-0.107933156,0.09514793,-0.0076606823,-0.16084573,-0.027071524,-0.04906128,-0.17335448
-0.020995514,0.3231952,0.0566305,0.026771793,0.011362623,0.11707705,0.0073875985,0.103228316,0.062357865,0.1320391,0.15099548
0.033290796,-0.08586541,0.044971794,0.196084,0.06897249,0.059526995,0.045707755,0.03891557,-0.075108156,0.053558923,0.3835366
-0.010794632,-0.12340513,0.056359418,-0.013367016,-0.1294906,0.030770242,0.1032295,0.013044799,-0.050611217,0.014999533,-0.22364582
-0.044527914,-0.079496115,0.04100248,-0.011863483,-0.012660222,0.09478715,-0.0560414,-0.05858232,0.036239985,0.05801374,-0.22479922
0.13126822,0.12912735,0.009218343,0.41770497,-0.09135789,0.06714406,-0.03326548,-0.1913815,-0.01690773,-0.012451983,-0.16700146
0.0259211,-0.059312105,0.060563605,-0.021671839,-0.05849022,-0.034942232,0.029473417,0.026662089,-0.04238255,0.12426543,-0.21966372
-0.2386224,0.12613143,0.01792899,-0.06661795,-0.07575176,-0.12718002,0.017873676,-0.050884914,-0.032706194,-0.038228747,0.026029715
0.029509269,0.10049697,0.030376688,0.017548198,0.017482987,0.14388385,-0.043420125,0.06763348,-0.053508896,0.08277462,-0.07051653
-0.03916656,0.059139352,0.035985615,0.1020646,-0.012506052,0.08432462,-0.06474399,-0.23972951,-0.008962206,0.02123992,-0.09244977
0.015822703,-0.1222531,-0.22929654,-0.18183032,-0.01651923,-0.014735755,-0.07187462,-0.066289544,-0.044136688,-0.023080857,-0.2652036
0.06635903,0.3141486,0.034575604,-0.006113674,-0.08829039,0.08627047,0.11759099,-0.06957542,0.09008965,-0.05035581,-0.24357101
0.06055958,0.16363592,0.018916134,0.029934952,0.07434958,-0.09886931,0.012770259,0.06905186,0.17301352,-0.04050623,0.1512368
-0.07588608,-0.016076686,0.046803616,0.010610714,0.10067653,0.1269705,0.103995,0.2006091,0.20584306,0.07484717,0.40858203
-0.083599485,0.16768545,0.052642547,-0.062831186,-0.22325252,0.06764997,0.05068211,0.034512594,0.09924839,0.04630909,0.051745266
0.029243764,-0.13344403,-0.13860306,-0.105131224,-0.09654149,0.12246798,0.009839441,0.054052588,0.014646801,-0.03967925,-0.25026807
-0.00071854494,-0.13828252,0.01683481,0.012884123,-0.0026650557,0.09495022,-0.10619908,0.011558812,-0.065077424,0.07910277,-0.07641159
-0.01576715,-0.15970746,0.04227828,0.15144727,0.019186089,0.032621384,-0.16982299,-0.11591966,-0.113215625,-0.08245309,0.19520867
0.0545464,-0.54785657,-0.13119376,-0.24832027,-0.0021884115,-0.11055132,-0.083767965,0.020216903,0.11052361,0.06430226,-0.13640663
0.037234068,-0.070880204,0.085369796,0.0020023535,-0.013981186,0.07557227,0.0014504888,0.056508504,-0.03562755,0.018084712,-0.27541965
0.031188993,-0.038426083,-0.1651366,-0.07062673,0.16335398,-0.07769326,0.05355108,0.3207111,0.1455033,-0.03002871,0.37292904
0.04250871,-0.116868146,0.07074341,-0.09123557,0.104755275,-0.2339198,0.08753729,0.0799813,0.11546707,0.020365223,-0.079840556
0.057129774,0.17782743,0.005605412,-0.11203944,0.011125279,-0.059649426,0.1487274,0.05355947,-0.030035473,-0.013184734,-0.13912708
0.0020076956,-0.13466628,0.022519767,-0.011426363,-0.020293694,-0.111872986,0.04467926,0.044252384,-0.046667334,0.075640805,-0.18966688
0.044190288,-0.12053915,0.011265885,0.1949164,0.0006207524,0.08099722,-0.10557472,-0.16619915,0.00121272,0.0065094535,-0.31748408
-0.014932598,-0.1149885,0.085542984,0.11349297,-0.1228553,0.022795055,0.020820055,-0.1498025,-0.0063696643,0.011786648,-0.30651808
-0.041095786,-0.0035150582,0.058116004,0.036156308,0.17689405,-0.042091582,0.09703711,0.18176198,0.22385679,-0.0145520605,0.2029829
0.010231831,0.100480095,0.20067288,-0.0856629,0.08554993,0.024451695,0.07979452,0.2156572,0.26223293,0.0014598385,0.091721326
-0.005508744,-0.16309339,0.017312061,0.009370816,0.015086706,0.06723405,-0.24168997,-0.08343175,-0.041671757,-0.032977156,-0.1934335
0.05039955,0.08388727,0.047228828,0.025797848,-0.030784575,0.09110468,0.042303123,-0.108285226,0.12244203,-0.052343085,-0.23356721
0.03646659,-0.119613774,0.035187773,0.19966869,0.18032229,0.120806895,-0.06855607,-0.16175008,-0.045549445,0.07372585,-0.28546894
0.045443077,-0.16424479,0.046871744,-0.12638386,0.032620188,-0.2557338,-0.23457773,0.13771588,-0.03313417,-0.03113306,-0.15065716
0.008321798,-0.20172502,-0.11661352,0.11260954,0.13059194,-0.10819883,0.10240948,-0.0770808,0.114651546,-0.037192665,-0.071693845
0.029447641,0.026631564,-0.10223142,-0.074937135,0.11228892,-0.15674482,-0.0621037,0.14907663,-0.0784265,0.015668876,0.28822118
-0.006452689,-0.12941809,0.006767644,0.09583085,0.017019242,0.08766742,-0.04200725,-0.2006655,-0.047482084,-0.04879908,-0.4023637
0.008201815,-0.05331341,-0.28405115,-0.17832595,0.0028059436,0.021003937,0.036620937,0.032449555,-0.06509199,-0.055468295,-0.20689853
-0.005413424,-0.0798308,0.009980116,-0.092429295,0.06781246,0.09336437,0.056368906,0.040599067,-0.061747745,-0.015576279,0.13080965
-0.017826201,-0.0143205775,0.017042084,-0.115101606,0.068903096,0.09110451,0.054381948,0.029722046,0.2200433,0.02434845,0.0897868
-0.050950877,-0.04199575,0.06694679,0.049971893,-0.02740228,0.06993781,-0.048592374,-0.23746625,0.01777858,-0.043382354,-0.29856235
-0.014395447,0.067688696,-0.00345422,-0.0010792199,0.024347426,0.07740194,0.03697524,0.15147008,0.102862075,-0.05865098,0.1550092
-0.0026444292,-0.06604574,-0.2423802,-0.081034355,-0.12185654,-0.024089348,0.010681225,0.013991636,-0.023343029,0.006879987,-0.26511544
0.0061077853,-0.13112324,0.058929674,0.0819841,-0.0073012062,0.06892908,-0.15078144,-0.14138111,-0.011302063,0.031178895,-0.25737232
0.008587027,0.045742165,0.028761758,0.110775165,0.04008594,0.08728022,-0.055537462,0.05297633,-0.09202743,0.061554432,0.49219406
-0.09078178,-0.03262008,0.05280438,0.06796225,0.11943668,0.108071506,0.054804146,0.18196176,0.2170804,-0.05155561,0.6701886
0.010862945,-0.2275074,-0.03764034,-0.20103723,-0.017128449,-0.29998323,0.08737948,0.009342712,-0.069496706,0.017921995,-0.24102868
0.0020799409,0.23445585,0.040723093,-0.20257515,-0.00041643533,-0.0015474472,0.062429897,0.005208179,0.015019012,0.021089852,-0.08297065
0.039788976,-0.004972429,0.019931197,0.0910936,0.070930116,0.061323915,-0.004274989,-0.18501624,-0.026648507,-0.026045691,-0.25414085
0.066671096,-0.09580799,0.05363863,0.14773937,0.04993534,0.08913195,0.029665357,-0.19595318,0.06464622,0.03874316,-0.26100886
0.0038430393,0.2198002,0.0016979924,-0.26553854,0.024921468,0.049055394,0.003964818,0.010703856,-0.08349443,0.016276853,-0.052054323
0.037192035,0.12125486,0.0746951,-0.22663257,0.008205262,0.0003022277,0.048780296,0.024416124,-0.06468433,-0.082987525,-0.16363744
0.010543614,-0.06378531,-0.16030051,0.058990456,-0.027547535,0.052205663,-0.0825009,-0.15733717,-0.017082367,-0.028194118,-0.29255804
0.016140016,-0.16802174,0.054184787,-0.05887143,-0.117985256,0.08612422,0.052841153,0.02333626,0.059347987,0.03970683,-0.059621334
0.06278822,0.032876812,0.04439534,0.007266243,0.06005609,0.08470452,0.024349345,0.15535481,-0.05373024,-0.04994343,0.49909312
0.058101002,0.09384911,0.0551122,0.07254081,0.005553559,0.085693456,-0.12258893,-0.11921694,0.019967359,0.037856355,-0.06475168
0.058070492,0.093847394,0.054042514,0.06878864,0.00544186,0.08493426,-0.12567022,-0.11921694,0.019967359,0.037856355,-0.06466602
0.0367909,0.08512999,0.030927189,0.07350379,-0.017089428,0.121870376,-0.045299012,-0.12101425,0.13195868,0.008893214,-0.05161489
-0.0021440417,-0.14657542,0.025819119,0.17904699,-0.1317822,0.062235713,-0.111385375,-0.18199071,-0.0035709783,-0.022847282,-0.2959117
-0.033499174,0.12614372,0.06988677,-0.2272797,-0.11387532,-0.0872088,0.05736516,0.017598752,-0.022393988,-0.0072169304,-0.21090718
0.0355117,-0.19940093,-0.03538098,0.16728136,-0.067853026,0.08933419,-0.09841536,-0.14264736,-0.0121329585,0.007252624,-0.29973614
0.029177865,-0.13233496,-0.23503278,-0.12183896,-0.00888487,-0.06787218,-0.060527742,0.01663297,-0.05424307,-0.048956726,-0.18999363
0.09872917,0.37393653,0.05068994,0.019595366,0.010289586,0.1623492,-0.041596256,0.08333294,-0.029445428,0.09833489,-0.1719152
-0.01153255,-0.3808628,-0.22027527,-0.11635557,-0.16890875,-0.123529136,0.026502382,-0.045281667,-0.04038251,0.011928885,-0.19146188
0.05854575,0.03439585,0.09268046,0.24676819,0.14652714,0.117351994,0.032355823,0.11730002,0.14052428,-0.058043383,0.43047154
0.06738104,0.03641445,0.014847087,0.11475348,0.117912404,0.009317071,0.087476395,0.06244021,0.15539497,0.036542997,0.38606307
-0.03891865,-0.061825193,0.04112876,-0.04312271,0.023795819,-0.075777926,-0.17590588,-0.009550042,0.0077111493,0.025799839,-0.22333571
0.066919364,0.14375854,0.05367701,-0.07283063,0.066485636,0.17748934,-0.09110963,0.17970125,0.21430409,0.12291407,0.4197691
0.015537567,-0.06907667,-0.24865645,-0.14024581,-0.07781427,-0.03280814,-0.00087727857,0.020688085,0.016125793,0.014776622,-0.26448938
0.037017293,0.037391536,0.011552203,-0.09042249,0.10196036,-0.018493725,0.0118980585,0.1347556,0.07956454,0.098441705,0.1744854
-0.019273475,-0.123413645,-0.15203151,0.045896042,0.1105583,0.032943554,0.06150268,-0.08345953,0.05773249,0.064455904,-0.060261887
-0.09849081,0.015606047,0.04920698,0.032415424,0.09998452,0.17003182,0.121309586,0.16924083,0.2898227,0.10913311,0.6859401
0.019229174,-0.18561405,0.035244368,0.21672142,-0.0077951765,0.083878316,-0.059473112,-0.16977428,0.05499869,0.03773915,-0.28032
0.01763235,-0.009890396,0.026469273,0.0692571,0.076970436,0.053005,0.022127094,-0.2931669,-0.0842617,-0.0799543,0.09712882
-0.035191275,-0.1984359,0.035003986,0.015096927,0.012986989,-0.19129442,-0.4965438,-0.14416496,-0.1820624,-0.04150044,0.12555532
-0.11826446,-0.06515589,0.03920459,-0.0066510974,-0.23072359,0.08897735,0.016813612,0.030219685,-0.056706294,-0.087024555,0.38868544
0.054980177,-0.056420688,-0.035188418,0.2771659,-0.031223865,-0.018155439,0.10637203,-0.23233505,0.25330773,0.02425653,-0.25844485
0.028046751,-0.037687518,0.045986556,-0.06110134,-0.14763884,0.07901267,0.15475622,0.07484032,0.25425643,0.03789742,-0.0013491363
0.020037381,-0.48575664,-0.04405324,0.12336541,-0.098164506,-0.03980846,-0.029844275,-0.12213769,0.033218533,0.028573005,-0.21881391
-0.07492969,0.07081633,-0.025627453,-0.20888238,0.047525007,0.05118128,0.088557966,0.0046021915,-0.07456706,-0.0697668,-0.11357428
-0.02801839,-0.05103792,-0.16371411,0.0150968805,0.0154329585,0.07175847,0.056277182,0.015585275,0.2784129,0.05502699,-0.05741086
-0.05032849,0.00057855895,0.0551535,-0.055466592,-0.012871113,0.10123914,0.12157171,0.06257711,0.28154504,0.033233713,0.004399805
0.025855424,-0.046286684,-0.035190105,0.2813504,-0.0328499,-0.016091472,0.10456742,-0.23111296,0.24696457,0.022120954,-0.25499552
-0.017471079,0.017037539,0.078004174,-0.07853127,0.13203393,-0.22796373,0.06735003,0.26130164,0.049257368,-0.027773274,0.61372256
0.04536229,0.09737138,0.074811816,0.05944698,-0.07576222,0.0016403699,-0.0103209745,-0.10836484,-0.045811336,0.0057086716,-0.23042221
0.0011725842,-0.058225013,0.051406097,-0.06609989,-0.12162132,0.06917642,-0.11470835,0.020002821,0.03915347,0.0887718,-0.18205339
-0.06706758,-0.15558551,0.025328986,0.08994547,-0.103404574,0.021584583,-0.038089707,-0.19467376,0.05963457,0.02820105,-0.49843323
0.05054799,-0.0063710744,0.0866787,0.093155816,0.008703538,0.06683637,-0.07750547,-0.21351677,-0.033544015,-0.036226504,-0.25953302
-0.05924657,-0.0030932452,-0.18697782,0.13661918,-0.03408858,0.069182895,-0.05037692,-0.20373607,0.035494793,-0.079481184,-0.2789468
0.022330388,-0.19637544,-0.16919853,-0.007379573,0.0024326977,-0.13113686,-0.14149033,-0.007136834,-0.046425655,-0.015473801,-0.24389319
0.0144464495,-0.1625282,-0.055371813,0.11522826,-0.0181883,0.062273473,-0.106214024,-0.21906856,-0.046063438,0.006530261,-0.4274624
-0.018183336,0.094784394,-0.030259855,0.057439353,-0.14877065,0.050071057,0.083958834,-0.21360588,-0.055650186,-0.023232369,-0.27201694
0.07114122,0.2534869,0.055111386,0.08780289,0.04509766,0.10053167,0.017159259,-0.13021448,-0.048664138,-0.051895063,-0.2627772
0.011815283,-0.15020272,0.009170899,0.08208129,-0.01627106,0.0612298,-0.09564226,-0.20202106,-0.010271179,0.0048366026,-0.25884467
-0.03726534,-0.10019595,-0.11247422,0.14145885,0.07732957,-0.018286277,0.023287533,-0.18821569,-0.07790787,0.047914628,-0.24952346
0.005071511,-0.13718124,0.027669534,-0.019122064,0.07246317,0.06238385,-0.23334184,-0.06636254,-0.07462069,-0.061363615,-0.22003789
0.031189404,0.005620359,0.06784829,-0.05837963,0.0734636,-0.12534052,-0.0076205246,0.14852643,-0.011822867,-0.03983408,0.3362239
0.0587773,0.1866962,0.053091895,0.0070367283,0.08587169,0.08817946,0.0588512,-0.0656789,0.13646151,0.0031703387,-0.23150612
-0.017766548,0.17392772,-0.16413991,-0.005659646,0.063704014,0.08652186,-0.003808351,-0.040872127,-0.055924904,-0.041058917,-0.24510957
0.028830698,0.032602917,0.0106414575,0.12513061,0.055972166,0.08505223,-0.16631411,-0.19125552,-0.08406476,0.06399913,-0.22088861
0.025045218,-0.051448498,0.095924,-0.17964226,0.09059249,0.0984102,0.024740439,0.2342356,-0.097545,-0.018151278,0.44634667
0.036562063,0.12477485,0.06455012,-0.1038978,0.062687024,0.09313296,0.08951424,0.016716847,-0.05593633,0.050036907,-0.02451852
0.013956186,-0.23510593,-0.08388427,-0.08815562,-0.07098196,-0.023140473,0.015988424,-0.030850101,0.12725489,0.06758314,-0.18398727
-0.020704934,0.12360265,0.037873317,-0.047470577,0.00272587,0.16525507,-0.04231322,0.058978103,0.07868693,0.0946206,-0.021712631
-0.001983821,-0.25019547,0.02522896,0.078264244,-0.004319317,0.069729045,-0.07933396,-0.18697895,-0.04005788,0.053833466,-0.32012856
-0.06278465,-0.049110513,0.034473225,-0.12993373,-0.00817755,0.117841445,0.07658135,0.08152796,0.21352816,0.024699282,-0.05393338
-0.06685533,-0.0015312285,-0.07009856,0.15924953,0.030721467,0.07262439,0.023072373,-0.20218523,0.07626219,-0.06253049,-0.26617533
-0.009538975,-0.117924064,0.038222905,0.030208198,-0.23196061,0.06933308,-0.11799984,-0.11734697,0.02534412,0.013139163,-0.26417932
-0.017925179,0.13734743,0.012039442,-0.107235804,0.04572805,0.07013987,0.08608884,0.026760057,0.17809658,0.06194675,-0.20405768
-0.09225546,0.09886493,-0.0048620724,-0.10496821,-0.015189585,0.09449037,0.075584665,0.034510065,0.18415606,0.04430273,-0.20788823
0.03770389,-0.114464976,0.061769385,-0.17217131,0.059777886,0.084577866,0.06971544,0.070055254,-0.07856883,-0.033109024,0.015155282
0.036317043,-0.107282214,0.041717652,-0.06443781,0.024116369,0.17266452,-0.08917117,0.09240485,0.17611983,0.050511803,-0.067524046
0.046872057,-0.04333742,0.06253964,0.06673252,-0.026112858,0.08505598,-0.12919414,-0.2030831,0.007536368,-0.034358747,-0.3280251
0.036201354,-0.08867726,0.13076901,-0.1548363,0.02200841,-0.53864104,0.015205304,0.15831609,0.008077126,-0.009447439,0.447673
0.037014116,0.04846402,0.06914166,-0.017981157,0.047030285,-0.13325882,-0.13870725,0.28549716,0.006100396,-0.005066539,0.45166892
0.061108023,0.21298201,0.012439706,0.079925485,0.02429206,0.077990316,-0.12156236,-0.14624706,-0.030050801,-0.045094285,-0.16638504
-0.0069693876,0.08345728,0.06651965,-0.07239295,0.06285109,0.03304259,0.001683755,0.12102263,-0.04694059,0.0800088,0.080581486
0.041219022,0.082780585,0.02875657,0.024090227,0.016186055,0.0363451,0.025338845,-0.097420655,0.19929864,0.09607143,0.043510947
-0.062251408,0.011637961,-0.24368626,0.16644134,0.06693043,0.0686163,-0.07701395,0.082626164,0.08776126,0.0008756342,0.5046259
0.014233107,-0.18753074,-0.076346815,0.121254355,-0.018692786,-0.059996493,-0.11911097,-0.21707106,-0.02304513,-0.018483298,-0.68444467
0.030022722,0.031365152,0.042052705,-0.10421414,0.046707872,0.123492405,-0.014587957,0.13025211,0.047951054,0.041454643,0.39735398
0.0067256773,-0.12759244,0.016663453,-0.15390311,0.004361784,-0.26189214,-0.098719515,0.037511945,0.0015817549,0.062143743,-0.21598752
0.028912675,-0.09954721,0.009079936,0.16065481,0.02914741,0.07619927,-0.09744045,-0.18570404,-0.013971196,0.01526175,-0.24142246
0.0035909717,0.2428329,-0.027639367,0.29317224,0.024908954,0.07258581,-0.07389394,-0.1974701,-0.017026816,-0.0010810245,-0.20798299
0.029401602,-0.14955415,0.048779223,-0.017114349,0.06255455,-0.4613691,0.013729774,-0.06193413,-0.011147837,0.0576856,-0.15471384
0.030038409,-0.14564064,0.055298917,-0.021603983,0.07552161,-0.49602124,0.016009072,-0.06582153,-0.017637663,0.04630103,-0.15817104
0.0031743897,0.37131613,0.08844907,0.22247809,-0.07312608,0.083523296,0.0032454454,-0.1645756,-0.006169393,0.020870917,-0.22358786
0.056565695,-0.19067466,0.016575245,-0.019474227,-0.10199725,-0.55492735,0.06215753,-0.02756657,0.0015915242,-0.0048234286,-0.23017198
-0.042675775,0.078677915,0.058318704,-0.022321187,-0.00042366932,0.08045635,0.016551003,-0.0052789836,0.03743388,0.058340847,-0.17765239
-0.052955862,-0.46226,0.044907242,-0.0041059046,0.085579894,0.10284225,0.029142613,0.13953817,0.19233362,-0.05166111,0.34969375
0.02200467,-0.04840848,-0.25217396,-0.1598122,-0.0071451752,0.14965904,0.04279816,0.028714877,-0.061473,-0.05872619,-0.19429632
0.049639124,-0.06694821,0.051516034,-0.08272543,-0.0010798847,-0.57020044,-0.005776433,0.1300356,-0.0126920445,-0.02022992,0.4898789
0.030382235,-0.009839663,0.05530112,0.04119434,0.015175927,0.08520246,0.022434205,-0.016236933,-0.09027509,0.060941733,0.13509706
0.01563067,-0.050568856,0.05153047,-0.06539728,0.04763585,0.037301183,-0.1982183,0.042602286,-0.094076134,-0.030014306,0.17408216
0.036128104,-0.07945172,0.025354734,0.15072039,0.10619632,0.09934721,0.09138167,-0.08463394,-0.06104086,-0.012726473,-0.1010982
-0.040015925,-0.12939173,0.0010619102,0.009798388,-0.187365,0.08069452,-0.019749759,0.053664185,0.15102164,-0.051571384,-0.03641795
0.045196578,0.24958472,0.013273572,-0.10344874,0.0046226275,0.09740852,-0.007803801,0.08014013,-0.022632798,-0.052482374,-0.22515771
0.030484114,0.2590473,-0.003379433,-0.096703455,-0.0063456846,0.13762943,0.0004379804,0.03716948,-0.11577524,0.10724528,-0.03490657
-0.075062,0.2894595,0.06315802,-0.08135741,-0.07672061,-0.0931635,0.068967484,0.06415577,0.16395684,0.08331524,0.04523183
0.02069207,-0.17306028,0.05351517,0.26666602,-0.01259362,-0.5309081,-0.14434585,-0.12885283,-0.03854642,-0.015045327,0.16115217
-0.013666504,0.24051732,-0.0018260526,-0.062650084,0.023545086,-0.629677,0.04757299,-0.09282049,-0.04143995,0.050532605,-0.14644884
0.03006216,0.009305839,0.035814814,-0.16764447,0.0504932,0.004160597,0.010660005,0.16331764,-0.10406645,-0.0106142135,0.14396873
-0.013747901,-0.047225326,0.04934086,-0.07683165,0.056868333,0.045232214,0.099528596,0.21477757,-0.09520669,-0.025332915,0.14634813
-0.0030305954,-0.050896842,0.029439848,-0.17214093,-0.013957353,-0.9959758,-0.04784314,0.13178848,0.16284962,-0.06867889,0.049102772
-0.017343204,-0.1281058,0.054858305,-0.0013617754,-0.06735283,-0.0063863476,0.048230708,0.051100615,-0.0054223184,0.0013999809,-0.26425275
0.0074454574,-0.14330259,-0.21304324,-0.04227623,-0.032948524,-0.89801735,-0.40792036,0.080687836,-0.037945267,0.007835578,0.23893708
-0.08805108,-0.038186423,-0.18273856,-0.07053165,0.08986744,0.099276364,0.07014575,0.1714145,0.14649831,-0.073838025,0.47147518
0.008796612,0.060159978,-0.29391825,-0.0887834,0.10647955,0.04358144,0.004679142,0.16794714,0.20905553,-0.068007894,0.36203527
-0.029659873,0.06425959,-0.021444349,0.033629008,0.09182709,-0.049005225,0.064231426,0.058943577,0.1621378,-0.040075753,0.17456016
0.0036078591,0.3065179,0.05984046,-0.015815565,-0.025810855,0.09314793,0.04119432,-0.11958515,0.17264588,0.046531886,-0.23974012
-0.028276712,0.21278192,-0.018954584,-0.01123328,-0.036542617,0.0657852,-0.0003882262,-0.03781392,-0.026086012,-0.019975416,-0.26084253
0.05659832,-0.0010966125,0.053716123,0.18630858,-0.13191628,0.08815713,-0.11165339,-0.19015345,-0.013094446,0.007233936,-0.2648749
0.002515651,-0.1549075,0.0028035487,0.09999525,-0.0022268961,0.082291774,-0.06909522,-0.2343282,-0.020659117,0.013077314,-0.30085418
-0.03719051,0.081418715,0.042294454,-0.06923762,0.00065393985,-0.08259762,-0.16858955,0.019395545,0.0065175993,0.034256473,-0.052378025
0.02267005,0.005852791,-0.060005806,-0.012212972,-0.14601734,0.101851545,-0.12042844,-0.09023728,0.10549701,0.010412702,-0.25003693
0.0031803604,-0.12547788,0.03069551,0.10913267,-0.0106334835,-0.6831675,-0.18900631,-0.2221781,0.10368241,-0.025334632,0.04684874
0.019913008,-0.1693395,-0.03181332,0.10790044,-0.064237654,0.010715001,-0.025443804,-0.2218322,-0.031611316,-0.03352372,-0.40603942
0.0032911187,-0.051722176,0.030390428,-0.06301243,0.02791748,-0.12147646,0.020403968,0.0767259,0.17324872,0.10858478,-0.19583337
0.02137671,0.0717118,0.034540508,0.07027581,0.08103434,0.089474015,0.004298262,-0.10328502,-0.05235795,0.08446523,-0.18641494
-0.0047073714,-0.119565584,-0.18297279,0.29024208,-0.005570316,0.075935215,-0.043744385,-0.17992856,-0.044888005,0.012539172,-0.27218813
0.00046082024,0.16899474,-0.18936302,-0.08227227,0.008151189,0.11186547,-0.0044423714,0.03313364,0.15066163,0.1186702,-0.17177854
1.2938282e-05,-0.03961291,-0.037031107,0.10791243,0.11386149,0.09329266,-0.07786824,-0.14066729,0.16769347,0.09491031,-0.24784805
0.008033821,0.074077435,0.026082579,-0.081583865,-0.06432657,-0.44324318,0.02459523,0.13074906,0.04542645,0.024675151,0.20804662
0.062285416,0.16597034,0.05119113,-0.0701533,0.012437785,0.10558747,0.1321021,0.059084967,0.1987027,0.03918739,-0.052466236
0.040470403,-0.14507613,0.026853472,0.22551665,-0.07694636,0.08254486,-0.004999335,-0.16773778,0.0015907771,0.008214984,-0.24941699
0.015072008,0.03574974,0.05247171,-0.1747855,0.021836927,0.08780122,0.12794338,0.13262844,-0.118661836,-0.03496894,0.15386488
0.03358091,-0.054669406,0.043664042,-0.117805354,0.111847155,0.08208835,0.067643635,0.13480124,-0.08591517,-0.029784853,0.40456787
-0.07674161,-0.12555115,-0.16223332,0.1504193,-0.012357671,-0.023016613,0.01633583,-0.21201482,-0.085131176,0.04120074,-0.27869943
-0.0041943416,-0.07235835,-0.025054816,-0.033776067,-0.013890922,-0.11142706,0.066304654,0.03749862,0.073240615,0.016494641,-0.030655496
-0.103432365,0.033815216,-0.05505783,0.104167275,0.009523653,0.053871043,-0.04560951,-0.18598452,-0.0017922849,-0.07927122,-0.2451729
0.015522789,-0.08402552,-0.034354825,0.034694046,-0.035360508,0.15244693,0.040128045,0.1585722,-0.14094853,0.044505555,0.49665993
0.03550507,0.14074185,0.042612184,0.11650339,-0.00084133045,0.08844701,0.022270793,-0.112472266,-0.01388032,0.0785864,-0.16871807
-0.026244607,-0.11010915,-0.2211538,-0.049774293,-0.06530873,0.09766514,0.08773225,0.025299102,-0.07292523,-0.014564482,-0.12856852
0.022411441,-0.1447285,0.080235906,0.086616755,-0.14853534,0.09512561,-0.08975326,-0.14209141,0.0056564417,0.053652417,-0.29078093
0.031672243,-0.124166034,-0.0714872,-0.05506106,0.015626306,-0.100059606,0.06907767,0.027424995,-0.044649642,0.16183554,-0.028910512
0.00353315,-0.24382485,0.043811314,0.0119858645,-0.13520184,0.06371715,-0.032364357,-0.05437256,-0.038637307,-0.023699803,-0.27058172
0.029346863,0.12113296,0.030231752,0.13285083,-0.08988472,0.035129286,0.077139966,-0.16047892,0.009898984,-0.028601438,-0.1571491
0.017806776,-0.14542799,0.05866833,0.301854,-0.021670336,-0.56229097,-0.081544586,-0.06960281,0.06952616,-0.0043208404,0.19893911
-0.053114202,-0.008516498,0.036445968,-0.01643854,-0.014271161,0.12367934,0.021084378,0.036429785,-0.05815715,0.08956435,-0.23016119
-0.04260849,-0.011335549,0.051441584,-0.02504425,-0.07492292,0.17420101,0.025518188,0.036967207,-0.05042299,0.083461225,-0.23439057
0.021352435,-0.07775979,0.069131635,0.004200173,0.028490666,0.0935189,-0.10070401,-0.096875064,-0.045432188,0.060525514,-0.28430617
0.0204823,-0.16587982,-0.04037451,0.12080304,-0.07470089,-0.0016824105,-0.02616104,-0.21564431,-0.036012888,-0.03484876,-0.3963373
0.056114018,-0.023930138,0.061683632,0.02138594,0.074891694,0.05633086,0.055810247,0.2072803,0.11994589,-0.04021486,0.19029464
0.0012078533,-0.17543492,-0.012378762,0.1248735,0.0018116949,0.06688609,-0.09358556,-0.19687974,-0.03565946,0.03195462,-0.289771
0.047408782,0.03758285,0.038679693,0.0067346976,0.048995808,0.12467956,0.0035672768,0.12113581,-0.049489394,-0.041378744,0.52780825
0.064601384,0.05566209,0.04766687,-0.06006029,0.052458867,0.113468185,0.015979568,0.14367229,-0.06961631,-0.037668627,0.12505536
0.03718476,0.16020657,0.048192445,-0.05992212,-0.01169709,0.12051792,-0.11391442,0.018739153,-0.00990702,0.03024293,-0.080635846
0.040154703,0.13048704,0.059051275,-0.058697432,-0.010617176,0.12094109,-0.11568271,0.016567826,-0.014329395,0.029398762,-0.078507245
0.05152565,0.038778387,0.049489558,0.010858544,0.06080751,0.1015261,0.003800309,0.13913353,-0.053877763,-0.043833803,0.5191456
-0.061377805,-0.031300727,-0.023106944,0.11280745,0.09044165,0.101780355,0.042561032,0.15952167,0.17761078,-0.053843655,0.4577134
-0.050207663,0.13605356,-0.19855094,-0.017706193,-0.011751935,-0.008226834,0.0019987216,-0.0657359,0.053442203,-0.040352497,-0.26879942
0.061243173,-0.14424671,-0.11435353,0.044444643,-0.019476505,0.08688483,0.030744342,-0.06261296,-0.004088844,-0.082166806,-0.15426956
0.024219146,0.08839631,-0.13100614,0.13702141,0.029249556,0.016574314,0.049373787,-0.075612366,-0.054690424,-0.054253828,-0.18977094
0.05818021,0.039337516,0.046667542,-0.05860242,-0.011218331,0.08249153,0.08294389,0.059418805,0.26857036,0.046574846,-0.1147116
0.043874014,-0.044224523,0.062579066,0.06906433,-0.024831712,0.072035626,0.005319308,-0.20240341,-0.0027516873,0.0055643795,-0.3280366
-0.055878446,-0.056391057,-0.037276573,-0.06405599,0.115655914,0.089343086,0.06886888,0.065997,0.27708957,0.031612072,0.052240334
0.06350006,-0.017098907,0.059732065,0.018477112,0.10390253,0.13405943,0.14501008,0.052523255,0.35844955,0.024714261,0.03872525
0.032863393,0.07826088,0.058115315,0.036741827,0.015859423,-0.008333407,0.031988762,-0.10176295,-0.043093354,0.072304465,-0.24205635
0.056560356,-0.20699306,-0.011361634,0.29223356,-0.054465443,-0.5320625,-0.013093245,-0.17385174,-0.03699547,-0.012909004,-0.27322796
0.039682675,0.05596871,0.009727094,-0.20342281,0.03855789,0.1442605,0.09889075,0.034991316,0.14148106,0.014651995,0.07069612
0.003866632,-0.15715393,0.04703374,0.10635525,-0.0033570903,0.04730424,0.015247917,-0.18994898,-0.049466394,0.004302334,-0.3001276
0.0020560774,-0.08093752,-0.22496617,-0.19162811,0.0330755,-0.35953853,0.04121017,0.14773057,-0.05156682,-0.02479047,-0.04288262
-0.0049640373,-0.14724317,-0.20980036,-0.2390669,0.033679377,-0.40059325,0.04371533,0.12698217,-0.023383364,-0.027220078,-0.044999156
0.0491823,-0.028846951,0.045351323,0.026034163,-0.041981284,-0.33522952,0.115200415,0.10990093,0.3367937,0.075493395,0.031951755
0.030090583,-0.11470292,0.014670298,0.03721959,0.104826905,0.02914988,0.121274464,-0.0038981582,-0.085892804,-0.027779616,-0.040793885
-0.03479747,-0.01601249,0.045071837,0.21301712,0.1219487,0.1375887,0.13633507,-0.064748414,0.17164367,0.008101973,-0.019168613
0.025579348,0.223777,0.0107067805,-0.05478151,0.020428555,-0.077112526,-0.013695006,0.16806127,-0.033479657,0.06514668,0.14178218
0.024414215,-0.15214613,0.041628603,-0.042504907,-0.03715213,0.07122545,0.012855109,-0.025745213,-0.012431022,0.02176464,-0.2537049
0.039114855,0.068004146,0.01723978,-0.10916457,-0.006683557,0.08318409,0.00379338,0.111780405,-0.16096129,-0.041495096,0.030303016
0.011015011,-0.020344717,0.036637817,-0.0851307,-0.12230899,0.06188252,0.03874843,0.050495815,-0.08509919,0.073491395,-0.20120177
0.06937802,-0.0028608409,0.049596112,0.07262964,-0.04137489,0.06397706,0.000853955,-0.22854844,0.1330677,-0.08408856,-0.2567872
-0.04239279,-0.057856657,-0.036802128,0.050978478,0.049822975,0.07245909,-0.053620473,-0.2199151,0.045589983,-0.005190108,-0.26559252
0.03162318,-0.096405655,0.031858418,0.056273937,-0.16357514,-0.2332736,0.11165684,-0.13560332,0.22282557,0.04546993,0.0715432
0.04913745,-0.0056289798,0.06683091,0.0334149,0.0783843,0.12607428,0.10252505,0.15857008,0.03685771,0.08631959,0.49642992
0.01880353,0.060904443,0.02750941,0.013266563,0.020657998,-0.53949225,0.09489939,0.11010502,-0.0036282884,0.020806745,0.047455147
-0.045089513,0.031862825,-0.14611664,0.11919368,-0.029187175,0.051998436,-0.0052414658,-0.2273778,-0.050753847,-0.056806587,-0.36433178
-0.040639132,0.08092209,-0.14220051,0.12907083,-0.0072920765,0.054611642,-0.00081028446,-0.2350306,-0.0499221,-0.06413593,-0.3566762
-0.024517328,-0.06607507,0.051802848,0.020198142,0.07904693,-0.19120613,0.03445467,0.21412344,-0.044283908,0.045097455,0.22279681
0.029663995,-0.0045464034,0.048980325,-0.07089585,-0.12744835,0.14662068,-0.16163044,0.014175531,-0.042623118,0.024496177,0.07160802
0.021929618,0.10073718,0.05196213,-0.05703189,-0.11458673,0.14804839,-0.083236896,0.029165978,-0.03821041,0.021229906,-0.0030697312
0.04229635,0.28773764,0.06781951,-0.087186925,0.010299764,0.054568578,0.029072339,0.025446234,-0.010787339,0.033161327,-0.18650287
0.034892306,-0.16373262,0.010959028,0.10647528,-0.25857958,0.03257397,-0.06888594,-0.18071161,-0.025960071,0.025047025,-0.2722456
0.021201778,-0.0625684,-0.0052201124,0.06546346,-0.17762075,0.057536233,-0.043606024,-0.18670884,-0.095701315,0.009232977,-0.28835073
-0.01107241,-0.11345644,-0.20327802,0.042928003,0.023101365,-0.05349857,0.05310964,-0.08529794,0.1681355,0.07901072,-0.039376713
0.013854804,0.042914,0.057164498,-0.15475415,0.046597034,-0.87941194,-0.11032601,0.040296465,-0.0488708,0.03569707,-0.0074453093
-0.020561585,-0.07536186,-0.23647638,-0.07602241,-0.15004441,0.017318608,0.09453594,0.02645216,0.014641998,0.024612514,-0.28088963
-0.02285016,0.021257378,0.045606557,0.24430996,0.08618266,0.13276349,0.13909853,-0.05863421,0.14082022,-0.026296748,0.18725309
-0.07924822,-0.4301772,-0.2647627,0.11571308,-0.28854468,-0.07321693,-0.10659733,-0.25220942,-0.04682701,-0.018684296,-0.3052915
0.014408161,-0.14684026,-0.03362059,0.036881384,-0.011628999,0.10273624,-0.064926125,-0.06420403,-0.027076958,0.06975057,-0.25819585
-0.0010805884,-0.11831082,0.038611073,-0.24949382,0.07351991,-0.04232119,0.08897305,0.077156134,-0.083149426,0.06307838,-0.08061186
0.038370036,0.019673757,0.008514103,0.059317913,-0.08224413,0.04538815,-0.022204401,-0.18734802,-0.03704805,-0.054964323,-0.25958058
0.02913276,0.08801566,0.047464132,0.030153114,-0.0017619217,-0.17495543,0.051144563,0.046516925,0.03622562,0.07347013,0.05849781
-0.052509878,-0.08791144,-0.1658446,0.14711848,0.017264137,0.069315,-0.11351141,-0.17699556,0.056531634,-0.053866494,-0.2569433
-0.09403732,0.055327427,0.047595702,0.0061966437,0.073245056,0.092299424,-0.0012018175,0.03487411,0.18362257,0.0044579725,0.0795296
-0.1063473,0.10610832,-0.060771633,0.01780939,0.098191135,0.03963469,0.03801991,0.060076024,0.1776863,0.01179327,0.014960165
-0.017131254,0.106571004,0.051428646,0.018317195,0.079415,0.093312114,0.069366716,0.029865362,0.25316817,-0.052960467,0.035539452
0.012548211,-0.12263697,-0.017123323,0.10668231,-0.10979128,0.0021301648,0.00515253,-0.15075347,-0.020741466,0.07804163,-0.3045184
-0.021123383,-0.10086611,-0.19471611,-0.025699781,-0.017847802,0.06640181,-0.27885684,-0.08183944,0.047972225,-0.009285283,-0.13446262
-0.037095882,-0.13779758,-0.19420767,-0.0030066282,-0.022256888,0.07410756,-0.27901453,-0.08961646,0.045934986,-0.009708536,-0.13557114
-0.049465407,0.04724918,0.05953177,-0.1793725,-0.016179735,0.08394578,0.10921259,0.18414257,0.20534971,0.034443747,0.17022818
-0.04992877,-0.104073554,-0.034201693,0.1704622,-0.1459763,0.049894154,-0.10220558,-0.1853963,-0.01624884,-0.041114878,-0.32579583
-0.048455454,0.061595585,0.03284842,0.21493573,-0.044378947,0.101605624,-0.11680665,-0.21752417,0.06969423,0.009355508,-0.08494122
-0.023601834,0.018633047,0.066053845,0.10158234,-0.10217884,0.046590954,-0.049380388,-0.19116928,-0.017947922,-0.057566352,-0.26792082
-0.013555153,0.020084202,0.060619712,0.13285343,-0.13175236,0.062082708,-0.057484508,-0.19565813,-0.010404228,-0.05759305,-0.2670415
-0.0017407112,-0.06487774,-0.018226467,0.06118147,-0.043948784,0.06393137,-0.03238813,-0.19654575,-0.075540744,-0.049413458,-0.32649654
0.03191662,-0.19237997,-0.14944465,-0.107395194,-0.08832114,-0.53646785,0.027718702,0.025884457,-0.04519646,-0.034539916,-0.23244813
0.091502175,0.41100958,0.03981498,0.21517181,-0.076000884,0.061636377,-0.031499755,-0.19111855,-0.007658261,-0.06853205,-0.2651317
-0.03615298,-0.125178,-0.16819598,0.0094793895,0.023116317,0.063249275,-0.135158,-0.078848474,-0.05053033,0.016803961,-0.21785498
0.069502726,-0.0567526,0.05207875,0.45258355,-0.14654176,0.06514407,-0.054691363,-0.15383714,0.02547004,0.0122310165,-0.28554732
-0.06574726,0.013980512,-0.011634217,0.15743023,-0.14198205,0.050321195,0.033494975,-0.19383152,0.05845865,-0.05994332,-0.27156025
0.059931897,0.050963603,0.016788185,-0.0044195782,0.0017901852,0.2239464,0.06330697,0.1254426,0.16410746,0.16289182,0.12147579
-0.012685969,-0.048317056,0.042163182,0.084069125,0.0834651,0.1067662,0.061858244,0.05895436,-0.050390877,-0.040737614,0.41272947
-0.063259944,-0.06274093,0.050872184,0.024723524,0.13068171,0.03430357,0.06755716,-0.011661466,-0.0990163,-0.004930993,0.12972951
0.03314393,-0.15482825,-0.1662889,-0.01266603,-0.11365432,-0.19906588,0.05017898,0.022916295,-0.0038077335,-0.032072715,-0.14622779
0.03116086,-0.079349816,-0.048449785,-0.023858497,-0.16385072,0.07823318,-0.14850858,0.033699382,-0.10967652,-0.04055373,0.15651886
0.00664667,-0.116427734,-0.16100815,-0.12573555,0.018305162,-0.9706428,-0.13558303,0.01521421,-0.05093475,-0.031503707,-0.16930649
0.01949234,-0.11561241,0.0028783458,-0.09795013,-0.03339591,-0.2713159,-0.018189395,0.03466947,-0.04206955,-0.016357947,-0.27243376
0.0044735437,-2.7089802e-05,0.033114053,0.34813938,0.085571885,0.14229748,0.039913625,-0.07547913,0.17919269,0.052935813,0.43815312
0.003631597,-0.45089802,-0.2663453,0.0804631,-0.31638768,-0.054284986,-0.09920213,-0.2077089,0.009396773,-0.037032366,-0.31196317
0.045557056,0.2748389,0.033488307,0.050625708,-0.1065161,0.094725125,-0.13175294,-0.13421263,0.07679218,0.01882101,-0.22227056
0.0027626292,-0.09510705,-0.16337486,-0.082131505,-0.07417544,-0.058695108,0.076156236,-0.057390083,0.007498896,0.0038590967,-0.26709178
0.038686767,0.044430967,0.0011316446,-0.093515255,0.050809514,0.10368505,-0.2651066,0.15432705,0.18374543,0.016689787,0.35242555
-0.09249678,0.19169696,-0.027452467,-0.12665918,-0.017859759,0.064377554,-0.07437588,0.06931355,0.096758336,-0.07904235,-0.17656878
-0.042817596,0.026868192,0.008280781,0.093688205,-0.015752615,0.096188225,-0.0782367,-0.18369699,-0.044603772,0.071566194,-0.2795144
0.07363787,-0.10986013,0.039572485,0.10468047,-0.06932535,0.060323365,-0.07974854,-0.12718765,-0.015595856,0.03694566,-0.27775794
0.043149635,-0.043374952,0.055997916,-0.077096775,0.06447893,-0.043372296,0.033111647,0.19778717,0.07169213,0.045378193,0.21385132
0.06548361,-0.0556113,0.035443045,0.42183977,0.10046527,0.15242045,0.03152333,-0.04089494,0.21972641,0.05473868,0.55269253
0.03080823,-0.12510127,0.0382159,-0.0016918239,0.08330928,-0.21122672,0.10540385,0.034801975,0.19937995,0.0442124,-0.07330975
-0.019476073,-0.14600755,0.008436989,0.12750031,-0.022534141,0.074425645,-0.1377486,-0.18905734,-0.023245335,0.06416033,-0.29269764
-0.05793808,-0.058898862,-0.0104358895,0.07017815,-0.053290434,0.055035263,-0.11305853,-0.091584176,-0.027095187,-0.008368371,-0.2730884
-0.033125777,-0.11898532,-0.008295361,0.12019617,-0.02876159,0.0747823,-0.01799217,-0.14920981,-0.025556697,-0.022099154,-0.25942478
-0.043455124,-0.032047447,0.017145835,0.08124049,0.08134695,0.006196599,0.08393549,0.19560036,0.22999445,-0.045062445,0.3086857
-0.036323972,-0.032405976,0.019091684,0.07856935,0.079840384,0.0045778626,0.08308526,0.18897876,0.22734264,-0.045350008,0.3122721
0.00916164,-0.06182321,-0.23341022,-0.13959178,-0.012945422,0.07767888,-0.0013776646,0.010885681,-0.069737405,-0.057382215,-0.20318832
0.022642761,-0.14005136,-0.04079486,-0.10747195,-0.025638023,-0.2368273,-0.0011519806,0.014824677,-0.033523962,-0.008036226,-0.24940675
-0.008822071,-0.0008154067,-0.025919184,0.15908283,-0.1220676,0.073499806,-0.04172095,-0.14555283,-0.06348164,-0.05121885,-0.24411224
-0.015240619,-0.08044954,0.044036638,-0.005648671,-0.14158216,0.108675376,-0.094816536,-0.085665494,0.0078118662,0.0068281023,-0.28117144
0.025675103,-0.13145016,0.021154085,-0.12255949,-0.15813485,0.09855375,-0.1331168,-0.0049088583,-0.13180517,-0.037482698,0.15340969
-0.022515038,-0.10348142,-0.0020928942,0.18664463,-0.12441879,0.053803332,-0.119240336,-0.17304412,-0.012594298,-0.030758373,-0.32166588
0.038014818,0.08833256,0.030351676,0.038759608,0.01081752,-0.08443083,0.068245135,-0.07038834,0.07093316,0.029166093,0.036403242
-0.03126706,-0.7079867,0.0012303838,0.19806188,-0.29040998,-0.029145991,-0.14169358,-0.18975236,-0.01740359,-0.18567298,-0.25913683
0.02688342,-0.10373361,0.0642762,0.13112436,0.04240789,0.09248268,-0.078211986,-0.1578627,-0.029383581,0.025125794,-0.2683415
0.033961557,0.16310751,0.010731994,-0.04064519,0.05368882,0.092235,0.10608725,0.09138961,0.051588032,0.12270634,0.031153964
0.02146031,0.11175368,0.03154873,-0.09482676,-0.012195596,-0.053922415,0.03574649,0.014892665,0.0042032343,0.055137992,-0.15897849
-0.03443983,-0.05112856,-0.11492959,0.036239922,0.092141405,0.090932794,-0.16799858,-0.08788904,-0.06373793,0.0619483,-0.20055848
-0.03573072,-0.0723696,-0.12179628,0.019130936,0.08978418,0.08257262,-0.122684136,-0.086881146,-0.06443823,0.06238376,-0.2403153
-0.024759756,-0.09215523,-0.16641669,0.021319242,0.08608505,0.06796891,-0.12837969,-0.07965697,-0.062201235,0.044279344,-0.2360127
-0.022908656,-0.14146288,0.020663574,0.16429582,0.037869573,0.09642553,-0.07907033,-0.15402347,-0.019588483,0.010235262,-0.2267559
-0.027452225,-0.120837,0.0898874,0.22233264,-0.011831184,0.060573127,-0.115975,-0.18668397,-0.04931146,-0.026855908,-0.24317704
0.02263679,0.1364976,0.044912864,-0.23861952,0.031449955,-0.038302217,0.08423786,0.131269,-0.06441701,0.053842288,0.09258
-0.0113295475,-0.16067217,-0.0054893717,0.19385464,0.08665818,0.107259035,-0.13130249,-0.23872483,-0.06274877,0.06704866,-0.25932533
0.059828706,-0.17514937,-0.028342526,0.31317148,0.016538203,0.101699255,-0.10645633,-0.20205528,-0.06126437,0.07020444,-0.31815046
-0.028337589,-0.17083375,-0.11681058,0.18227792,0.030250639,0.07563457,-0.15192932,-0.20400058,-0.065737516,0.011404604,-0.23667774
-0.037467364,0.014576431,-0.11389413,0.015028667,0.080409385,-0.106239244,0.03935015,0.30035377,0.25599113,0.08838513,0.6445309
0.038533963,-0.19429046,-0.22128722,-0.2034431,-0.0018847818,-0.078009464,-0.06818402,0.010542269,-0.077343956,-0.03519452,-0.12556066
0.020196555,-0.10211198,0.061669927,-0.20399484,0.056765623,0.07284679,0.06816432,0.05107573,-0.04838675,-0.03160495,-0.05984284
-0.03742894,-0.016250277,-0.021380749,0.015912885,0.07719851,-0.180837,0.06068272,0.16538468,0.18313435,0.022337403,0.3931234
-0.13008112,-0.059963863,0.012050886,0.069692045,0.09804345,-0.24137558,-0.14791971,-0.008564419,-0.24145472,-0.10617633,0.09553444
-0.017304737,-0.14178824,-0.14678569,0.006366062,0.0036882656,0.07357875,-0.15673873,-0.08164867,-0.05356668,0.06505158,-0.20336609
0.031146344,0.15949969,0.028230553,-0.0004024697,-0.0105388155,0.11065669,-0.02299444,-0.06469415,-0.03562464,0.06410834,0.08557262
0.0017473127,0.22130194,0.021965578,0.30367878,-0.07111378,0.093764074,0.061740756,-0.18052363,-0.01740542,0.0005386312,-0.19964434
0.013848751,-0.1787145,-0.13414854,-0.197549,0.01759328,-0.20975654,0.03629471,0.005406707,-0.034969896,-0.02305412,-0.25845936
-0.05787287,-0.004715737,-0.062141255,0.0802829,-0.031715006,0.07403603,-0.075918406,-0.21458633,0.038880378,-0.06756183,-0.27046296
-0.010385504,-0.04668478,0.00883128,-0.13154012,0.07291582,0.10170378,0.10772778,0.06057904,-0.07233117,0.04333448,0.38727346
-0.015531839,-0.11451845,0.04707924,0.055407315,0.019522592,0.081384696,-0.13273534,-0.10985511,0.05166172,-0.034963645,-0.21275704
-0.05423821,-0.06952895,-0.012776296,0.0020267856,0.09506038,0.092763774,-0.14686826,0.008507626,0.29779026,0.031207444,0.0048206453
-0.015847519,0.08458554,0.04373702,-0.054577306,0.09377222,0.12856556,0.043604344,0.05963186,0.18193144,0.11806098,-0.010466908
0.03274101,-0.098394945,0.042616803,0.14113104,-0.003655975,-0.033524867,-0.021644115,-0.13275373,-0.01357961,0.06289537,-0.2535416
0.031188937,-0.10289631,-0.009048742,0.06421136,0.04624561,0.05147526,-0.005800971,-0.18003814,-0.07524113,0.018398272,-0.23808178
0.058471676,-0.06775338,0.12796763,-0.056776516,0.033226535,0.10940686,0.17209858,-0.0010019476,0.40138602,0.043448746,-0.09807745
0.017307326,-0.13886642,-0.009100797,0.10025057,-0.104063176,0.09493829,-0.1158399,-0.18976443,-0.042304613,-0.03473068,-0.36231825
-0.0240105,-0.1366211,0.009179305,-0.10785227,-0.029671151,-0.19412592,-0.15231393,-0.12922831,0.09475299,-0.014141402,-0.087845154
0.04401217,-0.045629695,0.032451306,-0.102837294,0.06676211,-0.03829388,0.1031655,0.036817692,0.20403741,-0.06246017,0.22243512
0.06383785,-0.019833645,0.104047984,-0.14676796,0.44200546,0.13627635,0.047627416,0.15209782,0.11397847,-0.051133554,0.42742172
0.017249906,-0.07839266,0.027788438,-0.080185,0.14389074,-0.010866929,0.08832374,0.1061404,-0.06455793,0.006921042,0.10871283
0.0117657,-0.15736374,-0.15437017,-0.1853938,-0.0068731825,0.06372458,0.043377176,0.018310692,-0.07349206,-0.041198675,-0.088767566
0.010634171,0.024719499,0.04125527,0.017838897,0.08566956,0.14231855,0.106550485,0.09876866,0.23001282,0.08418761,0.1537399
0.03950606,0.097247355,0.038193,0.06970657,-0.087477885,-0.16946903,-0.057526298,-0.12561136,-0.03605732,0.041016694,-0.24719627
-0.027831724,0.14010097,0.04102608,0.01632132,-0.005692265,0.09638553,-0.010226569,-0.078741305,0.103728086,-0.06401239,-0.05444292
0.0036456876,-0.16380659,0.056913085,-0.15548135,-0.07766538,-0.19097787,-0.10950787,0.04624438,0.023372816,0.01273224,-0.20371433
0.033147223,0.05915437,0.0382452,0.19365437,0.021614872,-0.007822437,0.0203429,-0.19084357,0.112785466,0.06542245,-0.035215996
-0.022600366,0.011756253,0.039336342,0.087856926,0.03486262,0.07904983,-0.0007891456,-0.15175112,0.024078062,-0.031960774,-0.23985778
-0.034234993,-0.07074448,0.11488531,0.11691617,0.22254544,-0.10664225,-0.14066249,0.12095895,-0.0514719,0.0086396225,0.21429211
0.014031288,0.015081698,0.090887375,0.37789583,-0.09453507,0.05993557,-0.08039258,-0.18997757,-0.022653768,0.022260958,-0.2664798
0.0067824074,-0.1506428,-0.019486368,0.09521842,0.015923718,0.05325566,-0.10003803,-0.13489042,0.013678677,0.09396513,-0.3169778
0.016209472,0.012059117,0.04470891,0.014642538,0.07031983,-0.15954323,0.02519599,-0.11766114,-0.0587315,0.012899231,-0.23517665
0.038506348,0.071189314,0.055162612,0.045927316,0.27876455,0.12008533,0.067299016,0.06325978,-0.06949482,-0.020161798,0.015110309
-0.023131533,-0.14335258,-0.11158394,-0.1498874,-0.0080747,-1.235332,-0.5085781,-0.025291394,-0.15277308,-0.077190384,0.22817218
-0.04845344,0.042976476,0.058831345,-0.0613944,0.04472491,-0.040878348,-0.14045821,0.13011432,0.13147153,0.0213875,0.16251744
0.040089227,0.12582521,0.0099021355,-0.072527185,0.0607057,-0.000834905,0.04446062,0.006370824,0.027758615,0.09191685,-0.10098463
-0.05110395,-0.0338408,-0.045212965,0.15760554,0.10724304,0.070888184,0.006492144,-0.19257861,0.06729316,-0.05016039,-0.3149421
0.008686586,-0.13908331,0.07746418,0.07816283,0.0011836716,-0.017965598,0.00044665975,-0.103174075,-0.056711644,-0.024653824,-0.23563269
0.05867192,0.022881793,-0.1674512,-0.015027085,0.021870019,0.09164095,0.06860341,0.018156147,0.06836023,0.01579227,0.3461217
0.034232624,0.09757777,0.017035842,0.08097446,0.07602742,0.09085743,-0.19604328,-0.099239066,-0.049509037,0.049607597,-0.059195355
0.011060931,-0.08207279,0.028115904,0.13217019,0.11301799,0.08222348,-0.10306183,0.006524929,-0.08701017,-0.008788392,0.16897368
0.04373705,0.2517215,0.025183966,0.055257764,-0.00946311,0.09399252,-0.15611407,-0.13451211,0.0528504,0.059036482,-0.19611804
0.026641952,-0.072736554,0.032303587,0.123909205,0.07774155,0.07809204,-0.100910395,0.01782144,-0.08724188,-0.008044302,0.16375017
0.018904803,0.17914166,0.048692044,0.10882171,0.061419696,0.10953864,-0.0030579697,-0.16617142,-0.042312387,0.0852073,-0.07091983
-0.010006115,0.20752202,0.043348562,0.31250075,0.044977747,0.023643529,0.027409323,-0.20609833,-0.033473317,0.029469231,-0.26206267
-0.022702396,-0.12915452,-0.040394757,-0.025084099,-0.12332483,-0.13313515,0.048401803,0.027937453,-0.026179157,0.0013630601,-0.25541022
0.043479905,-0.03346241,-0.008395068,-0.07646485,0.07591121,0.11147305,0.042220466,0.15032755,0.026547575,0.035440676,0.4305095
-0.07044688,0.005222195,0.06248416,0.11089949,-0.10456336,0.06041359,-0.14178063,-0.21428509,0.07335471,-0.05010575,-0.25969175
0.015578601,0.1492039,0.026031762,0.036783345,-0.09777638,0.13968977,-0.07639499,-0.22086968,0.108018294,0.2643831,-0.25200403
0.04384065,0.3689809,0.043771986,-0.06989997,-0.030407812,0.19264473,0.05794187,0.045359578,0.096004464,0.45065165,-0.15096171
0.04717884,0.38347706,0.04651983,-0.06982034,0.011483944,0.18530747,0.054854393,0.047061,0.09731339,0.43375245,-0.15704267
0.05223304,0.22210053,0.033434287,0.06532514,-0.060146984,0.09796793,-0.07538656,-0.124000005,0.046130236,0.063411295,-0.18998148
0.0027247253,0.019807387,-0.027053542,0.020960525,-0.05181132,0.07815916,-0.08525529,-0.17980759,-0.05084052,0.033352148,-0.2531716
0.025326543,-0.046259966,-0.13573007,0.16354477,0.13228115,0.09125626,0.12358466,-0.21506636,0.15622906,0.075703084,-0.106421724
-0.00460539,-0.10843787,0.06779663,0.0051253657,0.022058008,0.08470276,0.0042858934,-0.09651231,-0.040968664,0.07684623,-0.26054534
0.024930337,-0.061526243,0.013387491,-0.08277031,-0.09246457,0.058964968,0.025044402,0.04249507,-0.13699411,-0.037037686,0.13365676
-0.0057545975,-0.2276707,-0.03075662,0.19114766,-0.15307213,-0.014120568,0.013555073,-0.21791883,-0.02140155,-6.680167e-05,-0.27889064
0.03679795,0.13109867,0.08173187,-0.0771283,0.06397654,-0.5628955,0.033992406,0.07539545,-0.006535697,0.10861689,0.058168508
0.06177577,0.3872997,0.042948067,0.058253404,0.051168617,0.09225287,0.1319002,-0.18428826,0.2023755,-0.031060433,-0.28587586
0.06852239,0.35208774,0.049573906,0.02100595,-0.007937387,0.105994545,0.117241465,-0.075736575,0.21104257,-0.04590433,-0.21484986
0.0613757,0.30239806,0.059811935,-0.02180413,0.10666016,0.15019377,0.04601888,0.09296694,-0.004607102,0.015412269,-0.22287329
0.052618336,0.15440959,0.062094755,-0.0055971043,0.057932522,0.20271294,0.02162521,0.10150406,-0.004486067,0.016215779,-0.21325094
-0.06997024,-0.08205466,0.0330982,0.09502223,0.092092484,0.07390716,-0.12462527,-0.19763768,0.067779906,-0.043888804,-0.2964463
0.3090044,0.01516805,0.10326525,0.23400916,0.14706112,0.1190916,0.19099845,-0.14459537,-0.0046913014,0.015786158,0.044375625
0.016929798,0.032620817,-0.033971723,-0.006527428,-0.20269234,0.11714705,0.021496788,0.06926161,-0.056254596,0.033651397,0.3412303
-0.07268511,0.25415665,0.018189497,-0.12045089,0.03015752,-0.15557383,0.07644061,0.05580242,-0.10552106,0.006514383,0.13638435
0.059652824,0.06407385,-0.17695677,0.22993502,-0.10282492,0.06840492,-0.09598274,-0.13065316,0.01770404,0.005292388,-0.2564097
0.055853125,0.1475955,0.034470085,0.09498185,-0.09465767,0.14530234,-0.07303736,-0.1988446,0.14524147,0.30488044,-0.19746388
0.124438584,0.47482684,0.054157797,0.5684823,-0.031898476,0.118269585,0.04517873,-0.050568126,0.07353429,0.21896659,-0.027801793
-0.04596331,-0.15625122,-0.3846753,-0.103889786,-0.009059058,-0.839562,-0.2400784,0.025175633,0.07627062,-0.061860356,-0.00866496
0.07986574,-0.14544211,-0.098505475,0.100380234,-0.03270083,0.08979175,0.009938225,-0.10328423,0.012624503,0.1209858,-0.25439242
-0.034142964,-0.10573315,0.076645404,0.16479582,0.11427173,0.09202545,0.107124455,-0.20365177,0.033771243,-0.057841,-0.3147988
-0.004690969,-0.10355961,0.088664696,0.15394345,0.034458198,0.085750304,0.09197737,-0.19452895,0.02370508,-0.050063353,-0.31984416
-0.014759047,-0.031845555,-0.1390187,0.119472325,0.15456788,0.0729287,0.10509338,-0.07850363,0.23844275,-0.04338078,-0.18788138
-0.052827135,0.06994843,0.04417083,-0.047293384,0.09443952,0.08746948,0.09435435,0.038584966,0.21351822,0.09080269,0.10736908
0.00795973,-0.12926047,-0.19943406,-0.014450494,-0.025651665,0.070893526,0.021272624,-0.067724384,-0.054567255,0.04767733,-0.22865081
0.015872566,-0.16953018,0.07279157,-0.116423175,-0.0062738066,0.077806585,-0.045484696,0.033739008,-0.07706342,-0.00544222,-0.26365793
0.030390628,-0.15909846,0.00840029,0.06217148,-0.108850606,0.06756199,0.0050871857,-0.20452096,-0.00044488604,-0.040331684,-0.3313014
0.06453296,-0.11651408,-0.061136324,0.07922023,-0.07508055,0.08126533,0.021458771,-0.099120334,-0.02739184,0.11355438,-0.23787202
0.028485317,0.040268302,0.054261945,0.14805213,-0.009007547,0.0951923,0.0136870025,-0.18771303,0.01567464,0.07809799,-0.24382378
-0.058892936,0.14958026,-0.06386553,-0.008579406,0.004094748,0.09950783,0.09988719,-0.043554228,0.15076865,-0.048756175,-0.25788194
0.005021874,0.17914209,0.081288725,-0.069216006,0.051260497,-0.05388503,0.078830525,0.24538724,0.16771199,0.07495196,0.19922183
0.00961598,-0.076730415,-0.013792046,0.11293473,0.08590802,0.076400235,-0.044891544,-0.21124744,-0.024623327,-0.032470163,-0.36336407
-0.064606264,-0.054702256,0.03294519,0.06601766,-0.036339413,0.09428036,-0.10824291,-0.10652414,-0.04524729,-0.023321588,-0.28416163
-0.004289939,-0.15118358,0.039544467,0.11753724,0.03291645,0.06475554,-0.097122654,-0.14101835,-0.026168186,0.01988924,-0.26898083
0.0459452,0.060857717,0.049633503,0.15091696,0.106633395,0.09225626,-0.07330921,-0.1914987,0.1718752,-0.07206712,-0.20118941
0.028874263,-0.12007726,0.027194992,0.0710792,0.11060342,-0.023308603,0.07147386,-0.10028102,-0.0660299,-0.024506696,-0.24692053
-0.02001045,-0.13921821,0.010284913,0.1619521,-0.015416656,0.05909188,-0.12587935,-0.16279508,-0.032278337,-0.03182742,-0.2225759
-0.027849523,-0.106184274,0.0075344443,0.17484549,-0.010456449,0.070324734,-0.11651282,-0.15867066,-0.02476633,-0.033794705,-0.21566747
-0.0301045,-0.06631267,-0.1354254,0.15335585,-0.010651887,0.061514802,0.018613791,-0.15216449,-0.019864885,-0.020032857,-0.2799688
-0.022983432,-0.1159744,0.00639875,0.18321025,-0.009824359,0.058225255,-0.104127854,-0.13499543,-0.02750079,-0.023756966,-0.21844022
0.004021188,-0.07447085,-0.14772525,-0.054711033,-0.10403917,-0.07319512,0.06981736,0.007941243,-0.02092778,0.05381574,-0.23474948
0.053897735,-0.036370058,0.08514546,0.012232288,0.023824017,-0.25616086,0.08195103,-0.060668904,0.28367454,0.0630958,-0.15064652
0.022779355,-0.05398189,0.05078078,0.099467315,0.021408176,0.07600026,-0.068020225,-0.18914077,0.09854424,-0.0392835,-0.2661417
0.017763576,-0.11023217,0.00877203,-0.028583575,-0.20298763,0.067991495,-0.06376744,-0.13874255,-0.038912088,0.07456705,-0.0494675
0.00090216123,-0.10671281,-0.1625756,-0.015376064,-0.0018621369,-0.009694202,0.08828821,-0.051208295,-0.027866185,-0.026623355,-0.28274485
-0.058701344,0.2048919,0.02727158,-0.03737303,0.018700613,-0.65642273,-0.034875482,-0.11942205,-0.036787745,0.026277818,-0.004908741
0.009853393,-0.31929445,-0.14117663,0.112677276,0.11790326,0.03850647,0.030577008,-0.17957747,-0.058025707,0.022824744,-0.27790338
0.110333666,0.07641674,0.091483675,-0.03484028,0.36357516,0.050834775,0.021319486,0.26865453,0.40097544,0.13531315,0.48014045
0.0881736,-0.34839663,0.04623322,0.17206495,-0.09461845,0.056210726,0.044348963,-0.0916547,0.11281039,0.09251936,-0.1735197
0.037458282,0.24372923,-0.16188028,-0.0015301148,-0.11312732,0.064295836,-0.009298011,-0.065655164,0.026642999,-0.039751884,-0.25668922
0.042818137,0.20265149,-0.17347774,0.019856602,-0.021097697,0.089638844,0.077493034,-0.07742517,0.07809897,-0.046814118,-0.21483767
0.046373367,0.12851298,0.021803746,0.102384575,0.0327233,0.090989396,-0.02429252,-0.14219758,0.03510311,0.08887052,-0.20129056
0.02385017,0.053125978,0.023581745,0.07651495,-0.01774612,-0.044453423,0.03726983,-0.14593899,0.123966664,0.08141966,-0.10495395
0.106254116,0.024156138,0.06855967,-0.036227696,0.08125309,0.08346505,0.026510432,0.19205764,0.065825894,0.041696616,0.48893756
0.038399477,0.29357892,0.07832544,0.159775,0.0140808625,-0.03176884,0.14001489,-0.13657388,-0.03304372,-0.012663537,0.051771704
0.028561756,0.25752935,0.10949008,-0.20899998,0.004085676,-0.0127792,0.12907347,0.026224438,-0.052902248,-0.020398827,0.11674382
0.0738,0.14045613,0.055375192,-0.09507482,-0.096347034,0.07726275,0.07440067,-0.19808029,-0.024954762,0.0683945,-0.018816445
0.019697981,0.08451218,0.011106616,0.026318148,0.027280638,0.03485433,-0.06887516,-0.004073939,-0.13329747,0.010405007,0.037259594
0.09276279,-0.04697139,0.07054681,0.022652477,0.039640836,0.14617148,0.048060663,0.22812177,0.30466205,0.043640636,0.7757362
0.023949604,-0.003805361,0.0508227,-0.19097905,0.04458172,0.03270046,0.050186474,0.1334187,-0.09367219,-0.04932984,0.35480708
0.038833976,0.023415232,0.04137228,0.094086245,0.027734391,0.119816236,0.0635244,0.13494073,-0.061536472,-0.047936894,0.73643136
0.10577282,0.016162097,0.08274138,0.04465095,0.109673314,0.11807986,-0.08810673,0.2239683,0.061029743,0.0068867435,0.3447907
0.003256529,-0.072196774,0.045822665,0.13085198,0.11090236,-0.16561107,0.0889891,0.053607766,-0.037279848,0.023134572,0.4055487
-0.010898022,-0.09247861,0.046790205,0.12872,0.10376671,-0.16937657,0.09347916,0.052139178,-0.036439657,0.019396558,0.41566494
0.029706443,0.047823414,0.084909126,0.2851189,0.04814745,0.060901415,-0.03967084,-0.09440864,0.023374587,-0.010018878,-0.22794862
0.03778715,0.1875398,0.03730195,-0.0689289,0.064451806,0.10347373,0.030327054,-0.0065076235,-0.051600277,0.04780612,-0.012257269
0.08230294,0.04769354,0.062346313,-0.07298062,0.07762662,0.11447543,0.101674534,0.05117603,0.12708408,0.01817681,0.16523595
0.018604608,0.08654827,0.01684869,0.06362413,0.07664967,0.07370489,-0.004646832,-0.23366725,-0.051019803,-0.061801877,-0.24226987
-0.1598841,-0.15345033,0.04387951,-0.18925151,0.061172035,-0.18552364,-0.047546014,0.06011484,-0.08202526,0.0018594841,0.008241868
-0.07364477,0.004859216,-0.06834948,-0.08648264,0.07554398,0.112390265,0.017301463,0.1506102,0.051915407,-0.05048041,0.13729513
0.0285877,-0.17732349,0.034184817,0.16958368,0.02064124,0.08264968,-0.04243699,-0.19855103,-0.048429035,0.021304358,-0.30456752
0.039803118,0.26172692,0.07444611,-0.10466278,0.051595207,0.1643262,0.07627022,0.071960226,0.052915685,0.49280462,-0.1774437
-0.03063833,-0.14890443,-0.019671645,0.11728528,0.066093765,0.07758268,0.0062295347,-0.19867976,-0.050504804,-0.010779289,-0.54057336
0.061106246,0.13911897,0.033656966,0.021943936,0.0896285,0.13904962,0.10815472,-0.10236482,0.20064937,0.08497275,-0.07352338
0.020566424,-0.16793706,-0.0052083246,0.19235487,0.022401314,0.071310505,-0.042439077,-0.18237273,-0.04359263,-0.0032876977,-0.3011355
0.019664671,0.13930103,0.048005994,0.14206132,0.08157829,0.1357237,0.008035731,-0.15331815,-0.04709468,0.07707913,-0.15031965
0.013376465,-0.14168866,0.05018162,0.011742462,-0.09955649,0.11054549,-0.032085698,-0.07959994,-0.030376814,-0.010463964,-0.27541807
0.097054124,-0.021177627,0.031646818,-0.060983352,0.09189317,0.14140743,0.061144345,0.07772902,-0.04193462,0.11353182,0.021769306
0.102223136,0.008752362,0.07866233,0.39373782,0.039394133,0.10582088,-0.065240525,-0.16038196,0.075757496,0.115826614,-0.3055543
-0.03018842,-0.07084844,-0.2305155,0.047975596,0.14883818,0.09204117,-0.033478945,-0.09404903,0.17678699,0.095566235,-0.22185676
-0.012047658,-0.05533739,0.0346273,-0.09435515,0.07924778,0.022450682,0.023798542,0.16244762,-0.098186105,0.038436953,0.41212958
-0.044377066,-0.10217788,-0.244152,0.042756964,0.12213668,0.057081334,-0.03978103,-0.09187947,0.13815138,0.0957112,-0.22893906
-0.047069464,-0.06897508,0.04241511,-0.04260471,0.13413604,0.038796842,0.026466496,0.16119418,-0.085392416,-0.07159017,0.4057445
0.09788707,0.44568065,0.03252896,0.33043638,0.044463087,0.11399265,0.044002984,0.0108081335,-0.021946954,0.23063247,-0.09406059
0.10401839,-0.08837583,0.06785818,0.4939821,0.046147507,0.12615216,-0.037604906,-0.19297273,0.0920054,0.27837858,-0.24790904
0.03097805,0.09822542,0.060347974,-0.21226946,0.05388396,0.08728133,0.12320154,0.046814244,-0.071145974,0.07407436,-0.11190061
-0.0107515305,-0.13416135,-0.022691358,0.08745698,-0.16844939,-0.2649242,0.015955877,-0.16128652,-0.012274123,-0.0041233837,-0.275413
-0.0002617979,0.00951727,-0.15087639,0.0764356,0.10020041,-0.010468078,0.103751056,0.08753547,-0.041402422,-0.052645314,0.03200345
-0.6729429,0.08892575,-0.035869885,-0.12928563,-0.022711867,-0.88355434,-0.14678621,-0.10814172,-0.17787966,-0.16685887,-0.25643396
-0.044624943,0.3095064,0.03042981,-0.18894456,-0.0038118248,-0.44081885,-0.16260463,0.007796064,0.07761525,-0.03884852,-0.13494003
0.036953572,0.13310355,0.052032236,0.013107606,0.07482132,0.058950607,0.03836763,0.01832947,-0.044118073,0.07467526,-0.16387853
0.08830521,0.045825068,0.07544323,0.117773,0.46586168,0.2428404,0.10409804,0.25302693,0.13737178,-0.0023289446,0.6363889
-0.032778587,-0.0593736,0.019980561,-0.06744386,-0.05005132,0.07430702,0.027841479,0.040322658,-0.046623956,-0.00956375,-0.09122631
-0.0123118255,0.28731334,0.04825597,-0.08630912,0.052174,0.06537203,0.025904786,0.0463592,-0.028476708,-0.017671647,-0.24695957
0.06943443,0.40748104,0.09187633,0.06017155,0.10049872,-0.16513225,0.038951978,0.072378844,0.34749764,0.19035639,0.33956352
0.058864433,-0.11166006,0.047541436,-0.067684546,0.031284325,-0.45892566,0.07631075,-0.10141909,-0.024224946,0.027513728,-0.1622092
0.004135056,-0.017266348,0.017692478,0.06687015,0.08310035,-0.048006628,0.067006245,-0.021086814,-0.051148135,-0.0064026895,0.1543175
0.021698399,0.04105589,0.05699987,0.14826088,0.07398382,0.07924681,-0.09284819,-0.14437975,0.082102984,0.022878243,-0.188284
-0.03539696,0.033986513,0.07257628,0.014014462,0.124918945,-0.08966624,0.018001076,0.17578082,0.21158187,0.046016563,0.3809388
0.052066296,-0.019183125,0.050159827,-0.08199566,0.0020360237,0.10981044,-0.07688691,0.038825955,-0.07533092,0.010483295,0.13775988
0.06052366,-0.054948855,0.060813628,-0.04200968,0.04042297,0.100543424,0.109266795,0.071499966,0.25723028,0.08498541,0.19412954
0.003369142,-0.122569904,-0.19023986,0.03240385,-0.016408855,0.1267919,0.0014785808,-0.084567256,0.04976444,0.10737257,-0.22485095
-0.059491977,0.018946037,-0.19082095,-0.20876816,0.10929044,0.13363235,0.09229568,0.195929,0.26879966,-0.030706713,0.18230686
-0.057089977,-0.025543198,0.047320135,-0.20774813,0.08990414,0.049970817,0.06610906,0.038163725,0.06318216,0.009778449,-0.30052376
0.055468336,-0.07102811,0.058748156,-0.14110224,0.06200863,0.07159863,0.110867746,0.13467796,-0.03910335,-0.023856603,0.4051929
0.010647114,0.28686076,0.005559237,-0.13096997,0.010736192,-0.061685726,-0.06816213,0.030036282,-0.0399706,0.030856652,-0.07788667
0.02777896,0.21709391,0.05775519,0.056045037,-0.012944919,0.08386034,-0.12575217,-0.099098906,-0.031993784,0.0216164,-0.054945122
0.03419416,-0.15559794,0.02235367,-0.085898116,0.020906068,-0.27813134,0.040485896,0.06508632,-0.026759258,-0.009820351,-0.08589877
0.036303062,-0.0030529634,0.058733657,-0.082914904,0.036165465,-0.22108227,-0.11568979,0.09200712,-0.079702765,0.015762795,0.12866598
0.027993886,0.21710311,0.056685504,0.057637352,-0.013521154,0.08309602,-0.12886737,-0.099103354,-0.031993784,0.021615716,-0.054858875
0.047420986,0.11926091,0.03373716,0.09780108,-0.10645015,0.115899384,0.0046737012,-0.10361931,0.10813723,0.05197618,0.14278084
0.036533788,-0.12871186,0.06436687,0.21380498,-0.025278188,0.021754423,0.083089344,-0.17728963,0.02928565,-0.030073855,-0.2569082
-0.075364,-0.06627108,0.031674918,0.18685779,-0.014203874,0.03473488,-0.08914503,-0.19437464,-0.0057640797,-0.03662048,-0.31870258
-0.05467676,-0.10294045,0.04181203,0.0682648,-0.03028808,0.09150742,-0.15150607,-0.11207823,-0.0432294,-0.01834087,-0.2275773
0.082415335,0.13959546,0.115208834,0.050404496,0.07160032,0.13744503,0.010352377,-0.018416887,0.012543062,-0.02591195,-0.18513694
-0.12686604,0.14757387,0.0012381102,-0.14467277,-0.03692349,-0.6510836,-0.09403107,-0.1264369,-0.06968885,-0.025306275,-0.044513136
-0.078585364,-0.11452205,0.025970895,-0.21905899,-0.037285108,-0.7071241,-0.108918704,-0.13268325,-0.05637929,0.00066951493,-0.123742
0.05564865,0.021469027,0.040094893,0.018655783,0.07788593,0.12552543,0.11111864,0.17016357,0.055475824,-0.055839684,0.39383072
0.035721306,0.029635869,0.018400555,0.07199584,-0.14113322,-0.09067137,-0.021544386,-0.20860119,0.016629176,-0.04967209,-0.25497916
-0.0021207165,0.023611486,0.072671406,0.21230842,0.0013781361,0.07791878,-0.09251676,-0.15106802,-0.00070085126,0.001570715,-0.27240142
0.007046664,-0.13328189,-0.16359782,0.024545096,0.0034816428,-0.036724523,0.02479326,-0.091255724,-0.058071304,0.04842682,-0.23252329
0.008132839,-0.12673706,-0.17546874,0.02013055,0.008909182,-0.050183676,0.046111528,-0.09347405,-0.05369554,0.04099464,-0.2347099
0.008645586,-0.09684181,-0.16985644,0.027900597,0.0049910955,-0.044163465,0.022136867,-0.09165436,-0.054651733,0.04532861,-0.24003173
0.009456996,-0.08485958,-0.20865852,-0.25929087,0.052383684,-0.2173349,-0.14174072,0.036637895,0.14601095,-0.099662,-0.14176019
-0.013390798,-0.18797399,-0.0038089817,-0.2121607,-0.08874183,-0.30546314,-0.00035802228,-0.15263867,-0.11522291,-0.03129924,-0.24061592
0.0350826,-0.084972695,-0.20995352,-0.26611766,0.052398235,-0.21934898,-0.14569385,0.033021215,0.14408754,-0.07919562,-0.14131323
0.069989525,0.35212994,0.03905546,0.007097519,0.03827105,0.10945134,0.0527292,-0.0895202,0.18552239,0.06945481,-0.07024515
-0.06787089,-0.07673356,0.036833387,-0.08405842,0.07070525,-0.0006868824,0.11484994,0.026555441,-0.15540978,0.008678359,0.15117818
0.04366918,0.007940924,0.03255719,-0.14299648,0.061014295,0.033720683,0.005544294,0.14576715,-0.056486707,-0.012286305,0.26506838
-0.034463912,0.1751553,0.03342657,-0.13814256,0.037292734,-0.043442845,0.0053562615,0.07286095,-0.053567078,0.0046745418,-0.04008052
0.0769601,0.43320575,0.06499321,0.011811735,-0.010191019,0.15036514,0.016490888,-0.07984602,0.07960213,-0.031842425,-0.29973215
-0.017701993,-0.11971494,-0.055501513,0.13001265,0.088680334,0.09026615,0.0069129635,-0.21204312,-0.012576768,-0.038491335,-0.38795564
0.0026524765,-0.0341025,0.069191575,0.17570168,0.034154207,0.10583785,-0.059748504,-0.15714955,-0.026621819,-0.028193256,-0.16876096
0.08515451,0.012764517,0.08518387,-0.02903079,0.036760867,0.16944261,0.056445066,0.12871674,0.39362296,0.045851335,0.07381215
0.014726045,-0.079897135,-0.18699197,-0.027123665,-0.042012565,-0.32969388,0.012739666,0.004166173,-0.0024044316,-0.028921358,-0.23404118
0.01727963,-0.47812727,-0.26008633,-0.0032399404,0.05621802,0.03004975,-0.021132749,-0.011193274,0.12012059,-0.029617235,-0.23824699
0.031766865,0.04358534,0.07621971,0.00968494,0.0333809,0.14353377,-0.03484054,0.08845473,-0.02682807,0.010740331,-0.24579336
0.013367095,-0.014264156,0.03315658,0.08374676,-0.1013958,0.06543098,-0.12103871,-0.2441659,-0.04767609,-0.050392784,-0.2267531
-0.03911545,-0.11134977,-0.04245675,0.14472727,0.041629028,0.054138526,0.07488331,-0.2113246,-0.05605798,0.014453778,-0.34436142
0.003898276,0.15594815,0.10512942,0.10558304,0.1843116,-0.06355673,-0.028691292,0.0020036814,-0.03437956,0.015744593,0.29954866
-0.041270055,-0.052862845,0.020783639,0.16883786,0.05697528,0.02924459,-0.08977668,-0.2030304,-0.019891744,-0.04027374,-0.35741502
0.016815376,-0.04309415,0.07578042,0.16421115,-0.006172701,0.075498015,-0.018339017,-0.15502173,-0.02793075,-0.03978009,-0.17429775
-0.05766435,-0.07006628,0.029527927,0.07209623,0.08450615,0.07912313,-0.19969858,-0.10638247,0.018347345,-0.027469285,-0.24245486
-0.034940884,-0.08562969,0.019872272,0.18441223,0.042544387,0.028995989,-0.096686535,-0.18695794,-0.024343112,-0.033163365,-0.35083553
-0.07641697,-0.034802344,0.009578799,0.035804525,0.005057462,0.08535374,-0.13785432,-0.09132034,-0.01592283,-0.015359879,-0.3365941
0.022937264,-0.18849145,0.056282956,-0.13034973,0.0035313263,-0.41963002,-0.19232331,0.07142906,-0.012387108,-0.033824425,0.08444871
-0.015145092,-0.05825065,0.053772148,0.0709662,0.03974795,0.09548123,-0.08084157,-0.10989319,0.15608959,0.03783832,-0.21547592
0.0076530324,0.040883947,0.091689534,0.11222774,0.067839205,0.077213064,-0.05736848,-0.17837664,0.016698085,-0.009194437,-0.2058977
-0.021081107,-0.10155306,0.06074861,0.06456224,0.09904274,0.06301321,-0.18517464,-0.12570548,-0.06628853,0.05278883,-0.24211425
-0.027545374,-0.07679937,0.0069288933,0.10825023,0.08131768,0.113242686,-0.065181956,-0.13721956,0.026398636,0.023196124,-0.22924884
0.020572217,-0.010435857,-0.16222504,-0.054427877,0.121702254,0.067693345,0.06450466,0.027960025,0.27327806,-0.02173355,-0.17247073
0.023102827,-0.03246287,0.0777682,0.030020112,0.072289824,0.08246597,0.033046238,0.14606245,-0.07918355,-0.01800873,0.50820094
0.04257063,0.36843562,0.066088565,0.09092874,-0.060870744,-0.041542187,0.031389996,-0.13995254,-0.0024645408,-0.048144903,-0.21389298
0.061265275,0.30764833,0.048049707,0.008170098,-0.058489844,0.074191675,0.023906793,-0.07793137,0.10589634,-0.04456697,-0.08200135
-0.038247135,-0.13924293,-0.16920187,0.093028165,-0.007491312,0.0637641,-0.100453794,-0.21102084,-0.115701616,-0.018378776,-0.2157893
-0.12566574,0.15488607,0.03583225,-0.1208407,0.04069452,-0.06483544,-0.025869664,0.019851286,-0.13000101,-0.09127535,-0.18449627
-0.005513087,-0.5865813,-0.03148609,-0.07285663,-0.017540922,-0.42494804,-0.21008918,-0.26822048,0.06505784,0.01710768,-0.16569166
0.014779845,0.0036057062,0.035983812,0.14468494,0.04935728,-0.60051507,-0.0144205615,-0.146176,-0.05247668,-0.0032255326,0.08369828
-0.061209902,-0.13226826,0.009667142,-0.08512935,-0.007922058,-0.16766925,0.033239957,0.04558911,-0.032539453,-0.014014939,-0.25160363
-0.023507314,0.09350389,0.03369158,0.13085876,0.08204636,0.005361262,0.023514878,-0.14981617,-0.018099912,0.027622234,-0.19955394
0.05461946,0.2540923,0.054554943,-0.11024568,0.06178931,-0.15452561,0.08357167,0.010421391,-0.034195077,0.047075488,-0.1262067
-0.065527156,0.082921326,0.023167932,-0.17316543,0.0033756765,0.10225435,0.04797851,0.024177974,-0.09795612,-0.10083897,-0.15858911
-0.048999358,-0.15915142,0.0021019573,-0.08420392,0.008074174,-0.34071872,0.045345705,-0.080481805,-0.028066551,-0.021593973,-0.2679437
0.083355874,0.12442134,0.06928638,-0.16845849,0.023844207,-0.02312398,0.08025381,0.056834526,0.23370151,0.06532939,-0.02050836
0.08604236,0.13295461,0.06742919,-0.12132172,0.05393425,-0.010900921,0.06805385,0.053179838,0.22263692,0.054537628,-0.052929614
0.09459664,0.033801407,0.04703209,0.12609689,-0.055300973,0.048949543,-0.0702025,-0.19121715,0.013075796,-0.04074161,-0.22541644
0.04881689,-0.026259262,0.061443046,0.066224866,0.08700818,0.13201739,0.043117452,0.06773171,-0.049792286,0.046010662,0.4986495
-0.066256285,0.05061676,-0.052181114,0.022513472,0.06171771,0.00070905196,0.03938653,-0.020055415,0.14477153,0.009465605,0.13136755
-0.047635343,-0.03849912,-0.1664745,0.18073538,0.10160223,0.06809607,0.0045362343,-0.18034108,0.0052779005,-0.047898132,-0.2554727
-0.14774102,0.031415213,0.020332145,-0.010141563,0.07270515,-0.14760388,-0.05869051,0.023200724,-0.06785242,-0.049540766,0.13367519
0.021740649,-0.10902287,0.06650354,-0.074717954,0.009001347,0.084557936,-0.1286503,0.028896522,-0.022457492,-0.03972138,-0.23519003
0.014586189,0.114433244,0.037826225,0.13791305,0.06880433,0.044985987,-0.014269879,-0.18746862,-0.10085964,-0.05125235,-0.24818547
0.07164026,0.24505086,0.060372613,-0.06122311,0.014133683,-0.017101996,0.07805605,0.18136968,0.15880698,0.05168255,0.2744129
-0.015432907,0.017313357,-0.23628853,8.721894e-06,0.39616022,-0.08405901,-0.07113116,0.2131568,0.18851388,0.04783878,0.18647416
-0.001036719,0.07804968,-0.28927502,-0.0790087,0.30230337,0.07208614,-0.030664798,0.2581171,0.27479148,-0.033704966,0.4220412
-0.056473874,-0.043051615,-0.18957084,-0.07971224,0.3424304,0.026663909,-2.9505212e-05,0.19789144,0.103000365,-0.05265263,0.4679089
0.013151538,0.3414621,-0.012804318,-0.09316839,-0.016592653,-0.20684975,0.0064978246,0.020504177,0.0757837,0.13683538,0.18020843
-0.05603414,-0.13371304,-0.015759759,0.007994741,-0.1332726,-0.033737153,0.0036346226,-0.094597556,-0.011205131,0.007590061,-0.2859581
0.0522241,0.36663222,0.037033197,-0.0004729104,-0.04438764,0.10466613,0.06727991,-0.07296607,0.09781143,-0.051484462,-0.069912225
0.008342245,0.34944752,0.052448094,0.041757446,-0.073747516,0.0667856,-0.13494949,-0.1882089,-0.03867091,0.0063977754,-0.49734086
0.008774904,-0.03653337,0.030500812,0.07239149,0.114742555,0.11543531,0.029494364,-0.1102255,0.26550105,0.08278696,0.05961791
-0.02272562,0.21918045,-0.04091822,-0.0843583,-0.0005399976,-0.30173132,-0.05074101,0.03332352,0.018365918,-0.03232309,-0.13031991
-0.01567446,0.31514975,0.0031928679,-0.08050057,0.057959136,-0.32510144,-0.003280379,0.034620173,0.02203963,0.0130879395,-0.12254763
-0.010149999,-0.062516116,-0.17644419,-0.06823269,0.17413755,-0.100556806,-0.07614925,0.31176615,0.077644125,-0.06635166,0.3840781
-0.054697327,-0.00016895778,0.042314425,0.02949033,0.0671344,-0.031152941,-0.098444305,0.17771801,0.22733146,-0.05792334,0.3404582
0.03959047,0.12247852,0.046003096,-0.104719795,-0.0058789314,0.07968431,-0.027503435,0.037940048,0.16268004,-0.03285251,-0.011959668
-0.051854227,-0.07532102,-0.15114394,-0.05250144,-0.12359082,0.100276254,0.114429206,0.016119808,0.2336983,-0.0090802545,-0.020898677
0.027344726,-0.0858037,0.043238606,0.018415913,-0.107743025,0.10421227,-0.015373628,-0.066572584,-0.013032246,0.0049910373,-0.11305116
0.026891498,-0.14924107,0.042807747,0.017252572,-0.13524719,0.09698767,-0.026242888,-0.06326217,-0.0028829114,-0.02891054,-0.13609488
0.019696027,-0.084703736,0.07551387,0.34550568,0.095446035,-0.41949168,0.046661854,0.14285114,0.00404572,0.030485792,0.42346767
-0.057663124,0.18544453,0.021077994,-0.0096628005,0.023110341,0.08815003,0.028909381,0.015502275,-0.1388875,-0.042392064,-0.05847626
-0.037812248,-0.056541476,0.008820063,-0.21925443,-0.03966516,-0.72225434,-0.09094205,-0.14201804,-0.06422718,0.008253544,-0.13843812
0.0050736703,-0.014922509,0.0832255,0.046845153,0.0039467057,-0.08210122,-0.043367583,-0.2178328,-0.02036221,-0.068545446,-0.17964743
0.017072141,0.086387046,-0.25478104,-0.1704315,-0.019429134,-0.49209493,-0.21305013,-0.130533,0.057239052,-0.0664729,-0.088208556
0.0061383555,0.21308431,0.05631363,-0.0882319,0.022008255,-0.07329309,-0.11030213,-0.093353495,0.02694892,0.045640614,-0.20710197
-0.014507939,-0.035795435,0.02366092,-0.088212945,-0.031421322,0.019661719,0.020960728,0.020988943,-0.07147896,-0.038646482,-0.037554216
-0.0051172404,-0.03814542,0.037854094,-0.1658809,0.016786404,-0.8037853,-0.082054965,0.066332,0.0035336113,0.08847387,-0.06500619
-0.058270417,0.03418447,0.075417176,0.07923465,-0.13646932,0.06140659,0.011849292,-0.19507046,0.0033089756,-0.039348457,-0.24785851
0.053228408,0.041196294,0.0820738,0.09629753,-0.060271766,0.07500749,-0.0904441,-0.15628998,0.004464358,0.027682137,-0.24535581
-0.021524156,0.1498572,0.01588723,-0.010546917,0.007959742,0.16932109,-0.026149286,0.108561955,-0.072911225,0.036167942,-0.10262739
0.031663302,0.30993155,0.07851194,-0.101317696,-0.05535751,-0.14078237,0.06628739,0.026278885,-0.013722587,-0.01288172,-0.18144083
-0.018035732,-0.0663567,0.0443947,0.073719464,0.010323911,0.10069065,-0.1269244,-0.0944169,-0.027591914,-0.014561527,-0.2775945
-0.015617067,-0.06657212,0.029303072,0.082084425,0.010484905,0.08957506,-0.10450321,-0.09422542,-0.030975021,-0.013313905,-0.2801971
0.04818742,0.10240907,0.04645258,-0.06553431,-0.05481199,-0.15569705,0.060372,0.07188877,0.0821884,0.030664748,-0.0128540965
-0.05797314,-0.036131535,-0.01164234,0.018524192,0.07509873,0.096791424,0.024774285,0.16018723,0.17513259,0.016584015,0.19663723
0.056594275,0.18034825,0.06894303,-0.00339575,0.021266134,-0.17476307,0.08087511,0.020418342,0.224897,0.07535733,0.026891358
0.006335062,-0.1507957,-0.24535689,0.008133862,-0.1592015,0.090658866,-0.012744024,-0.0056244833,0.03799768,-0.045225274,-0.27855742
0.08557197,0.17371094,0.015375067,-0.052310508,-0.022089249,0.14570335,-0.17974292,0.06832804,0.18411191,0.06611217,-0.058232598
-0.013037399,0.29411685,0.021074781,-0.16953272,-0.00462758,0.059062704,-0.012816384,0.025070626,-0.046789322,-0.014601216,-0.008083115
-0.05905913,0.2063087,0.007938419,-0.11760009,0.011409056,-0.040515203,-0.012737304,-0.0023443687,-0.05338397,0.109287634,-0.082764514
0.0072617,0.21078424,0.04459393,-0.06546229,0.008060391,0.21629283,-0.03334897,0.0319718,-0.051938158,0.11059016,0.08054187
-0.032855287,0.27166066,0.004328743,-0.087096,-0.032914184,0.080478355,0.09967805,-0.04253938,-0.030062169,-0.02407244,-0.047773886
-0.038464904,0.0036865785,-0.019174494,0.11187391,-0.013558616,0.09310594,-0.090259135,-0.15350038,-0.036634512,0.022550633,-0.22296998
-0.12889077,0.2610682,0.06448759,0.18291813,-0.1415185,0.025263365,-0.07806108,-0.24593414,-0.22954239,-0.026998036,-0.29306242
-0.062426742,-0.16621368,-0.17218229,-0.015273089,0.088767864,-0.08257289,0.07334615,0.004765449,-0.08890174,-0.048536234,-0.12575482
-0.0076003703,-0.17351897,-0.06372558,0.07111717,-0.18263003,0.06994729,0.03038363,-0.18628155,-0.07914513,0.03934948,-0.30020702
0.031629454,0.15085708,0.016534096,-0.110718705,0.0024308627,0.09278869,-0.00021735132,0.053974994,-0.08828781,-0.11539997,-0.041608002
0.04094189,0.30990815,-0.0070153484,-0.09275177,-0.0038752982,0.14809187,-0.08095059,-0.06676138,-0.017644146,0.10589141,-0.2026251
0.012114033,0.07621522,0.049681343,-0.0953285,0.020643655,0.09387255,0.11312938,0.03177845,-0.05421756,0.028359115,0.073600575
0.051334344,0.117065586,0.084235206,0.21399218,0.5474308,0.141582,-0.013381839,0.1312037,0.1361526,-0.009745109,0.18047602
0.0037051127,0.25737754,0.0025457358,0.14792013,-0.041087512,0.0980651,-0.0850368,-0.17793658,0.012671582,-0.02927285,-0.083245516
0.027649816,-0.05957902,0.008306592,-0.008486224,-0.2591119,-0.0009931063,-0.120658316,0.038025986,0.16033666,-0.018947748,0.3661048
-0.027607663,0.18448459,0.0039157104,-0.10214391,0.061785653,0.087943904,0.10877826,0.042920746,0.19659653,0.016353399,-0.21919867
0.05215116,0.22976708,0.03127897,-0.06943399,-0.0060345265,0.12546189,0.043720983,0.057049938,0.10350285,0.018197075,-0.05539376
-0.01359038,-0.3802209,-0.17467654,0.04121231,0.008285449,-0.33174825,-0.3679522,-0.18538162,-0.016285706,-0.07388191,-0.23806973
0.045653194,0.09809396,0.020731665,-0.051626496,-0.111231804,0.1944249,0.15884838,-0.06326711,0.24233477,0.1114319,-0.0063449275
-0.008632806,-0.64788663,-0.028027857,0.1437343,-0.13486181,0.062037725,-0.10339615,-0.1713125,-0.03516195,0.059861917,-0.24796703
0.030539012,0.13514332,0.026734037,-0.021587977,-0.122736454,-0.07884308,-0.05983075,-0.09798069,0.14625448,0.039050132,-0.08780929
-0.017704137,-0.07733734,0.051797487,0.053786386,-0.020075282,0.09228729,-0.098588094,-0.11434681,0.13051504,0.06583414,-0.21410926
0.04066265,-0.13312508,0.049320355,0.06070852,-0.11434795,0.080033936,-0.19847399,-0.1746107,0.13876449,0.034880377,-0.1521477
-0.057238247,-0.78813237,-0.10913801,0.09989117,-0.34242973,0.02230912,-0.1608546,-0.23813193,-0.1702783,-0.20883769,-0.24786079
0.02602477,0.20844933,0.0056739575,-0.08111534,0.02334008,0.13123374,0.012628419,-0.05824473,-0.0416294,0.071649514,-0.077442296
-0.07254286,0.21746485,-0.033842653,-0.098085105,-0.11060312,-0.2526611,0.0007166014,0.0015509394,0.07553406,0.011351558,0.024195015
-0.00096343167,-0.22290294,-0.030451618,0.062019408,0.009834603,-0.37410897,-0.03281132,-0.17931658,-0.0277002,0.040167324,-0.23796545
0.055431522,0.28641564,0.05422774,0.027699556,0.12248196,0.10203097,0.039529458,-0.08934314,0.14612241,0.031713836,-0.2882738
-0.08404925,0.13785195,0.021557398,-0.15070064,0.044206526,-0.27114227,-0.03499407,0.049019966,-0.11222303,0.008817461,0.13293716
-0.037998788,-0.789381,-0.02515835,-0.048547123,-0.032507867,-0.21398938,0.05144919,-0.14530373,-0.07000479,-0.049227294,-0.10117735
-0.079493165,-0.107778415,0.037757963,-0.21296233,0.023081252,-0.16703315,-0.021173269,0.00440056,-0.14908585,0.021488577,-0.0030910354
-0.024024025,-0.27121544,0.01664497,0.018697385,-0.029392507,-0.22566965,0.00027431693,-0.1495954,-0.14905435,-0.036041085,-0.04668748
-0.009670094,-0.1770077,-0.050912235,0.109273575,-0.014710099,0.063790925,-0.036522895,-0.16393794,-0.09970671,-0.017363321,-0.2484561
0.026793819,0.10919121,0.01687285,-0.069243066,0.0020148186,-0.050187934,0.15982288,0.041632183,-0.06218292,0.0024163434,0.04947365
0.04275451,0.30212355,-0.006212788,-0.11036761,-0.060041513,-0.07389681,0.05724476,-0.01731357,-0.055888195,-0.03171167,-0.058229055
0.0529648,0.19639137,-0.25670132,-0.18961102,-0.021776292,-0.09494645,-0.01361337,-0.07481334,-0.002771131,-0.04892414,-0.20122053
0.03342258,-0.14502291,0.04428771,-0.09307487,0.059869185,-0.84994584,-0.20292729,0.052417867,-0.007445733,-0.03285934,-0.08351911
-0.040085074,-0.20376806,0.014018578,-0.16994181,0.02373624,-0.13718528,-0.08636277,0.041163526,-0.08455912,-0.011818853,-0.20524786
-0.0658284,-0.028277544,0.057966918,0.052933015,0.09032792,0.13875845,0.080355406,0.17952792,0.038892172,0.085097484,0.5786766
0.058342606,0.06332758,0.04124413,0.07381756,-0.015297258,0.073856734,0.015497889,-0.20100828,-0.024565537,0.040571146,-0.31133077
0.06519139,0.15123346,-0.026115179,-0.06653427,0.004399728,0.13490707,0.071697325,0.043078106,-0.07356117,0.02425368,-0.23507401
-0.099406175,-0.12438565,-0.037713937,-0.16444616,0.05257544,-0.13173686,-0.013902371,0.1690886,-0.1084745,-0.002160242,0.18631543
-0.36360854,-0.1202696,0.015206118,-0.09581896,-0.111441225,-0.31639355,0.058219686,-0.26178882,-0.06445073,0.026666611,-0.14553341
-0.11263138,-0.015107918,0.039215855,-0.016685374,-0.02304795,0.08655499,0.00027283077,-0.053096622,-0.12736821,-0.03613767,-0.16149242
-0.024504375,0.066044606,0.021789035,-0.1733566,-0.0903178,-0.0130447205,-0.008915409,0.018691368,0.17209616,-0.04609673,0.045838352
0.038212493,-0.20255019,-0.038963854,0.095810376,-0.24068764,0.055552363,-0.12985139,-0.19771668,0.10729689,-0.0077581997,-0.32116058
-0.086456776,-0.1426066,-0.22568808,-0.14286104,-0.21676119,0.06309678,-0.027481303,-0.050169423,-0.0046540014,-0.019537905,-0.4041548
0.03234349,-0.015102832,0.045640066,-0.064630486,-0.095103405,0.11030001,0.08356848,0.1041367,-0.028113343,0.061770912,0.16154373
0.047149308,0.12469072,0.06116649,0.04304141,-0.20520586,0.07030486,-0.13480243,-0.19557345,0.013877708,0.030366022,-0.28077352
0.026259521,-0.073224746,-0.01624739,0.0014264935,-0.26342696,0.093254074,-0.19123282,-0.08337816,-0.00016304996,-0.07541966,-0.25897628
0.025330054,-0.06521391,-0.003438581,0.0033836728,-0.19390772,0.09710521,-0.20617934,-0.07927623,0.035840668,-0.04987521,-0.267819
0.068671666,-0.021425359,0.0010313415,-0.043911215,-0.24125251,0.14849694,0.032400485,-0.1025353,0.16007635,0.008870814,0.14129552
-0.060649063,0.08702906,0.027808005,0.107221685,-0.1649061,0.036067266,0.07124075,-0.20148833,-0.05674803,0.014540315,-0.23520195
-0.0070766597,-0.10082628,0.039749343,0.032833368,-0.018710537,0.12651247,-0.029919274,-0.057130076,-0.029191548,-0.030238036,-0.3201108
-0.020491298,0.120761536,0.039301362,-0.011457484,0.044897005,0.08416638,0.09140499,0.024896948,-0.0544102,0.008417858,0.07164849
-0.053957008,-0.06429676,0.0070585813,0.25672337,0.14876685,-0.2299522,-0.0042603924,0.13437353,-0.08298538,0.014348332,0.45532724
0.033804167,0.042534277,0.04478555,-0.10661312,0.042459697,0.105089374,-0.019267898,-0.0016359184,0.1668059,0.046499584,0.111543864
0.051326778,-0.05544311,0.047349297,-0.061442893,0.010278672,0.08913531,-0.011597651,0.04818507,-0.09277364,0.03161537,0.16928312
-2.5227433e-05,-0.112617366,0.053686503,0.15969077,0.108848885,0.07944056,0.08769167,-0.06401672,-0.16707611,-0.010239327,0.040714797
-0.032897193,-0.117106475,0.031743743,0.072810605,-0.02613689,0.0050038015,-0.14097615,-0.088366404,-0.11188058,-0.025741352,0.027420405
0.030506905,-0.1729292,0.047673106,0.2034759,-0.004277781,0.038352575,-0.08440379,-0.14209296,-0.033969622,0.03444659,-0.23241223
0.01145457,-0.04655737,-0.14265347,0.040134545,0.07896177,0.0795822,0.08005875,0.14751966,-0.059591718,0.038020875,0.6228646
0.009370577,-0.065166146,0.031799465,0.06415708,-0.020830236,0.101040885,-0.111601084,-0.18920833,0.15179622,0.10455058,-0.16223916
-0.0002201765,-0.020812131,0.019242598,-0.19789921,0.06711933,0.13980435,0.05942414,-0.074451745,-0.08651797,0.04063799,-0.19389439
0.026263153,-0.07696848,0.016852034,0.044956755,-0.17107339,0.07786265,-0.1529912,-0.16296889,0.06200984,-0.051509123,-0.22438042
-0.0083357785,-0.086692244,0.049678266,0.0358046,-0.02556785,0.09939034,-0.09470958,-0.08970822,0.039329045,0.019860324,-0.18334721
0.081220746,0.34866905,0.049841996,0.012568569,-0.016384512,0.082195826,0.09634975,-0.07337645,0.12181092,-0.029830331,-0.28218377
-0.018228358,-0.049858555,-0.035908483,0.04160805,0.08046013,0.09825801,0.017145561,-0.074447006,0.017666724,-0.04208129,-0.29975608
0.064028725,0.22990654,-0.00039598966,0.18177047,0.01023355,0.05509807,-0.0541893,-0.14050396,-0.02862479,-0.040317774,-0.19934712
0.0047955196,0.035386615,-0.14514567,0.029033344,0.1247863,0.11501023,0.08073782,-0.049660742,0.22704104,0.043148916,-0.1193461
0.041808143,-0.1538494,-0.12545784,0.122988954,-0.013262925,0.07647539,-0.020580262,-0.21582668,-0.038181093,-0.05285567,-0.50806826
0.05932692,0.045428365,0.11197773,0.052434962,0.20751396,-0.014483382,0.11823416,0.088298336,0.28712147,0.02754297,0.20713638
0.036392428,0.04534605,0.043500375,-0.15921935,0.0509903,0.12649095,0.0839301,0.042473696,-0.082036614,-0.040169656,0.13777095
0.037009522,0.22139964,0.04899684,0.020961065,0.08003216,-0.13223827,0.08295946,0.089518085,-0.036437247,0.0010590478,-0.07279085
0.018278785,0.11631886,0.004590002,0.12513566,0.016794259,0.08804236,-0.02355568,-0.17762613,-0.048201744,0.03256766,-0.18976302
0.086419456,0.12564194,0.052538764,0.39994234,0.0051049786,0.048405077,-0.08068903,-0.22254232,0.01549769,-0.029604452,-0.18293977
0.047889467,0.06942808,0.03237815,-0.13000366,-0.10737841,-0.068947226,0.017628992,0.04871006,0.19213071,-0.042459626,-0.05538766
-0.0065740077,0.19989574,0.036762554,0.07959668,0.06852188,0.09309874,0.06392904,-0.03931886,-0.012707866,-0.018709075,-0.03392737
0.054213576,0.031970505,0.06078172,0.058671314,-0.009481802,0.066754,-0.10901587,-0.21486077,-0.0127290785,-0.09938636,-0.33728802
0.02279052,0.05147752,0.07539686,-0.13946,0.12223326,0.06614821,0.12723498,0.21450464,0.3154788,-0.045328498,0.24074112
0.029491002,-0.047857936,0.00085067685,0.066329084,0.032624237,0.10458213,0.04608338,-0.12418006,0.088594064,-0.045252703,-0.10362198
0.041377015,-0.09738727,-0.022795994,0.14625156,0.104206145,0.09893803,0.12791936,-0.19473128,0.017150292,-0.124624625,-0.15330292
-0.007680976,-0.040440574,-0.092492945,0.00030362248,0.076375164,-0.19132383,0.05439852,0.34875932,0.19562994,0.0739376,0.6383393
-0.028516402,0.045207452,-0.020837368,-0.008701245,0.061938666,0.081929356,0.0076593845,0.13705231,0.056761403,-0.05653273,0.23517963
-0.02658685,0.050880652,0.0047267387,-0.11057992,0.044824097,0.08920728,-0.026111865,0.01472799,0.109114766,-0.017230092,0.08158721
0.02026174,-0.1349521,0.04050622,0.14536962,0.086126424,-0.76304865,0.023415035,-0.11664316,-0.009880772,-0.014086453,-0.012333281
-0.03832676,-0.03674889,0.10689231,0.067821376,0.23339635,0.07251313,-0.06881163,0.09783928,0.26232514,0.02493582,0.23994684
0.0124353245,-0.04207649,-0.1165274,-0.030541623,0.11473898,0.08531355,0.037216257,0.18979383,0.08479546,0.10960744,0.63135284
0.013602558,-0.058934417,0.0826823,-0.06314927,0.11268347,-0.17949824,0.026566364,0.30836108,-0.047970813,0.027041677,0.5274704
-0.35060567,0.028761676,0.0035588457,-0.023843264,-0.1330678,-0.20930597,-0.012530105,-0.121111095,-0.04090218,-0.021746578,-0.27687773
-0.007907771,0.16096982,-0.013650604,-0.1938108,-0.0065894267,-0.2072608,0.11043742,0.14756279,-0.06892625,0.04685541,0.26719522
0.0454714,0.103567876,0.039758917,0.109713934,-0.11351804,0.09660054,-0.13238591,-0.18788044,0.062391084,-0.058562923,-0.19413517
0.031267107,0.16402975,0.010745665,-0.10300302,-0.034197714,-0.08743816,-0.034124464,-0.070927076,0.03632357,-0.046137214,0.009380076
0.022713974,-0.2718057,-0.18859088,-0.14549248,0.0118189,-0.76096725,-0.20224054,-0.011687462,-0.024888206,-0.07109735,-0.18233727
0.07647138,0.35991266,0.015604713,0.044201065,0.0005618805,0.07964729,0.16292383,0.049707633,-0.017177293,0.020569896,-0.0035390628
-0.005052932,-0.16449365,-0.20683774,-0.07662687,-0.027225412,-0.28107315,-0.21097292,0.084432654,0.007431516,-0.008562944,-0.066243805
0.053596515,-0.16619106,0.026536822,0.063168444,0.09902407,0.07572243,-0.16905023,-0.15664114,0.0103788925,0.008402402,-0.25397873
-0.0011664052,-0.16331755,-0.20615064,-0.07702418,-0.024556637,-0.27826726,-0.21116805,0.08304086,0.0075201965,-0.0099003585,-0.06518776
-0.0047266637,-0.12699431,-0.16241024,0.21589203,0.004450607,0.04571498,0.030047527,-0.21482368,-0.028332366,-0.06399495,-0.34612197
0.03430538,0.41909045,0.07189221,0.20577621,-0.13581945,0.049779892,0.038765162,-0.18804763,0.0111060245,-0.05063618,-0.29239842
-0.023198975,-0.109845094,0.04559417,-0.05608588,-0.015455282,0.092966564,0.072740994,0.0070288437,-0.0724414,0.0057031433,-0.14853218
0.06422752,0.031319376,0.055855602,-0.066082574,0.014121281,0.13331084,0.092383444,0.17727491,0.22693872,-0.02377417,0.15003967
-0.13736024,-0.09671572,0.043000378,-0.07492372,-0.006874078,-0.3962006,0.096912235,-0.070190616,-0.1207925,0.0017050527,-0.023492578
-0.2630525,0.05580693,0.024692008,-0.06899367,0.0077511854,-0.14080946,0.021991493,-0.07075243,-0.15847194,0.022316333,0.09983548
0.0234071,-0.18216522,0.05397048,0.26439217,0.0014687085,0.06443772,-0.09858785,-0.16245739,-0.02446449,-0.00727076,-0.24335252
0.026234047,0.2703651,0.051693264,-0.07685265,0.08789494,0.10188081,-0.08029147,0.18203194,-0.039219152,-0.0023283772,0.66943604
0.010277566,0.36299506,0.062408626,0.11232433,0.019481475,0.013401728,0.07976606,0.06644525,-0.060391266,-0.0227763,0.3232579
-0.06815493,0.24058506,0.0646332,-0.1677796,-0.044836625,-0.064967945,0.011872497,0.009537838,-0.0006975484,-0.05118938,-0.2617343
-0.0036385017,0.0047851973,0.028625527,0.10011062,0.06604538,0.090224504,0.07633204,0.08340557,-0.045162916,-0.025956756,0.27995583
0.05281468,0.1665243,0.08165939,-0.20730333,-0.004242941,0.059733286,-0.0061726663,0.08256939,-0.040923856,-0.054039273,-0.18337336
0.03709672,0.065383695,0.037680224,0.013639501,-0.02072055,-0.045988258,0.07945278,-0.07735614,-0.03720005,0.00945328,-0.23748714
-0.025490278,-0.19977234,0.06753048,0.27111873,-0.0059628766,0.038403794,-0.067405514,-0.18695073,-0.051709093,0.015120423,-0.31648496
-0.101132795,0.0950627,0.026513802,-0.008687051,-0.16002777,-0.010182163,0.04981673,-0.061019167,-0.0970313,-0.04533206,-0.16893125
0.008623488,-0.12134552,0.007936621,0.0035125753,0.005038662,-0.13589121,0.100543916,-0.09910134,0.0022442823,-0.03393828,-0.10849631
0.022423428,-0.003523783,0.0446128,0.17159697,-0.03152972,0.08698611,-0.061135314,-0.1999949,0.09817167,-0.04509861,-0.26539925
-0.05735278,0.008920456,0.110253766,0.15302396,0.19157116,0.32678512,-0.0043764845,0.1551548,0.25183108,-0.018524412,0.55682635
-0.043311268,-0.02888906,0.03766447,0.18648006,0.13079593,0.19382548,0.03739641,0.13472968,0.26401824,-0.03224636,0.28914613
-0.13228329,-0.07229469,-0.012351977,-0.06298305,-0.1078574,0.14931694,0.007591,-0.1999662,-0.05082197,0.068496495,-0.26034683
-0.11264526,-0.11308971,0.08231972,0.14879861,0.12878616,0.027562195,0.009907611,-0.10806443,-0.14782734,-0.13423814,0.16504318
-0.04865505,0.350247,0.06617164,-0.07445022,-0.03313282,-0.104192905,-0.084931426,0.033197038,-0.014864214,0.010668647,-0.060249712
-0.28216064,-0.1221711,0.04053268,0.064926274,-0.15042879,0.059016146,-0.02075651,-0.21495944,-0.0497555,0.077564016,-0.17764746
0.029024392,0.069016516,0.04119523,-0.07508753,-0.030561492,0.010529531,0.039043855,0.012899111,-0.0013171987,-0.049380966,-0.044242375
0.02158906,0.04233368,0.03836626,-0.090712436,-0.032787193,0.012310973,0.04284297,0.018609885,0.007617292,-0.049099825,-0.046043515
-0.0021323217,-0.14420931,-0.170735,0.058256425,-0.007133253,0.05605938,-0.06775157,-0.15428971,-0.0413064,-0.018552111,-0.32188028
-0.027671454,-0.032582466,0.023281233,-0.20511691,0.06411113,-0.20234244,0.016187605,0.046187196,-0.15578896,-0.010619625,-0.052550327
0.025584523,-0.14948846,0.032188945,-0.15344493,0.018642474,-0.29855025,-0.07810543,-0.12537998,-0.051601827,0.021519952,-0.22393301
0.04046745,0.16739044,-0.018002428,0.035787534,-0.00984515,0.08842945,0.020471692,-0.08135517,-0.05737239,0.014970264,-0.030728528
0.0032875126,-0.0027512612,-0.16024125,0.07487394,0.05060952,0.09482211,-0.12531553,-0.080568805,-0.05340371,-0.07485917,-0.24558595
0.020593204,-0.14578697,-0.16826342,0.06687676,0.0008208062,0.061309632,-0.09035579,-0.14700933,-0.01161379,-0.009147996,-0.31391445
-0.003868996,-0.5978923,-0.29992768,-0.26186237,0.016101388,-0.032558776,-0.034650087,-0.08047896,-0.0030541557,-0.041842088,-0.25780746
0.0027024343,-0.066319585,-0.24217618,-0.19099973,0.10735908,0.0599845,0.06102574,0.05616907,0.24327187,-0.07452282,-0.0003116666
-0.008331938,0.1514583,0.030173548,-0.14587975,0.011221961,0.031850696,-0.115085915,-0.3180951,0.047826532,-0.089464225,-0.43705305
-0.06788353,-0.11718648,0.025087222,-0.0329098,0.083426885,0.02926753,-0.15133873,-0.119554065,0.20302889,-0.00096526963,-0.12962347
0.014142865,-0.15893577,0.084156096,0.17707951,-0.14641066,0.0018426555,0.016739607,-0.13918792,-0.008310926,0.0064865053,-0.28059086
-0.027828624,-0.02140512,0.061903503,0.007920331,-0.06485754,0.14481556,-0.09388873,-0.04229177,0.01962462,0.03228362,-0.28747842
0.00367559,0.3226923,0.03258263,-0.110660665,0.0062232795,0.15635307,0.0282474,-0.07685774,0.051389586,0.105073236,-0.22445081
0.021168007,0.05842738,0.031182792,0.09397017,0.014944023,0.096154004,0.017119026,-0.10273812,-0.060610306,0.08989232,-0.092190355
0.012413847,0.14508979,0.042982657,-0.14297552,-0.0019924846,-0.14113857,0.0022474474,0.050333366,-0.03400308,-0.007072162,0.012604797
-0.08673372,0.036137994,0.0054813023,0.0594449,0.08340808,0.07745799,0.0123442495,-0.10478223,0.12082788,-0.06674363,-0.022947473
0.041178882,-0.12568092,0.059486486,-0.30770257,0.054294284,-0.23313025,-0.034018874,0.022870418,-0.07269052,-0.036395583,-0.2552176
0.019755412,0.09062804,0.019424163,-0.085883595,0.022533827,-0.11141606,0.058734935,-0.05019659,-0.044280145,0.062055912,-0.06633668
0.020112108,0.07524008,0.008186096,-0.30018196,0.022744523,-0.046210445,0.03055955,0.0028713122,-0.08991351,-0.051321596,0.10018661
-0.013214233,0.019343758,0.05448337,-0.030023199,-0.17919074,-0.13002406,0.086101286,-0.20095633,0.1388884,0.038521796,-0.17247093
-0.018572284,-0.49370006,0.042604472,0.026162764,0.13707982,-0.19165915,0.06034341,-0.12213539,-0.07093465,-0.058797956,-0.19903898
-0.039465077,0.05456402,-0.034304284,-0.08830483,0.051413804,-0.49002883,0.05866436,0.11505636,-0.10883335,0.036925543,0.566022
0.06045942,0.049754404,0.049166344,-0.06991359,-0.008579546,0.09436732,-0.010723016,-0.0019597446,0.23992865,0.028482847,0.072253294
0.04441256,-0.0379824,-0.012565297,0.17017232,0.10338499,0.10002879,-0.10057309,-0.14570878,0.17992097,0.04339036,-0.1961859
-0.018446136,0.019212766,0.018253854,0.06581336,0.010987468,0.058653645,-0.08039768,-0.1877596,-0.043709498,-0.049014878,-0.29665336
0.012640665,-0.09894053,0.051623218,0.1259934,0.12355653,0.103951156,-0.10918038,-0.10793712,0.19521675,0.037401576,-0.27695888
0.029237663,0.0388365,0.048404284,-0.060111873,0.03167891,-0.1397299,-0.14904724,-0.113014095,0.17518283,0.037660982,-0.078811936
-0.28618285,0.0062430413,0.0075550927,-0.005999043,0.0727076,0.057614826,-0.06169652,-0.07191427,-0.09132565,-0.013499273,-0.31125528
0.035204183,0.1310811,-0.030792842,-0.010219734,-0.0008527445,0.07701139,0.011109894,-0.07590388,-0.038367603,-0.059791237,-0.23690811
0.009129021,-0.0441083,0.05984141,0.16705115,0.12387097,-0.06286514,0.10844323,-0.17456661,-0.016770113,0.0014406807,-0.15708755
0.00018023045,0.0029208565,0.044738706,0.028704958,0.057571564,0.08376776,0.04997488,0.05114344,-0.07887276,-0.0403538,-0.052679192
0.0047651012,-0.014823053,0.02707287,0.08323551,0.089322865,0.11751727,0.028307045,0.16653536,-0.07226423,-0.051188186,0.7171534
0.022431996,-0.12084276,-0.052600883,0.08789015,-0.10588371,0.026123766,-0.05049207,-0.18652588,-0.001152265,0.020900773,-0.35244617
-0.027717104,-0.14207582,0.014819855,-0.20549367,-0.018449582,-0.03717114,-0.087567575,-0.07127837,-0.01182416,-0.02794058,-0.23728757
0.052865908,0.032130558,0.017537318,0.0386138,0.05480744,0.1315078,0.04123996,0.12075876,0.05728433,-0.005340544,0.19627441
0.043132782,0.11880617,0.053062536,-0.102966994,0.06291613,0.10327438,0.051247295,0.030110119,-0.021457447,-0.07201464,-0.16003257
-0.056246288,-0.028710008,-0.011089268,-0.091196716,-0.032994132,-0.7617078,-0.05507095,-0.04066088,0.017228097,0.00020902802,-0.17241642
0.035091843,0.029166697,0.03054098,0.0385609,0.18756582,0.11558412,0.08109883,-0.059497703,-0.07106298,0.034342535,0.04379203
0.069900624,-0.052876275,0.08221701,0.35451433,-0.14940451,0.07482808,0.029631034,-0.22927424,-0.030366706,-0.002162764,-0.27480993
0.10979336,0.07887952,0.06756422,0.29685366,0.07354818,0.10683204,0.11434954,-0.21456128,0.17145175,-0.05095296,-0.27837545
-0.005185231,-0.035987906,-0.11655467,0.06119192,0.15562323,0.089348495,-0.083251745,-0.12357784,0.10828149,0.095974706,-0.22341412
0.038809687,0.10988761,0.027751144,0.3377005,0.05682201,0.08786622,0.0033523573,-0.23369932,-0.077893965,-0.03332231,-0.27758354
-0.0055927243,0.0589072,0.025562877,0.18028417,0.35619894,-0.16350871,0.08354842,-0.077490866,-0.07904727,0.032050084,0.038511198
0.036530655,0.14910728,-0.01012625,-0.10139853,0.0689707,0.079195164,0.10966207,0.031737257,0.08973239,-0.05781123,0.03980483
0.050499883,0.18332614,-0.00031337718,-0.09156698,0.08820601,0.05327406,0.07678061,0.047204144,0.08370082,-0.044011593,0.05006921
-0.015471249,-0.10809669,0.02838561,0.06262106,-0.025402814,0.05808736,-0.10680992,-0.10506961,-0.009432606,-0.007106258,-0.3030701
-0.025158733,-0.09125384,-0.16889346,-0.108179264,0.019480774,-0.3945788,0.13694827,0.1250995,0.2014236,-0.056555144,0.10594487
0.029517163,-0.16574521,0.031106276,-0.11177104,-0.04327214,-0.34391892,-0.100015104,-0.14968674,-0.014209579,-0.004931612,-0.1886384
0.06761735,-0.048723627,-0.044268075,0.16045775,0.06288844,0.11307809,-0.041530814,-0.20091142,-0.04754761,-0.071560346,-0.27949086
-0.022978902,-0.0072641456,0.018392108,-0.08840499,0.05287945,0.11308613,0.051266532,0.019635728,0.22215074,0.011890184,0.11878756
0.050006144,0.029621352,-0.058389932,-0.15599862,0.07319436,0.09703683,0.087574184,0.10223653,-0.09338693,-0.05548024,0.34507537
-0.09545127,-0.056964647,0.050532952,-0.118431844,0.012585316,-0.1761314,-0.13311787,0.122414485,-0.078141406,0.15061016,-0.056933273
0.058430355,-0.0869742,0.065106556,0.05000551,-0.16926213,0.062105533,-0.10652326,-0.14982098,0.013658632,-0.08228481,-0.27455246
-0.050613258,-0.103427716,0.05198454,-0.084588006,0.007996332,0.08708687,0.006521304,-0.0042512454,-0.060110707,-0.0035457206,0.16038366
0.004710213,0.15718684,0.055656433,-0.16878444,0.0729104,-0.2638631,-0.08012474,0.050625753,-0.06909986,-0.01997313,0.068786226
0.040653583,-0.06859893,0.03332327,0.0963912,-0.00027373503,0.090901,-0.04308166,-0.16523932,-0.05556631,-0.03922072,-0.099838175
0.054519076,-0.030301875,0.15363239,-0.18046294,0.07813976,-0.030374855,0.09702775,0.20158626,-0.031718127,0.072622284,0.22432762
-0.0138268545,-0.5511232,-0.011484018,0.18784492,-0.19309403,-0.02018045,-0.06136188,-0.16556379,-0.02713614,0.026435606,-0.19298746
0.03374652,0.016409803,0.06656633,0.24911293,0.22821681,0.07080692,0.1554136,0.04371591,-0.06259189,-0.016473603,0.20814414
0.076566316,0.030169714,0.040240914,-0.24770635,0.0034806416,-0.0879928,-0.18021192,0.021121668,0.16041166,-0.05057522,0.14415476
-0.105802335,-0.022247078,0.023068612,0.09836452,0.110582404,0.16322553,0.10986147,0.05550872,0.18277991,0.094174184,0.5083022
-0.0710411,-0.07285241,0.03354003,-0.21211928,0.06540658,-0.09111999,0.070755824,-0.09152887,-0.06884616,0.041569475,-0.18313526
0.04325537,0.02533518,0.038555905,0.029618312,0.08418455,0.1385235,0.015715314,0.16593367,0.050543632,0.04333768,0.39580876
0.01843998,-0.08913234,-0.02084978,0.004349177,0.048413742,-0.1735079,-0.015425086,0.1419509,-0.067497626,-0.002868276,0.4840802
0.03616129,0.17426398,-0.0012236186,0.041036084,0.046161857,-0.1040079,0.02200932,-0.0959257,-0.022808608,-0.024905037,-0.06608947
-0.12839274,-0.027574502,0.059424426,-0.23082428,-0.05998022,0.018759634,0.0509377,0.08273311,-0.104188316,-0.06691603,0.435837
-0.30627134,-0.14525528,-0.088092394,-0.5115933,0.038052853,-0.2609534,-0.014660285,0.09562354,-0.13491929,-0.11497261,0.19281569
0.07140226,-0.15736556,0.07686578,0.23150304,0.019031284,0.0779175,-0.03956119,-0.12171917,-0.0111247115,-0.009152337,-0.27863833
0.034088455,-0.029155357,0.005120385,0.06269311,0.087765224,0.13571985,0.08497536,0.058332138,-0.07348076,0.040086538,0.5007209
0.026238961,0.009331243,0.017389879,0.1278586,0.08732642,0.06451822,0.08010919,0.049577817,-0.06331673,0.029675119,0.6198082
0.0064891092,-0.06536767,0.033708185,0.04428982,0.100359835,0.12065087,0.06055661,-0.0955729,0.2176074,-0.043594703,0.19311935
-0.002938453,0.011627458,0.04443521,-0.15916032,0.019318173,0.13240005,0.025294743,-0.04494626,0.27400944,0.048837557,-0.1296056
-0.008701959,-0.14796723,0.035465464,-0.08054308,0.06868402,0.10644678,-0.18636835,-0.00279574,-0.13199066,0.008044961,-0.07003457
0.034633253,0.04531021,0.007890101,-0.0015651765,0.025160342,0.07499832,0.039303746,-0.01752467,-0.09755594,0.010429699,0.06304126
0.0369134,0.020262603,0.009654898,0.008355732,0.020688677,0.07982906,0.10053236,0.14402553,-0.047390062,-0.059653632,0.6934256
-0.52438366,-0.02110142,0.014047569,-0.05054643,0.0329672,0.10026486,-0.041143443,-0.20640159,-0.026291726,0.11723597,-0.29455963
0.0742826,0.21011637,0.055955883,-0.09677266,-0.0017709051,0.10187469,-0.15848064,-0.066086866,0.12752691,-0.049431562,-0.26995677
0.06509528,0.15767655,0.06899312,0.026637021,0.064028665,0.103193864,-0.105989225,-0.017477863,0.2284777,-0.020770216,-0.04582238
-0.0009198556,-0.034060087,0.029103737,0.15138458,0.093111455,0.09813542,0.03797636,0.08140941,-0.1295297,-0.020203197,0.67887425
0.0075887344,-0.024228098,-0.16553216,0.02190816,0.100977845,-0.045626577,0.07290628,-0.06436593,-0.024903495,-0.033703886,-0.1645499
-0.041174885,-0.59243983,-0.21585207,0.16954654,0.04721325,0.039896034,-0.19462214,-0.21689536,-0.117344834,-0.0946915,-0.25752115
0.08502506,0.16538443,0.029568488,0.04377489,-0.007218691,0.10721386,0.004581364,-0.0584335,-0.036011167,-0.024817217,-0.06250808
0.035681874,0.059809424,0.04420227,-0.19052978,-0.018083362,-0.0036061003,0.05759646,0.036933333,0.020957436,-0.037800096,0.14851691
0.036432512,0.25795287,0.07132192,-0.09229241,0.009077843,-0.05543986,0.060370736,0.042255435,0.104803935,-0.01880467,0.024857806
0.013118206,-0.514399,0.014458838,0.15588218,-0.15982021,0.0891917,-0.10206984,-0.188068,-0.027917793,0.03873331,-0.07062286
0.0075038583,0.020200144,-0.14226672,0.040764485,0.16686745,0.111779265,0.032492947,-0.048573416,0.23294617,0.037029024,0.010287882
-0.03432913,0.03174119,0.059952237,-0.15040168,-0.023141667,0.021283954,0.006245507,0.044184975,-0.013624304,-0.05529547,-0.2297485
-0.014828167,0.032746144,0.06323107,-0.13790976,-0.016388442,-0.028928127,0.022545192,0.03648147,-0.009424347,-0.04768006,-0.22209792
0.09317836,0.018647812,0.009568609,-0.04880952,0.06319529,0.18326035,-0.013121935,0.14518659,0.08268824,-0.04288087,0.42707568
0.04435346,0.24509604,-0.13367365,-0.1639373,-0.041308157,0.09371437,-0.03132329,0.07664105,-0.068467766,-0.16360417,-0.27084875
0.013171423,0.12848449,0.04440583,-0.06838705,-0.10937644,0.090013765,0.039909642,-0.16309097,0.056786675,0.075170375,-0.06096808
0.054842327,0.2134972,0.00032670586,-0.090054356,-0.013128559,0.05951635,-0.0033709554,-0.0779566,0.1121304,0.071549,-0.25730303
-0.014161142,0.1671279,0.052377027,0.05226989,0.055171456,0.08566353,-0.065266594,-0.09829243,0.018432757,-0.07839655,-0.1334605
0.017206857,-0.116307646,-0.14007324,0.10484313,0.09249994,0.075407825,-0.024172492,-0.08245634,-0.005914453,0.007106258,-0.2928087
-0.02104359,0.08826334,0.025167063,0.10254833,0.072973736,0.084282115,-0.10168781,-0.10404176,-0.026958572,-0.0063057547,-0.24489239
-0.018832432,0.058492757,0.05180114,0.09870675,0.07344084,0.087943405,-0.11058124,-0.09459282,-0.021704864,-0.06624476,-0.2776975
0.05437771,0.2651602,-0.03630152,-0.08509113,-0.036883857,0.08329958,0.01311589,-0.0738037,0.06285611,0.086145185,-0.25329635
-0.055316646,-0.05451005,0.023425879,-0.07753603,0.053644,0.15635233,-0.052752834,0.0024927685,-0.11728662,-0.015358413,-0.19613923
0.010926955,0.26696128,0.03589688,-0.21985453,0.012399341,-0.17616367,-0.024306545,-0.12386371,0.11742133,-0.029414251,-0.23421782
0.04202686,-0.07123788,0.027008828,0.12400544,-0.08783652,0.10171697,-0.087083034,-0.17111701,0.20049675,0.09403209,0.2533571
-0.0133486185,-0.03930485,0.047658104,0.09113665,0.10962034,0.10722152,0.07723533,0.20079444,-0.07607456,-0.032207824,0.46760303
0.10660056,0.1284817,0.043665092,0.3510663,0.051565077,0.12223634,-0.02109571,-0.15923567,-0.009845163,0.17827606,-0.198609
-0.041430578,-0.1366106,0.06767441,0.13376069,0.022484891,-0.029456683,0.0050307475,-0.1814753,-0.033584017,-0.09206011,-0.28294426
0.00036906943,-0.15410659,0.005725027,0.23057649,-0.010145768,0.122222245,-0.035427872,-0.18678443,-0.02823542,0.068174645,-0.28085923
0.0110323755,-0.26392436,0.0037699614,-0.2823772,0.0441796,-0.052502323,0.10505925,-0.076486364,-0.09353597,-0.03721389,0.014669591
0.019878063,-0.16977206,0.050167356,0.006728686,-0.12662159,0.067155056,-0.035595033,-0.18728794,-0.019758193,0.014812118,-0.28008237
0.0040312316,0.105839886,0.079839505,-0.064881966,-0.07705037,-0.05578611,0.03543486,-0.026047805,-0.029000884,-0.022230301,-0.20589904
0.047082584,0.0803546,0.04629814,0.028621916,-0.116369806,-0.40744016,0.051218927,-0.10570631,0.06918055,0.0059613283,0.060389593
0.027611913,-0.04729965,0.040934645,-0.058779765,0.07385457,-0.2210726,0.03642427,0.022991996,0.032154746,0.053298876,-0.081418835
0.01657813,0.10498763,-0.06842093,-0.112476096,-0.034269802,0.08388194,0.018689953,0.092516586,-0.14724839,-0.017474676,0.34367296
-0.016088031,-0.0413396,0.047291484,-0.036600783,0.10317585,0.054729115,-0.016800884,0.14337994,-0.08999729,0.03668076,0.45876482
0.008514032,-0.14600432,-0.19535226,0.11628062,0.04368459,0.07847441,-0.008840345,-0.2039248,-0.07532244,-0.049751684,-0.38624644
0.09263665,0.07653781,0.07708039,0.21963371,0.094140075,0.14210552,0.052343626,0.034930702,-0.005800903,0.18884276,0.73534346
0.055051524,0.1914981,0.0642511,-0.07784035,-0.034075454,0.07815261,-0.018120559,0.18565887,-0.026453609,-0.040616587,0.12675692
-0.06734245,0.056767114,0.019100253,-0.11527919,0.07706035,0.11588223,0.026003728,0.15610857,-0.137686,0.09588136,0.52140343
0.008260082,-0.058445334,0.04422576,-0.14802222,0.08885934,0.0875486,0.0332901,0.107353725,-0.09850084,0.04207444,0.6748006
0.04510127,0.18530813,0.049732286,-0.073737346,0.057173405,-0.0952652,0.04442244,0.037861127,0.13359275,-0.05565116,0.15722285
-0.028095018,0.2579384,0.05408125,-0.11225345,0.050662436,-0.1443398,0.11227339,-0.09475484,-0.031370886,-0.015662659,-0.17105502
0.01559248,0.0866719,0.047036353,0.14108518,0.057546172,0.11258058,-0.10547538,-0.15420607,-0.04650896,0.06618776,-0.20822746
0.020867337,0.24046835,0.050966002,-0.12021639,0.040092338,-0.14727528,0.034781344,0.042858057,0.12143412,0.04130209,-0.060886666
-0.006405319,-0.16644749,-0.25029102,-0.053544246,-0.007944566,-0.6974978,-0.034780636,-0.07553591,-0.11546027,-0.013857889,-0.09404828
-0.00931749,-0.111146495,-0.23801643,-0.05895506,0.0010003311,-0.6926269,-0.029321047,-0.0752153,-0.1145174,-0.004634395,-0.08966311
-0.008354183,-0.09111158,0.036704686,0.016113752,0.00047657764,0.10862421,0.051132485,-0.06419898,0.10383147,-0.03895022,0.10807838
0.043157853,-0.045759093,0.038115617,0.16789174,0.018036228,0.08447468,0.07100946,0.024538951,-0.06770894,-0.030778179,0.5872177
0.05604915,-0.06090817,0.040431786,0.051879346,0.007366148,0.116733,-0.010225188,0.0071562226,0.08898688,-0.06318096,0.49220112
-0.0133286975,0.04708863,0.057803012,0.019994643,0.0039015186,0.07988994,-0.023963682,1.949881e-05,-0.1962367,-0.033065416,0.0738285
-0.019488059,0.043438315,0.034764327,0.043005135,-0.00058568333,0.12016862,0.006926782,-0.065188296,-0.102118574,-0.13018058,-0.061128005
0.0021833256,0.042826023,0.02151171,0.083738364,0.047960766,0.050482947,-0.12966396,-0.13250838,-0.11147403,-0.10672975,0.09700617
0.084052406,0.26405966,0.045391645,0.023011062,-0.10510631,0.07053008,0.012522201,-0.1367894,0.038691625,-0.08623581,-0.19851753
0.067387335,0.1218883,0.051442347,0.08578401,0.0835132,0.106880784,-0.04949382,-0.0780787,-0.025802622,-0.06905853,-0.1150641
-0.014087969,-0.51016265,-0.15776485,0.18247883,0.08598961,0.06763862,-0.16986163,-0.16988112,-0.1261018,0.0050733183,-0.23465475
0.032461245,0.29169732,0.06958966,-0.09109039,-0.07509457,-0.21553726,0.051160496,-0.114522755,0.14450046,0.03013646,0.047547013
0.03609933,0.027369997,0.03664653,-0.06208554,-0.020711036,0.089979015,0.010915354,0.16590022,-0.054972447,0.056333568,0.63744116
-0.3558001,0.19107611,-0.03299231,-0.09437066,-0.035583045,-0.11374215,-0.007856523,-0.13517375,-0.075941116,0.054040927,-0.2861104
-0.14348404,0.22760394,-0.031494584,-0.08476943,-0.06488328,-0.0962746,0.05755298,-0.06143873,-0.062646,-0.016239999,0.008729441
-0.26788473,0.24896137,0.007928037,-0.08756261,-0.026917513,-0.28827217,0.160809,-0.095133424,-0.037729397,0.050277244,-0.048381213
0.015307827,-0.032374594,-0.21953052,0.20312303,0.02718327,0.083470374,0.04830815,-0.16756009,0.2032914,-0.06271477,-0.18725507
-0.011935816,0.075089715,-0.16668414,0.0022323374,0.06827641,0.091147326,0.072176285,0.022932388,-0.063428365,0.006620096,0.035426058
-0.23121905,0.030524515,0.056873363,-0.115625314,0.021472026,-0.19672708,-0.01015579,-0.065273516,-0.08252132,-0.018123373,0.00041805985
-0.15546863,-0.10626638,0.03878394,-0.12972093,-0.034005053,-0.22931577,-0.0693254,-0.077262014,-0.047486976,0.011763194,-0.24101311
-0.012545463,-0.121094525,0.035322323,0.037902072,0.007826251,0.071154945,-0.030061305,-0.09205434,-0.051763292,-0.03429985,-0.292637
0.08732486,0.17109628,0.04076327,0.12583096,0.009190012,0.08070559,-0.051057644,-0.14799146,-0.004902554,-0.067578524,-0.16514717
0.009759961,0.005930863,-0.0036405455,-0.05891369,0.12355466,0.129599,-0.048536405,0.0013631342,-0.08936773,0.002018444,0.12704736
0.009170431,0.21568792,0.023873324,-0.13515937,-0.008525409,-0.14272779,-0.21364947,-0.00232894,0.059253227,0.032795496,-0.00519771
0.024571765,0.22105813,0.06395683,-0.15374786,0.0077353194,-0.023611706,0.13445029,0.020854646,0.1454428,0.028857186,-0.057802714
-0.029667983,0.0046717576,-0.008491032,0.035980772,0.032892108,0.049695678,-0.15618108,-0.112898976,-0.07951284,-0.02944572,-0.34784627
-0.033967637,0.118007325,-0.026856847,-0.18328422,0.04885765,-0.84368205,0.01943169,0.04917228,-0.053439535,0.07460171,0.59404826
0.004833185,-0.094366096,-0.0045894803,0.04541891,0.105584055,-0.23856586,0.048642896,0.16033979,-0.08163058,-0.05168904,0.57886785
-0.0097452635,-0.08355409,0.03200043,-0.25760865,0.10512429,0.04978154,0.05422186,0.05260475,0.22341073,0.039844662,-0.10641557
-0.047061916,0.036128376,-0.00952652,-0.09724485,-0.30244556,0.07123662,-0.051089928,0.012777683,0.08177757,-0.01786409,0.12071553
0.028943766,0.21744435,0.032002907,-0.16327097,0.00028327672,-0.11640421,-0.12504719,0.004248667,0.019163247,0.05553163,-0.027080007
-0.008755424,-0.083415315,-0.034319643,0.023419568,0.03082715,0.075084135,0.08606579,0.13501476,-0.07212095,0.014219582,0.68381697
0.05630213,0.11145697,-0.07968618,0.08979673,0.037918262,0.059876997,-0.05262586,-0.16332968,-0.006141735,-0.029789329,-0.2729633
0.013771292,-0.0036864753,0.039793644,-0.09014581,-0.020789854,0.10844439,-0.041543223,0.039166268,-0.0229968,-0.04008061,-0.03608407
0.009708806,-0.04566691,0.044001292,-0.21650897,0.109519094,-0.18145104,0.029148323,0.22086717,0.18133925,-0.051215224,0.21055059
-0.07663191,0.15143538,-0.01458865,-0.064472236,-0.12549889,-0.085147224,-0.058060925,-0.08071776,-0.23379382,-0.011627827,-0.1745063
-0.0803357,0.07621034,0.010431853,-0.027306315,-0.10364634,-0.06372966,-0.043459356,-0.07664957,-0.17319237,-0.031073507,-0.19185022
0.05331874,0.3785177,0.059764486,0.0704566,-0.03798197,-0.031378996,0.018657098,-0.17186084,0.04416884,-0.04514061,-0.28478357
0.1033081,0.42912337,-0.004203615,0.22447495,0.01635946,0.06335545,0.011818137,-0.080377325,0.015790058,0.031691793,-0.20590077
0.07939976,0.066634476,0.04658657,-0.00908023,0.09075561,0.331766,0.0051108385,0.15146153,-0.046446532,0.20273444,0.6317658
-0.04989796,0.016053863,0.052705415,-0.26721862,-0.055227954,0.018543825,-0.009681233,0.04494771,-0.089381814,-0.17141186,0.3563744
-0.045683015,0.08201926,-0.0396739,-0.015602982,-0.028942386,0.15651923,-0.1339277,-0.084574744,-0.00097000576,0.061030522,-0.13670193
0.054599106,-0.062966846,0.065968536,0.15030132,0.01632395,0.10205314,-0.021135181,-0.05295954,0.09634013,-0.010869061,0.19917025
0.03667033,0.22915125,0.043452278,0.01609965,-0.011485991,0.07717242,-0.18003544,-0.11129149,0.0100193145,0.012049346,-0.18054196
-0.03663057,-0.32158166,0.056273278,0.24250458,0.1356126,0.09721109,0.09917672,-0.13302606,-0.049113788,0.0014750783,-0.0779511
0.030214915,0.21959868,0.049891546,-0.29824263,-0.004682743,0.11312095,0.08356565,0.047252256,-0.0040524383,-0.11320498,-0.15507577
-0.06325982,-0.24875396,-0.07842229,-0.098229036,0.09311587,-0.28717333,0.020133391,-0.0004744192,-0.054831088,-0.0059081395,-0.07746138
0.028217802,0.017274627,0.054924183,0.12884933,-0.083845556,0.10514975,-0.103879854,-0.17136829,0.04100993,-0.029841628,-0.23631091
0.1158071,0.035769604,0.033182494,-0.032130197,0.014842939,0.16707882,-0.018126909,0.16778295,0.06375474,-0.042679824,0.4229991
0.10097047,-0.04525462,0.05528647,-0.12899794,0.019930806,0.1273997,0.1287438,0.22381057,0.35225174,0.040960692,0.5924109
0.040426586,-0.016728133,0.06029388,0.104163595,0.05624574,0.09687444,-0.011355892,0.010461548,-0.07847488,-0.05943046,0.52032566
-0.012937411,-0.023791166,0.07497872,0.12353455,0.0658723,0.06695973,0.022158654,0.103641644,-0.05514226,-0.044058025,0.373904
-0.17816171,-0.2583521,0.022690767,-0.23037347,-0.019068314,-0.20120387,-0.309825,0.036507677,-0.124369256,-0.04845188,-0.09199734
0.034354955,-0.28380638,0.030186104,0.076813415,0.10426508,-0.02738921,0.09191414,0.11319061,0.04771948,0.07414462,0.76682085
0.0442044,-0.038587276,0.038737413,0.048885982,0.14745277,0.11414778,0.07246351,0.17406689,0.042661853,-0.045632888,0.57893074
0.020916352,0.23840007,0.02921762,-0.11758763,-0.012067927,0.094993055,-0.15193342,-0.09173257,0.07332658,-0.06309491,-0.4296971
-0.05937804,0.09671319,-0.016705375,-0.18574809,-0.0053436714,0.04577689,0.0030170889,0.11992194,-0.18320644,-0.04392708,0.037750103
0.09195816,0.13063006,0.03102966,0.046156883,-0.055223882,0.11923753,-0.09025818,-0.16349398,-0.0004821965,0.118007325,-0.27151096
-0.019526113,-0.09337762,0.03386394,0.04271696,0.06434387,0.07663813,-0.0314176,-0.08838026,-0.058428034,-0.03558775,-0.29362324
0.05262891,-0.003083984,0.053957216,0.03549218,-0.014419656,0.100870006,0.04945984,0.19702679,0.051074836,-0.043384824,0.36801592
0.06932616,0.15952118,0.050588697,-0.08285426,0.009242476,0.10116034,0.051754784,0.07352498,0.22518377,0.05621303,0.041941386
-0.035521884,0.2804681,-0.009282529,0.044763643,-0.01322867,0.08481652,-0.0039826105,-0.086595975,0.09802577,-0.06467597,-0.013313454
-0.12428198,0.32336608,0.04627293,0.04273816,0.14153607,0.10225446,-0.10110764,-0.08168359,0.20721295,-0.012997455,-0.03252762
0.0059378995,0.029394075,0.049164977,-0.0848995,0.0022896982,0.115477756,0.08364587,0.15512641,-0.074777804,0.00573129,0.15977032
0.009544809,-0.17800072,-0.17938071,-0.09157492,-0.13522452,-0.16233726,0.077529415,-0.087558,-0.050671525,-0.026187584,-0.2554607
0.0704363,0.34226027,0.0578195,-0.12437915,-0.02881945,0.06719831,0.074424654,0.068051435,0.18334149,-0.031315994,-0.10962369
0.05702246,0.2320303,0.005864506,-0.35865235,0.010183743,-0.0612384,0.096977025,0.05958786,-0.00373755,-0.043640345,0.055322707
-0.07444461,-0.110714115,-0.03066365,-0.046590947,-0.04893788,-0.07945238,0.050085247,-0.16422623,-0.024085615,-0.0069597345,-0.31938472
0.041597977,-0.557375,-0.074059404,0.40674454,-0.18172386,0.0680044,-0.07467039,-0.22738561,-0.029672226,0.009743908,-0.25723755
-0.0514328,-0.07180567,0.058023736,-0.07896657,-0.15425237,-0.07936773,0.06633149,-0.065096684,0.023692876,-0.008063193,-0.06692816
-0.032016072,-0.007878859,0.063055195,0.21112965,0.0120719625,0.102032825,-0.0072580194,-0.021688113,-0.016454624,-0.015161506,0.3069743
-0.41723204,0.09782078,0.035673663,0.04357192,0.041370705,0.18489835,-0.048357807,-0.20099339,-0.016767135,0.107992016,-0.22964858
0.04148171,0.014193712,0.036590595,0.022778714,0.063689135,0.023907099,0.063866034,0.15267119,-0.06241578,-0.036847796,0.4193678
-0.018387396,-0.042347316,0.042092238,-0.069544196,0.08196948,0.11022545,0.07602564,0.15671794,0.059351537,-0.036242783,0.20509644
0.03404513,-0.06575801,0.042884678,-0.100916386,0.041076716,-0.74321014,0.09797617,0.03541843,-0.04924154,0.068772875,0.10021482
0.025182927,-0.08204802,0.038795177,-0.10491334,-0.014530144,-0.45070273,0.085914515,0.013172046,-0.052395046,0.0425328,0.07136782
0.04810796,-0.04015063,0.043879706,-0.072968,-0.027401268,0.13216296,0.048352472,0.06697363,0.19828805,-0.06290946,0.18310845
0.046229523,-0.12856285,-0.06451096,-0.03959802,0.07897608,-0.57904863,0.11250044,0.085145086,0.0064604976,-0.014168563,-0.06942763
0.053473424,-0.05490971,0.043538403,0.14578901,0.03618555,0.09666093,0.061062817,0.031607725,0.23799293,-0.03602433,0.3934747
-0.031231424,-0.047834095,0.03278067,0.0933105,0.08327622,0.013617135,0.112354375,0.065371335,0.21972091,0.09318254,0.48944518
0.040889397,-0.3080434,-0.15135849,0.0023604203,0.04629329,0.07425748,0.06870023,-0.036878165,-0.011637976,-0.0764408,-0.23187126
-0.0034214056,-0.042152114,0.07862246,-0.15172732,-0.033636205,0.03129511,0.04347627,0.04888501,-0.15905096,-0.020899272,-0.063124284
0.041198008,0.06225736,0.03477085,-0.091956966,0.07866496,-0.7780944,0.09861597,0.026035374,-0.02325697,0.063459694,0.060642917
0.00029862538,-0.086818226,0.043262616,-0.16186953,0.0274686,0.0063067107,0.047293767,-0.1193041,-0.009409756,0.045253605,-0.28855154
0.019397553,-0.06546546,-0.15105844,0.014010904,0.07375879,-0.19207849,0.06983862,0.20482057,0.22467749,0.19721158,0.6779002
0.026466519,-0.058776096,0.040514465,0.015588566,0.061735183,-0.2287072,0.0006061432,0.18211934,-0.0007134198,0.0029687835,0.61068606
0.051461525,0.20751613,0.069086224,-0.19843253,0.0018405638,-0.09461107,0.040093154,0.044825878,-0.04381853,0.011208703,0.14321491
0.050527457,0.1874956,0.04108798,-0.20490459,0.020848947,0.14169355,-0.040761594,0.053506453,-0.05687423,-0.14442669,-0.13085818
-0.09291581,0.115212314,-0.0047961054,0.09420014,0.11310587,0.08164486,0.098098375,-0.08413297,0.1401465,-0.060679134,-0.12506631
-0.038299575,0.13879417,-0.08171431,-0.13387923,0.05719286,0.034593035,0.042433094,0.11847858,0.012616156,-0.04748859,0.31129766
-0.037720505,0.27735683,0.05883579,-0.019645507,0.02029799,-0.07226287,-0.005240413,-0.09502921,-0.017133232,-0.042156775,-0.28215232
0.052567698,0.11785656,0.057878852,-0.10184109,0.024188835,0.057099078,0.12556966,0.16952373,-0.030565994,-0.04129583,0.3439813
0.10113225,0.004268105,0.06677163,0.23663065,-0.050546568,0.057143845,-0.06519961,-0.11313475,0.03677758,-0.015619047,-0.23952474
0.038986713,0.077997565,0.044194162,0.057810355,0.039317675,0.05850997,0.036928277,-0.012773217,-0.06722477,-0.033353627,0.088261396
0.034169707,-0.37523007,-0.0065824725,0.27363247,-0.12964503,0.071072325,-0.052530307,-0.13365605,-0.032581802,0.03990116,-0.23124844
0.04908183,-0.045028295,0.06570736,0.04666934,0.015576717,0.12478161,0.10347631,-0.08743865,0.13820419,0.028374234,0.2118814
0.04028493,0.0063822772,0.046187155,0.02573062,0.031731997,0.12999648,0.14148565,-0.04638978,0.19195478,0.07954716,0.122034304
-0.07948523,-0.16403663,0.01913529,0.09727896,-0.011916319,-0.3374074,-0.0785974,-0.12702413,-0.15723395,0.022919461,0.116123974
-0.0046652877,-0.21716352,-0.07168754,0.09955852,-0.16618489,-0.4786955,0.0005287291,-0.12797597,-0.04951641,-0.13325785,-0.15391666
0.071217336,0.15861271,0.08402559,0.22284664,0.1275648,-0.16477175,0.14257048,-0.07783674,0.017143482,0.02734081,-0.03397361
0.020067466,0.18189602,0.0664098,0.0030439964,0.058942027,-0.08853277,0.027598059,-0.00634922,-0.14113384,-0.019261964,0.044524692
0.02083771,0.12063439,0.02178344,-0.24614386,-0.0039639883,0.0815247,0.06808648,0.013966841,-0.061805874,-0.04164767,-0.05789332
0.014606405,-0.022883257,0.050766993,0.060231313,0.074191675,0.124640025,0.11387102,0.06094844,0.04533445,-0.025354415,0.18656719
0.021925779,-0.053807266,0.053866252,0.05519168,0.09435191,0.06336361,0.03812003,0.008255402,0.045523293,0.068734154,0.51473343
0.026823657,-0.10564677,0.07457695,0.14594169,0.0055994904,-0.042024918,0.09083374,-0.0636846,-0.068566516,-0.015559923,-0.0413155
-0.09624334,0.08478714,0.04326657,-0.09457936,0.054935627,0.0773736,0.05621128,0.14587265,0.07328067,-0.05794632,0.17603092
0.040270418,-0.111227125,-0.24905206,-0.2793186,0.0353101,-0.07979832,-0.23245221,0.0035539053,0.15278825,-0.015606419,-0.22786924
0.07368226,0.083804004,0.013584085,-0.119833335,0.012969957,-0.19801576,0.083745696,0.07868371,0.17416772,0.08006785,-0.17058015
-0.17988482,-0.65742964,-0.0030486009,-0.03927057,-0.1958352,0.009377605,-0.63831156,-0.19691724,-0.14795092,-0.072555766,-0.288234
0.014535853,-0.11679429,-0.13284002,-0.18454878,-0.008960368,-0.14138928,0.031898882,0.043929935,-0.0405392,-0.0054653394,-0.10425252
-0.031602677,0.27394298,0.029819366,-0.08347288,0.010842924,0.031531073,0.055035237,0.10898698,-0.056036092,0.042750068,0.04516674
-0.26621747,-0.054781936,0.03658895,0.0803834,0.026149329,0.049348682,-0.008782412,-0.28579524,-0.09286604,-0.16914657,-0.19906913
-0.0066414257,0.17036296,0.051244482,0.040713634,-0.03222408,-0.07266354,0.059752,0.073255844,0.036025494,-0.0096919155,0.1850559
-0.08691919,0.20359927,-0.060080875,-0.1475315,-0.11226383,-0.018487029,-0.015801858,0.044687137,0.025241863,-0.06331808,-0.2593912
-0.44053945,-0.04358344,-0.15961736,0.039302416,-0.069430344,0.040013198,-0.08914829,-0.2097445,-0.058310904,-0.043701556,-0.2560594
0.051319677,0.05161483,0.06881716,-0.3412295,-0.08878417,0.0043114023,0.09894977,0.10429933,0.0053832214,-0.104851134,0.07867395
0.031343147,0.03698105,0.015488075,-0.26674056,-0.012599756,0.050641622,0.036079887,0.119934976,-0.08292407,-0.09885538,0.50621516
0.014194595,0.005258829,0.03380612,-0.22479844,-0.01183917,0.055203535,0.002554059,0.024022238,-0.07402148,0.031797405,0.13715038
0.049060658,0.28879762,0.069480225,-0.1971754,0.09421657,0.051581986,0.08899523,0.08268164,-0.082574554,0.10029674,0.02326478
-0.043521065,0.110866755,0.040505406,-0.086949095,-0.12688452,-0.14194663,0.029344637,0.045543347,0.02188898,-0.040362954,-0.20374352
0.012903686,-0.2229384,-0.07675537,-0.16871153,-0.013180545,-0.619972,0.051418293,0.028916007,-0.059526507,-0.13824669,-0.1698048
0.05555541,-0.04035217,0.016732046,-0.0012227318,0.07733091,-0.167802,0.0704779,0.17812239,-0.04427488,0.010925894,0.40389347
0.02599153,-0.08113933,0.047795195,-0.28193694,0.08051986,0.061483014,0.04138955,0.19097802,-0.08136354,-0.045201562,0.39954638
0.024497865,0.042488664,-0.06862651,0.31231865,-0.11490523,-0.1281643,0.09809716,-0.224971,-0.032263875,0.006646192,-0.24002904
-0.11130626,-0.42111832,-0.073075004,0.18039998,-0.099655196,0.09407532,-0.110276446,-0.16386253,-0.09406616,-0.029008895,-0.20047826
-0.070799984,0.048643034,0.031981062,0.0793618,-0.10444369,0.0877076,-0.07934277,-0.12708077,-0.04258893,-0.1284714,-0.2747557
-0.08000789,0.028883083,0.024868136,0.0608646,-0.104496814,0.081945874,-0.098778054,-0.11251253,-0.03939073,-0.02858686,-0.3430942
0.042652335,-0.058277212,-0.14585689,0.21837044,-0.04288648,0.07513632,-0.057485037,-0.2508762,-0.031161496,-0.040203545,-0.3294179
0.009886648,-0.16436094,-0.031004163,-0.07824054,-0.04985971,-0.15283927,0.015934804,0.019303408,-0.06258277,-0.09209809,-0.061226573
-0.027394917,0.0011007715,0.032692026,-0.1869639,-0.12050048,-0.007536012,0.01517072,-0.058292314,-0.04090437,-0.15464815,-0.25921133
0.03783035,0.09993019,0.059952855,0.086138055,0.0037136534,0.07585168,0.10071118,0.11634309,-0.12102609,-0.044229507,0.34115943
0.030042015,-0.079391606,0.08837814,0.20744465,0.09257382,0.08844116,0.009054755,-0.10512395,-0.07987094,-0.08224864,0.19656943
-0.0980679,0.05241526,-0.11671379,0.0038549644,-0.0039132177,0.08361907,0.075021006,0.042844333,0.02349626,-0.056398228,0.3075251
0.008341162,-0.04563083,0.06021607,-0.16062182,-0.20390417,0.09548361,0.03876278,0.1701469,0.20092066,-0.044965655,0.33937362
0.026561918,0.23014626,0.026614128,-0.18525904,0.01655203,-0.10054818,-0.01768016,0.033513267,-0.05938976,-0.03559466,0.14583516
0.0071133203,0.11114957,0.09069012,0.10480644,0.043110747,0.06221063,-0.07953384,0.039191186,-0.099484846,-0.07169779,0.114951804
0.012329699,-0.13767654,0.019144958,-0.13162775,-0.027735963,-0.26078635,0.06706245,0.02048268,-0.09211596,-0.024787273,-0.22201154
0.027066432,-0.04245241,0.066331215,0.4465418,0.09231723,0.08691442,0.017884005,-0.18618,-0.071703516,-0.019223493,0.41664028
-0.011414682,0.09853405,-0.0056535034,0.023311054,-0.115945,0.075771555,-0.053968225,-0.15657192,-0.07499959,0.015607708,-0.20120993
0.006462562,-0.16199215,-0.14107782,0.06968539,-0.16893126,0.057434063,0.015342268,-0.20614855,-0.059713166,-0.015091042,-0.3087303
0.018836703,0.038897827,-0.1468396,-0.03313681,-0.00022117488,0.10195117,-0.009671561,0.14680935,0.022868318,-0.058873307,0.3627094
0.021891046,0.3504374,0.02792847,-0.005073129,-0.06970315,0.027332434,0.023193633,-0.06570718,-0.08415726,-0.05051701,-0.04029905
-0.13064906,0.15637699,-0.09599793,-0.027270593,-0.099056326,0.09677524,0.0939456,0.03567908,0.051798236,-0.029114896,0.35165036
-0.025519786,0.19589406,0.06843281,0.027044727,-0.064991854,0.10380598,-0.060357675,-0.10086333,0.13558896,-0.032710712,0.03970021
-0.03769745,0.17567548,0.046096895,-0.2001515,-0.05081258,-0.2491726,0.040858902,0.09937715,-0.040027395,-0.014261548,0.083548754
0.09305429,0.07215338,0.1412969,0.3012051,0.13348363,0.13571656,0.052431077,0.08375217,-0.055727363,0.062022883,0.7186526
0.031448368,0.08945195,-0.13214839,-0.37467995,-0.009393053,-0.1342247,-0.1254648,0.048545584,0.15793015,-0.018457128,-0.068210565
0.04451238,0.00858011,0.062706456,0.0020536056,0.08665972,0.10330779,0.10329166,0.14118016,-0.043507736,-0.019387651,0.4059899
0.03843534,0.10016003,-0.055306982,-0.045562338,-0.0003946614,-0.11493826,-0.13136138,0.030346658,-0.03326967,-0.044333037,-0.18410645
0.004193432,0.09237546,0.04438337,-0.17323694,-0.011177848,-0.79912454,-0.105002984,0.07006879,-0.047493625,-0.05033601,0.07845143
0.037852608,0.11103128,0.09136839,0.048942562,0.059605375,0.10041951,0.11882573,-0.061654437,-0.08487005,-0.0047198744,-0.01626631
0.02600248,-0.011679521,-0.06425045,-0.021337943,-0.07847678,-0.3983171,-0.054955143,-0.116441704,-0.024130566,-0.0006586113,-0.30271944
0.03392403,0.32627112,0.0721792,-0.18513747,-0.0851484,-0.16927178,-0.0062021906,-0.10490541,0.18742642,-0.04014792,-0.08565354
-0.008738075,-0.61477596,0.04452214,0.08837058,0.15637147,0.05798967,-0.0995605,-0.22462873,-0.11163476,-0.032734904,-0.10899913
-0.019651877,-0.15340325,0.0020278238,-0.24594599,-0.0064812494,-0.34288666,0.045704238,0.09631755,-0.052588742,0.055564187,-0.028372725
-0.0008678029,0.0535299,-0.0558745,0.005472197,0.013141731,0.08823558,-0.0062377765,0.0068782,-0.08726784,-0.023426492,0.10671151
-0.010408205,0.23551975,0.052868705,-0.07528904,-0.05253379,-0.14064187,0.068520285,-0.09274776,0.091255456,0.030770015,0.048043728
0.051434327,0.029026669,-0.047369942,-0.07944173,-0.014503541,0.0038139988,0.11733874,-0.08896981,0.1565243,0.08534794,-0.1171472
0.022132041,0.21975845,0.043820996,-0.020314746,-0.03959258,0.13427885,-0.13671806,-0.10527553,0.08500312,0.018441053,-0.066239245
-0.06436099,-0.21241838,-0.05942627,-0.14031187,-0.11354529,-0.65932053,0.026335452,-0.23780447,-0.045070283,0.010318447,-0.3285112
-0.0008867185,-0.07629665,0.06287925,-0.1353952,0.08587797,-0.09097458,0.09540958,0.041732587,-0.09608964,-0.001632633,-0.06133378
0.030942524,0.3426695,0.054099094,-0.15006147,0.05652552,-0.13529907,-0.07442342,0.032474916,0.066512756,0.14083363,-0.2253982
0.05246053,-0.0048378278,0.035550088,0.096285716,-0.1236353,0.058960006,-0.05490442,-0.20866615,0.13573535,-0.023497213,-0.23830716
0.03209031,-0.042385325,-0.04457846,0.21161097,0.0515352,0.093898386,-0.06593922,-0.15459798,-0.029581176,0.037036486,-0.23416123
-0.006738294,0.27249217,-0.24376498,0.14014904,-0.01626841,0.026421787,-0.12328053,-0.17431135,-0.09456901,-0.056930173,-0.22769563
-0.05333821,0.101084456,0.11343388,-0.21704994,0.06805644,0.069912694,0.089000195,0.03818636,0.20493162,-0.06570064,-0.0579917
-0.065209895,0.085760534,0.055283617,-0.25182998,0.031978857,-0.70849615,0.09502454,0.05483571,-0.07254573,0.019436711,0.023490923
0.08269382,-0.13935426,0.05465586,0.1244436,-0.026411377,0.094023146,-0.08432482,-0.1601783,-0.04031026,0.00042674577,-0.21393545
0.107749395,-0.056255665,0.145805,0.31081966,0.14465268,0.14116372,0.016665772,0.21924981,-0.006671845,0.018463394,0.57745826
0.068795666,-0.04260419,0.1298792,0.2125291,0.13595562,0.103488676,0.009041289,0.06640508,-0.052607287,-0.0004300407,0.60547686
0.045350727,-0.06510748,0.15238579,0.21571293,0.12651335,0.10901636,-0.09925089,-0.018975353,-0.019643815,0.0017912651,0.5725696
0.028568167,-0.49192348,-0.029742798,-0.1622132,0.037620094,-0.68093526,-0.20426628,0.08511051,0.31971592,0.023834454,-0.021279318
0.04026183,-0.04818548,0.054863002,-0.2371301,0.01320279,0.07922104,0.11163517,0.15710928,-0.06412883,0.04286625,0.4321606
0.002641544,-0.07551843,0.005969853,-0.096101984,0.0063148234,-0.008638781,-0.0088296365,0.08653952,-0.063966095,-0.03870988,0.42110407
-0.014255591,-0.1253461,-0.013606693,0.010361195,-0.010585339,-0.24926496,0.0070477743,0.16488105,-0.058660388,0.03389056,0.6672957
0.040718235,0.12877063,0.1273274,0.20030251,0.09902926,0.046662927,0.0676047,-0.055526305,-0.059862666,0.04624014,0.12701848
-0.032081958,0.12874681,0.06735595,-0.10998643,0.0056177457,0.056532882,-0.049471762,-0.018554064,-0.060360663,-0.085917056,-0.122776315
0.03211,-0.11917606,-0.045652416,-0.20302752,0.078218296,-0.1014268,0.06253852,0.013036759,-0.021475125,-0.023598664,-0.23668988
0.047305297,-0.016594464,-0.06517925,0.062152524,0.063010655,0.03297303,0.10946442,0.19018796,0.014634845,-0.056276858,0.58744496
0.07655059,0.17563814,0.041000515,0.4084937,-0.0022078163,0.05111778,0.118214644,0.0029587168,0.051969025,0.017043358,0.44325525
-0.090381265,0.15865467,0.06382255,-0.07676625,0.009871278,0.19020507,0.11073579,-0.002126359,-0.045558795,0.040918626,-0.21599461
0.092161566,0.13598938,0.07644319,0.08904348,-0.08986929,0.096424654,-0.124957845,-0.08855118,-0.019968033,-0.0025444776,0.11033639
0.03466315,-0.021896359,-0.1254751,0.07330741,0.021760551,0.13330773,-0.011408116,-0.15028933,-0.024280969,0.1411357,-0.20642577
0.021859117,0.115792006,0.055955004,0.24150752,-0.11308926,0.07957686,-0.044376325,-0.26883006,0.080260895,-0.016870204,-0.24018013
0.0032794436,0.156896,0.035641875,-0.11042119,-0.12499718,-0.17422667,-0.012736538,0.029025698,-0.051399637,-0.026846796,-0.028963296
0.04094166,0.25339732,0.040149167,-0.092891864,-0.068089806,-0.38636228,0.010843383,-0.06566771,-0.028420646,0.025090957,-0.13595054
-0.061344877,0.0661454,-0.08757589,-0.03185235,0.0039701946,-0.15219946,0.08640849,0.09565849,-0.09304026,0.003977899,0.14854605
0.06812698,0.05507866,0.12337936,0.20875871,0.098427646,0.09286984,0.06563998,-0.063935995,-0.05873437,0.04562813,0.13097975
0.06354559,0.055420205,0.1209785,0.14920121,0.08731249,0.081235744,-0.053796783,-0.057827454,-0.08095491,-0.022542736,0.12650165
0.026781676,0.25460234,0.044288315,-0.16288243,0.041420877,0.057525683,0.04858456,0.04332899,-0.087412246,0.06988446,-0.034744445
0.04338749,0.093968876,0.073148526,0.12900195,0.09998238,0.11152337,0.025785444,-0.077456996,-0.061067834,-0.083465286,-0.04277214
0.040471464,0.07209405,0.07010311,0.14526263,0.08358435,0.1065661,-0.04183368,-0.074662715,-0.060304094,-0.06356936,-0.040954538
-0.1091542,0.043138225,0.1058913,0.18474354,0.07648457,-0.025767574,0.04810324,0.0881545,-0.039219566,-0.090953715,0.28146428
-0.012617626,0.11358063,0.068073295,-0.11349137,0.04778608,0.0862847,-0.027325338,-0.042980395,-0.06033331,-0.083563454,-0.1160716
0.016653169,0.06466594,0.050139092,-0.10791792,-0.022716692,-0.17782722,-0.043514673,0.009786329,0.044492994,0.03158974,0.17185897
0.06622949,0.033701546,0.076580085,0.10970218,0.03203872,0.09033012,-0.10474279,-0.22230713,0.15138514,0.029665854,-0.21075675
0.034309667,0.06691125,0.047717404,0.07948197,0.019011743,0.058965623,-0.026501063,-0.20787019,-0.011321735,-0.06538006,-0.31251335
0.03569309,-0.09306875,-0.19736697,0.19493145,0.022149974,0.06848713,-0.009841384,-0.24406053,-0.040491085,-0.04299684,-0.35645497
-0.33598354,-0.052668557,0.11048489,-0.15497899,0.058474764,0.110224694,0.009696338,0.09565803,-0.091800146,0.02542633,0.18924361
0.031291746,-0.06544778,0.07235932,0.084676415,0.015819,0.10613809,-0.13030952,-0.09043647,-0.081395775,0.023773089,0.14314021
0.012316706,-0.061401166,0.065570116,-0.22420537,0.061415922,0.05899245,0.016076947,0.03715749,-0.09860701,0.01885684,0.12932809
0.049764257,-0.058031697,0.13053215,0.124473095,0.09592872,0.047703683,-0.078134805,-0.04435339,-0.04450509,0.056844495,0.20679335
0.043410923,0.069196746,0.1301241,0.1190264,-0.013288546,0.12346331,-0.037892662,-0.03366995,-0.054967847,-0.022116115,0.120648324
0.008030294,-0.015124915,0.11680679,0.038770773,0.1725334,0.09573657,0.027665209,0.03791164,-0.12398882,0.024985261,-0.0007059654
0.030952236,0.2773327,-0.095578656,0.17166628,0.019249503,0.08169396,-0.12549254,-0.19359013,0.12745543,0.08372723,-0.26396966
-0.062473632,0.27895412,0.07053462,-0.14607008,0.099382274,-0.1413946,0.046649966,0.01887092,-0.09725883,-0.002932265,-0.066327706
-5.8634207e-05,0.33399498,0.04727749,-0.17700532,0.03919199,-0.6975319,-0.10203333,0.042453006,-0.077892594,-0.08411828,-0.15975519
0.045308795,-0.05904443,0.08823382,-0.20168225,0.026174935,0.05492408,0.011016754,0.08015141,-0.025339926,-0.019415049,-0.15713151
-0.050354775,0.17245278,0.065771714,-0.2472192,0.07852818,0.004496742,0.013734804,0.01145183,-0.06060055,-0.06173004,-0.16928142
-0.02683898,-0.26713148,-0.059449982,-0.47353637,0.042981923,0.036512356,-0.07423292,-0.0023594282,-0.100744754,-0.091935165,-0.29348546
0.0009937909,0.21130328,0.06315851,-0.18972032,0.071985334,0.016898809,0.042665534,0.053663008,-0.04735398,0.060570076,-0.04376899
0.024151161,0.3084215,0.04120221,-0.19704081,0.060586154,0.031766955,0.048615534,0.01979959,-0.05129317,0.07646652,-0.023693053
0.047032014,0.3351266,0.022810277,0.025068711,-0.051410057,0.07455067,0.011311758,-0.065684386,-0.047392797,-0.037526734,-0.03493969
0.014903397,-0.09718117,0.0730822,0.020925932,0.11230467,0.076730005,0.013692703,-0.04102507,-0.032447357,-0.025370315,-0.21620645
0.013319166,-0.10081462,0.0717911,0.020662935,0.1141486,0.0795385,0.010779011,-0.04054252,-0.030138709,-0.027737532,-0.21952678
0.038022332,-0.0026559804,-0.056831133,-0.07786173,0.075614095,0.1106451,0.0042781346,0.15849276,0.18483818,0.092727624,0.7027003
0.05297632,0.23149535,0.03141291,0.015140171,-0.096082315,0.08249676,0.01056051,-0.061891656,-0.051805947,-0.004126926,-0.052550215
0.06316663,0.27931285,-0.044441085,-0.14829554,0.039323367,0.08538907,0.037451345,0.11138092,-0.025276598,-0.12019801,-0.22474465
0.08349407,0.03327908,0.0700153,-0.074836,0.06956979,0.15401989,0.020939944,0.15054242,0.09781965,-0.07234316,0.473876
0.035515506,-0.061280698,0.11768601,0.13367218,-0.09974977,0.046580486,0.041973818,-0.16459991,0.27804437,0.07282911,0.2554239
0.044330183,-0.04762092,0.06969542,0.11894353,-0.06563873,0.08512426,-0.0056758267,-0.15109365,0.11594931,0.0962451,0.26045984
0.03112827,0.0792837,0.14387397,-0.1488353,0.08758661,0.08305994,0.013237743,0.07017618,0.32421458,0.06540286,0.077814184
0.02527508,0.068851165,0.04284514,0.13208231,0.07740767,0.103148505,-0.10289218,-0.16448258,-0.027040144,0.11392184,-0.22942716
-0.009776905,-0.20430715,0.023532037,0.027618006,-0.020850776,-0.35057572,0.044866707,-0.27347407,0.005070184,0.0083813425,-0.39709577
-0.11690755,-0.22817159,0.02154481,-0.20844747,0.032189094,-0.17740662,-0.31494826,0.05956476,-0.17617592,-0.06281249,-0.114518285
0.009445208,-0.05104718,-0.19982179,-0.079598255,0.06762203,0.11227973,-0.011000382,0.12574306,0.055065267,-0.02191166,0.67244524
0.004521448,-0.055925164,0.056618948,-0.11203224,-0.10063885,-0.47201455,0.04013406,-0.17681687,-0.05455378,0.0064145257,-0.13723075
0.043070532,-0.0021241603,0.101457156,-0.15240158,0.1714633,0.08211797,0.14137551,0.17831832,0.09188681,0.008248496,0.41933253
-0.04378982,0.19763699,0.04988355,-0.02106539,0.0015538221,0.09455434,0.052945767,-0.030858492,-0.053881206,0.03805239,-0.10457424
-0.039512016,0.2774946,-0.0005462069,0.15508239,-0.013468232,0.0414351,-0.031990655,-0.20676963,-0.012181734,-0.05310665,-0.2359848
-0.03428904,0.20386083,0.049188145,-0.09917641,-0.056153946,-0.16716303,-0.028284103,-0.108576946,0.07345379,-0.033983648,-0.18331933
0.06704664,-0.12609814,0.06320403,0.07269587,-0.11160067,0.111588836,-0.12551722,-0.16810791,0.13362876,0.08488195,-0.27567214
0.01481436,-0.12067457,-0.14804718,-0.0014680363,0.043809548,0.06767516,-0.009349503,-0.052317895,-0.07022166,-0.03488541,-0.23283088
0.015552565,-0.1298888,-0.14209612,-0.0065268883,-0.006679975,0.06816366,-0.036716662,-0.06858452,-0.059008434,-0.038908355,-0.23746249
0.03314293,0.12420702,0.061869033,0.07716794,-0.19432223,0.08785014,-0.034370176,-0.10001777,0.10061728,0.016076263,-0.07919865
-0.032615345,-0.016434342,0.04825343,-0.012539076,-0.0076328674,-0.07449131,0.043617636,0.013625572,-0.07275012,-0.12137207,-0.08861039
-0.1738899,0.05044725,0.015258879,0.067162074,-0.072903864,-0.0808595,-0.03716017,-0.1382193,-0.35711455,-0.21185634,-0.08510187
0.02550291,0.2255819,-0.06272834,-0.018756846,-0.08348622,0.20000564,-0.12243667,-0.08493713,0.021166088,0.043702353,-0.064205304
0.014456591,-0.057960384,0.06399979,-0.076619916,-0.08656134,-0.09546486,0.013732052,0.01400371,0.07778894,-0.02601663,-0.19186519
-0.03780787,-0.8772224,0.031347953,-0.14879051,-0.14565253,-0.26806152,0.08387458,-0.13905191,0.026131375,0.01567106,-0.17324361
-0.021580452,0.15488148,-0.14224379,0.08014784,-0.044429343,0.06905378,-0.078981645,-0.25356168,-0.06726644,0.050965294,-0.15936562
-0.07741824,-0.21310438,0.02162545,0.13865605,-0.21071906,0.06795655,-0.08094383,-0.19508937,-0.03973433,-0.0061103045,-0.34079745
-0.2515178,-0.12269859,0.02298338,0.15498298,-0.036063947,-0.29398537,0.060626864,-0.17340454,-0.04767902,0.0010814663,-0.27465776
-0.079011634,-0.10428071,0.1048622,0.14182776,0.073271416,0.0818026,-0.025450153,-0.12107983,-0.18903068,-0.04864941,0.18391535
-0.09817618,0.03390406,0.12685518,0.20064907,0.0798727,0.094783284,0.025449773,0.14445657,-0.07566615,-0.051291578,0.28082928
0.013117608,0.00871995,-0.043713577,0.052124016,0.021909721,0.07844582,-0.034718886,-0.108555846,-0.036387153,-0.02711968,-0.27647263
0.0588183,-0.1432717,-0.19304395,0.2141874,0.030940443,0.06765329,-0.068215385,-0.2394319,-0.074077584,-0.016712034,-0.3374473
-0.19129033,-0.064147145,0.050717395,-0.14036047,-0.0040696724,0.05712874,-0.022324469,-0.05232127,-0.08029881,-0.0251669,-0.24975464
0.036910553,-0.037453633,-0.0638513,-0.097377114,0.06783538,0.03961291,0.10736113,0.036983516,0.21607149,-0.024751468,0.14386986
-0.027009394,0.18304108,-0.19842349,-0.2046268,0.022470288,0.052952528,-0.052793097,0.08662477,-0.107918695,0.1252272,0.32952622
-0.021300167,0.30394253,0.054000802,0.034844387,-0.00285728,0.10586656,-0.06697498,-0.07545312,0.13155887,-0.059376653,-0.03282636
0.039396312,0.07165498,-0.00219058,-0.22068462,-0.02412211,-0.0050672693,0.026031772,0.07992568,-0.053765133,-0.012745191,0.016753815
-0.033634614,0.37651107,0.016143419,0.19714259,-0.0006414825,-0.3524459,-0.08588511,-0.14425737,0.0054888045,0.067204215,0.001314401
0.041712962,-0.12506512,0.035743743,0.0034403508,-0.031914487,0.07249934,0.041779865,-0.02917614,-0.09145336,-0.027948357,-0.27507362
-0.011873375,-0.059401922,0.04340282,0.07002731,-0.030956421,0.08491938,-0.10975836,-0.11307977,-0.06971882,-0.022494633,-0.28327906
0.0013237116,-0.4123794,-0.34351635,-0.0062534832,0.07629093,0.04021436,0.06008753,0.1271854,-0.1222564,-0.13460934,0.2548029
0.017849276,0.06885835,0.06086807,-0.05228945,0.018138489,-0.048928082,0.026510457,0.026532186,0.026353747,0.04429348,-0.1867178
0.034924775,-0.11649676,0.033880662,-0.0700327,-0.0831459,-0.07807701,0.09876707,0.10966904,-0.0401565,-0.002747314,0.19263054
0.036820814,-0.11280781,0.05866472,0.08591097,-0.03602807,0.102503635,-0.08214848,-0.13910702,-0.03353296,0.019966409,-0.009280028
-0.05619567,-0.11888808,-0.08917904,0.03903094,0.06950916,0.045627624,-0.12502751,0.16869198,-0.009432982,-0.068781525,0.52711457
0.0028941806,-0.0068704067,-0.0017322763,-0.014200389,0.046357878,-0.3804688,-0.11880032,0.37419656,0.0051052948,0.041114938,0.71132267
0.016760163,-0.096977666,-0.23689617,-0.01034659,-0.01912957,0.07445724,0.033476777,-0.051001504,-0.103756964,-0.10599134,-0.27782705
0.077099085,0.010928002,0.18949778,0.05563034,0.12198616,0.15608026,0.115906656,0.2072308,0.39142963,-0.039876916,0.74182904
-0.012925643,-0.057167266,0.05143141,-0.14502615,0.09280838,0.11601202,0.03857259,0.14341094,-0.071091525,-0.05015286,0.4481582
-0.0932358,0.12762664,0.13980632,0.005666135,0.027236372,0.109152205,0.1028606,0.11997261,0.16079812,-0.029603867,-0.23880559
0.026350172,-0.13815643,-0.016293937,0.05419642,-0.07181103,0.058990035,-0.061619822,-0.19671997,-0.027505158,-0.02312267,-0.35773122
0.1148632,0.23782006,0.053224612,0.1475976,-0.0038757615,0.08867218,0.046912767,-0.133766,0.017084412,-0.025871078,-0.13921015
-0.016257564,-0.0110502755,0.083264284,0.025834097,0.031092996,-0.11392433,0.025224118,-0.067773625,-0.01879545,-0.0890327,-0.10829649
0.00012206452,0.017222665,0.11494272,0.03468291,0.19617638,0.08426338,0.0137239825,0.07399737,-0.057743505,-0.0032728505,0.19261074
0.07714024,0.27120906,0.09194459,-0.103877,0.09846406,0.15106544,0.11257594,0.06193847,0.060342252,-0.010652337,-0.018718667
0.021582218,-0.1252904,0.07275865,0.0690331,0.109409824,0.08147542,0.051456977,-0.18920465,-0.091481745,-0.18040271,-0.08376469
-0.0112006925,0.13846216,0.080426306,-0.10227143,-0.043771867,0.11787665,0.041558158,0.046934564,0.20905706,-0.06523283,0.06036744
0.031201882,-0.11110424,0.03266468,0.087052755,-0.0010968309,0.09494111,-0.09823975,-0.07100241,-0.020197688,-0.006328198,-0.3199321
0.0077989683,0.18973882,0.021543855,-0.07739699,-0.09565507,-0.09003513,0.036423516,-0.014399947,-0.025280196,0.012175406,-0.18637535
-0.012491995,-0.111013114,0.036801934,0.2207039,0.01953688,0.090649106,0.014085107,-0.17098391,-0.025928617,-0.009577786,-0.37649295
0.007442244,0.037254445,0.23284331,0.10362016,0.13844027,0.108824596,0.1439832,0.056617532,0.3861382,0.031588633,0.1872438
-0.05560095,-0.12821664,0.033031978,-0.0789038,-0.119135045,-0.13737793,0.046351884,-0.11788234,-0.038728464,-0.11659178,-0.252767
0.03225372,-0.0410413,0.027287738,0.078151084,-0.00027295202,-0.0833781,-0.0039041203,-0.09770114,-0.0041858363,0.0045102364,-0.3103451
0.054311242,0.27816477,0.078977905,0.029899975,-0.12645152,-0.08999802,0.07536569,-0.11689615,0.13501826,-0.002003312,-0.32132035
0.07306776,0.21798918,0.08499739,-0.13111903,0.049734894,0.18138693,0.055139318,0.040090654,-0.06334355,0.036756486,0.02025218
-0.010408795,-0.017070988,0.07754376,0.042662885,0.12788191,0.0920207,-0.032113753,-0.11824955,0.21061443,0.00013649376,-0.2713057
0.07219766,0.11103379,0.08003261,0.11475865,-0.033019662,0.12884916,-0.091206126,-0.19613095,0.023700817,-0.03896316,-0.07824966
-0.0782957,0.08511823,0.06675621,-0.010584815,-0.060112145,-0.13265376,-0.04542364,0.029935945,-0.054571096,-0.12721653,0.14447229
0.022178203,0.31501132,-0.00855223,0.07627827,-0.014484546,-0.03977598,0.11132751,-0.08692258,-0.032948036,-0.08260806,-0.20432414
0.030826008,0.0065629324,-0.061129287,-0.105374716,-0.027331533,-0.7835458,0.051303595,0.010345442,-0.03044088,0.08133411,0.06401436
0.06428681,-0.015967183,0.18192235,0.12888093,0.02860887,0.10530906,0.09526047,0.0647296,0.40117952,0.07814555,0.4540946
0.023031428,0.1710718,0.08388605,0.10440924,0.06414673,-0.11505284,0.012599328,-0.0787339,-0.049737755,0.0016766624,0.14798738
0.0021007974,0.004670803,0.018628461,0.12972064,0.01703626,0.08529046,-0.054499276,-0.14005648,-0.057772174,0.014622129,-0.21932632
-0.021076879,0.2469292,-0.03858185,-0.08782673,0.05541958,-0.08887901,0.08656805,0.018667642,0.027483227,-0.029754726,-0.09836942
0.0019005183,-0.21046884,0.02267844,0.0919099,-0.011213547,0.07187488,0.011701244,-0.09839265,-0.08408071,-0.083227545,-0.25150076
0.05208193,0.3558198,0.019272584,-0.18632364,-0.007999525,0.12238259,-0.018784521,0.096225426,-0.0201718,0.004261947,-0.19460827
-0.066054665,-0.18452066,0.0030199997,0.1734362,-0.19403106,0.049939193,-0.059344605,-0.19269848,-0.0935447,0.008162104,-0.27009127
0.013528514,0.076304495,0.04965603,0.0047340533,-0.008898734,0.007944127,-0.005041704,0.008395863,-0.05907024,-0.018843327,-0.02390035
-0.027326623,0.08951734,0.05362783,0.06400238,-0.13733838,0.07619436,-0.0010494976,-0.117888145,0.016495164,-0.0025248118,-0.16548473
0.12758581,0.34996617,0.11217523,0.18863435,-0.058685284,0.08058936,0.047149107,-0.17703974,0.24390717,0.002553332,-0.24078658
0.053627472,-0.15401115,0.053787645,0.18606046,-0.01498463,0.1309021,0.025300696,-0.14885381,-0.02980644,0.070981175,-0.113579646
0.01121631,0.08695654,0.052049004,0.12896481,-0.018906832,0.13747314,0.010111972,-0.16777703,-0.04974805,0.13044734,-0.040775478
0.020206623,0.030721229,0.050146148,-0.25576654,0.07726842,-0.05931722,0.07887283,0.18306859,-0.05111959,0.07863032,0.3479674
0.028531497,-0.12017083,0.061846096,-0.10216754,0.00080068706,0.103672,0.067766,-0.08585992,0.18395738,0.054280855,-0.13743831
0.0055982475,-0.09722781,0.032350615,-0.16523266,-0.14596911,0.042618085,-0.0769047,-0.34642208,-0.27277035,-0.023870675,-0.37526953
-0.032605372,-0.07348277,0.015036436,0.060318645,0.011519587,0.05033759,0.043048326,0.16860627,-0.07426674,0.06403852,0.7396531
0.026068373,-0.11056051,-0.011658343,0.19496,-0.119877964,0.07264489,-0.010332749,-0.1565286,0.019472752,0.047741093,-0.29078886
-0.10197211,-0.13893948,0.06638293,-0.31819138,-0.024160491,0.050624397,0.051027834,0.005574535,-0.18472104,-0.11745798,0.04896758
0.08617849,-0.1782077,0.10331717,0.16146228,-0.115133844,0.055513352,-0.10285497,-0.12547022,0.003106865,-0.0070492914,-0.25007537
0.022847848,-0.13595074,0.041888025,0.07136505,-0.12256675,-0.03219717,-0.0943771,-0.10868827,-0.0021845843,0.018493796,-0.29487842
-0.027750893,-0.08474322,0.050851163,-0.20451905,-0.03780227,-0.00042716105,0.03663183,0.03387195,-0.07774992,0.03493846,-0.107211426
-0.06718662,0.2479832,0.01004994,-0.18999927,-0.021689633,-0.06313652,0.08297512,0.012999243,-0.04554769,-0.0029065465,-0.25950983
0.047120497,-0.049742594,0.0612922,0.1146123,-0.110548295,0.074716926,-0.015325256,-0.16114977,0.0973022,0.06912603,0.26024732
0.012395175,-0.16696636,0.039138246,0.06764148,-0.09213766,0.06818162,-0.10199917,-0.18370993,-0.0031862396,-0.023943879,-0.33888775
0.0030483361,-0.15200453,0.04397742,0.06917121,-0.02255584,0.079575635,-0.09505135,-0.18562885,-0.047594056,-0.02787767,-0.28516766
0.009654231,-0.07552158,0.05407329,0.0587732,-0.012540776,0.10492736,-0.10995736,-0.16224003,-0.049537946,-0.018593803,-0.28889138
0.012141741,-0.012110929,0.052215945,0.063752376,-0.032504093,0.1032038,-0.09944252,-0.10647453,-0.061899964,-0.026852505,-0.101490095
0.05989372,0.0936774,0.044324577,-0.098879546,-0.017716574,0.0934575,0.083792485,0.11729306,-0.109175846,-0.044007275,0.0333187
-0.016061991,-0.16845654,-0.021046214,-0.09083989,-0.23662092,0.042139877,-0.13467355,-0.17263164,-0.004765586,0.03770397,-0.34160116
0.12049657,0.3619985,0.03774964,-0.15938407,0.10456917,0.15552537,0.11014725,0.18359867,0.34287897,0.03728429,0.12547903
-0.007592004,-0.16322985,0.06459284,-0.18635221,-0.0050625596,-0.60865736,-0.049054388,-0.09671237,0.014584581,-0.010239312,0.02961711
-0.12445785,-0.09038109,0.0433987,0.073396705,-0.04664295,0.077118725,0.12507568,-0.014094025,-0.22296806,0.022636456,0.27899528
0.02906489,0.2883567,0.05263215,-0.23485036,0.050251413,-0.05992682,0.048693873,0.059781928,-0.001294518,0.0028540934,-0.024399463
0.023648957,-0.119944535,0.021725046,-0.213287,0.07638364,-0.33936954,0.09642786,0.06462643,-0.05544642,-0.019936701,-0.13687323
0.035699572,0.060012616,-0.14847264,0.04488504,-0.006552271,0.07646296,0.0025002605,-0.14980815,-0.020367468,0.08422179,-0.19706176
0.056350414,-0.010258105,0.051558193,0.08733102,0.1515501,0.062429205,0.019323682,0.04375933,0.22396599,-0.040880058,0.20469548
0.015463804,-0.0514036,0.049980734,0.024180079,-0.08794801,0.071992144,-0.010914296,-0.07443687,-0.028138315,0.012692294,-0.26852402
0.017224621,-0.08837146,0.046261907,0.037851334,-0.09293836,0.057934284,-0.035105757,-0.08526622,-0.028618272,0.009569041,-0.27717516
0.027916534,0.11660625,0.045411523,0.076566465,-0.02427577,0.08258474,-0.057828724,-0.11308832,0.02514684,-0.053005677,-0.13451186
-0.033589907,-0.08000989,0.04940956,0.070250876,-0.022050183,0.069617495,-0.083579116,-0.19065143,-0.035308164,-0.033352736,-0.34841195
0.046765395,0.04816095,0.013250441,-0.07604891,0.053476974,0.13413012,0.014619464,0.03729437,-0.06513095,-0.12649207,0.12244575
-0.010553134,-0.09429454,-0.14513148,0.041823987,-0.00053828623,0.10566775,-0.021452859,-0.06454429,0.14259018,-0.048722487,-0.03718697
0.02511037,-0.06425177,-0.1436722,0.036139056,0.11933118,-0.1772171,0.06671972,-0.103776455,0.08035365,-0.033296846,-0.13505249
-0.029057702,-0.19013855,0.032760452,0.0600638,-0.13672562,0.06535292,-0.10916326,-0.13474691,-0.031512532,0.031176629,-0.2838884
-0.011651963,-0.077969156,0.03140728,0.10054468,-0.07209297,0.12175149,-0.10397062,-0.18201746,-0.016942328,0.03091824,0.34235126
0.090129115,0.011210443,0.10770815,0.5262701,4.2374966e-05,0.09259281,-0.044872187,-0.15676434,0.035495635,-0.015871499,-0.19472277
0.07150052,-0.05079935,0.067801945,0.14139108,0.008019372,0.0718922,-0.084619544,-0.12397588,0.0320913,-0.013315331,-0.22080192
0.039865922,-0.028814288,0.0006782258,0.08033096,-0.024479782,0.082930356,0.020317387,-0.23063675,0.17496793,0.027658237,-0.20843837
-0.0069216415,-0.08691457,-0.18424462,-0.115056336,-0.039511003,-1.2508868,-0.2618654,-0.116426736,0.0054470715,0.0077758967,-0.30587614
0.029480137,0.14346485,-0.047683444,-0.17916262,0.057106957,0.060852878,0.08514469,0.03714517,0.05439153,0.02882557,0.10314731
-0.058215916,-0.22345449,0.014661875,-0.11106244,-0.070902355,-0.5711411,-0.10806391,-0.115639664,-0.031188155,-0.014243171,-0.22523363
0.0546841,0.030654285,0.041449856,0.028377524,-0.010845682,0.09386966,-0.15926151,0.0023005093,0.0487563,0.012633818,0.24175638
0.015298228,-0.030106066,-0.14323719,0.05629531,-0.032160796,0.09597403,-0.14382656,-0.099701494,-0.0018868279,-0.021438338,-0.09842362
0.020074883,0.34723967,0.048439838,-0.08573621,-0.058786668,0.10864996,-0.016373437,-0.061909992,0.083004296,-0.056305416,-0.31037492
0.039450873,0.042551626,0.042842407,0.010291215,0.06621494,0.07979763,0.0413133,0.021611786,0.03980907,-0.031191936,0.15104274
0.003965464,-0.12787843,0.086112276,0.21347159,0.07242401,0.08659366,-0.027814643,-0.17566259,-0.0039937007,-0.022686493,-0.1941791
0.04139945,0.080719136,0.029791487,-0.0793217,0.011565964,0.10345822,-0.14537595,0.02398218,0.048900075,-0.059096795,0.32584065
-0.019480998,-0.0022433463,0.04531697,0.028147621,0.009537232,0.08481666,-0.15358876,0.069257505,0.19213821,-0.05595698,0.18578124
0.03147726,-0.0029058391,0.03338573,-0.077026755,0.028447973,0.012341109,0.12778592,-0.10350297,0.23316988,0.063458025,-0.09423704
0.03425548,-0.1377096,0.031472206,0.15002206,0.07468784,0.08388013,-0.12092133,-0.18387043,-0.038908526,-0.029357197,-0.12821214
0.025438832,-0.10134029,-0.16595018,-0.07739736,-0.018142672,-0.8053965,0.022162512,-0.11734031,-0.056713898,-0.0941462,-0.40990308
0.01776478,-0.14890999,0.030029647,0.058316775,-0.06641888,0.024515748,0.018620728,-0.09951919,-0.04195251,-0.02429807,-0.2670914
0.01815179,-0.14507866,0.031047428,0.056943435,-0.0642076,0.019682873,0.012122257,-0.103348225,-0.04081075,-0.022088747,-0.26543206
0.061832555,0.0130763855,0.038179252,-0.10201974,0.08539048,0.103570014,0.13013057,0.041383453,0.2949697,-0.056057587,0.18880194
0.015609516,0.063619964,-0.18430363,-0.08434083,0.089879565,0.09775035,0.012560774,0.05390895,0.22478084,0.054819874,-0.17566597
0.008740053,-0.081948526,0.04963717,0.03402837,-0.122532025,0.07340843,-0.14138459,-0.20165265,0.062448326,-0.050502963,-0.27484807
-0.014264207,-0.86883384,-0.012311198,-0.15764302,-0.21356592,-0.019794904,-0.051386688,-0.12480759,0.088495925,-0.006044866,-0.19415708
0.024158537,0.09229366,0.041161582,0.13463609,-0.08099626,0.07664124,-0.099437945,-0.1979247,0.064913884,-0.068715304,-0.23104653
0.030248968,-0.20215733,-0.032551914,-0.06739847,0.045266517,-0.4070226,-0.22226207,0.041321944,-0.011354918,-0.028247416,-0.050226416
0.025363112,0.10681784,0.039878886,0.04829195,0.052489337,0.08527071,0.09282552,-0.11357887,-0.119304515,0.014674753,-0.0401039
0.038898185,0.25724506,0.0041333027,-0.018814927,-0.068797044,-0.014448307,-0.12627333,-0.057582367,-0.025173016,0.029336952,-0.17288718
0.03078657,-0.10704185,0.061383966,0.05641786,-0.07510937,-0.022804942,0.04947435,-0.09436307,0.032737847,0.01583472,-0.20264354
0.0222647,-0.14677602,-0.04340772,0.043839525,-0.14059909,0.074106455,0.059583943,-0.0827965,-0.014193029,0.0016952888,-0.29371348
0.06390467,0.11370063,0.04718205,-0.046711944,-0.0037695996,0.14580183,0.001395274,0.199705,0.13669884,0.16426924,0.13437214
0.053579748,0.069419034,0.053359237,0.05063662,-0.030365093,0.09495274,0.021617997,-0.10328466,0.041458063,0.017412826,-0.0106388945
0.030960137,-0.05819491,0.056119777,-0.12142066,0.01370308,-0.06765409,0.049546447,0.027449844,-0.039900754,-0.02413441,-0.17614703
-0.4382724,0.11264911,0.021296673,-0.16098738,-0.08892036,0.009885194,-0.1432919,-0.10560166,-0.042902175,-0.06122908,-0.3422238
-0.005497061,0.06177246,0.073027015,-0.057839446,0.034240846,-0.019660272,0.029273864,0.021494135,0.15908971,-0.056722697,-0.2660459
-0.0056623966,0.08316755,0.05524099,0.00065862003,0.00980429,0.12525016,-0.055993404,-0.031806573,0.18729883,-0.048407227,0.018989012
0.061244115,0.3277426,0.093565494,0.0012483379,-0.13548842,-0.025244186,-0.041817285,-0.05432978,0.17326052,-0.004248518,0.13616683
-0.026762355,-0.015580066,-0.07653387,0.15478855,0.016581416,0.059587426,-0.010136411,-0.2302487,-0.12097125,-0.02686196,0.38173285
0.070882715,0.35121113,0.029593239,0.008462998,-0.07449778,0.08893605,0.09000736,-0.059068497,0.13533224,-0.058175035,-0.022072
0.04516548,0.25570354,-0.14674035,0.00408737,-0.060521677,0.10176324,0.0058804653,-0.05224745,0.014781281,-0.019964794,-0.24999204
0.03618689,-0.088764705,0.045309864,0.108200304,0.088630274,0.062342726,0.12139598,0.020152602,-0.07584111,-0.038072392,0.30226326
0.004401738,-0.077033535,0.08495637,0.29965377,0.012377297,0.099748045,-0.02158479,-0.2536675,0.19920352,-0.0047712536,-0.26322567
-0.005621914,0.05311488,0.03821289,0.06009961,0.0646343,0.11073439,0.038833663,-0.11449923,-0.04500521,0.062843286,0.05907808
-0.034564804,0.08292735,0.001381685,-0.15906693,0.049290475,0.13026644,0.08488449,0.018241499,-0.15478835,-0.08991588,0.017791687
0.04101854,-0.11443664,0.04992346,0.23835474,-0.092820935,0.12870513,-0.06148205,-0.17686625,0.1656209,-0.022060687,-0.2769754
-0.005793868,-0.3900855,-0.32164288,-0.02095065,0.07343739,0.04502066,-0.002385011,0.12359476,-0.13451624,-0.12513177,0.2565833
-0.008398505,-0.08973681,0.054374885,-0.17839302,-0.002266249,0.15156099,0.08702998,0.11202703,-0.12910698,-0.046454415,0.14658722
0.057785477,0.28418344,0.055665534,0.05879856,-0.042750973,0.08121246,-0.09550673,-0.16835617,0.05450501,-0.060862485,-0.24469316
0.059210397,-0.0778898,0.059270766,0.02747755,0.0018192037,0.13929336,-0.12886246,0.0034172507,0.070464954,-0.04510127,0.37785584
-0.044255894,0.07431942,-0.1700694,-0.050118573,-0.12009315,-0.11250796,-0.037091687,-0.08502945,-0.03231128,-0.03814936,-0.26457998
-0.034976516,0.28792214,0.009245935,-0.11782097,-0.09826781,-0.15131582,-0.047803663,-0.09486783,-0.058450736,-0.028211428,-0.19834527
-0.09402304,-0.13396071,-0.001779479,-0.22770622,-0.015634883,-0.9073654,-0.18341243,0.10877316,-0.14654592,-0.094415195,-0.04160277
0.02420061,-0.07500689,-0.009809123,0.05664765,-0.11277618,0.0036382782,0.024374058,-0.095495924,-0.040677994,-0.009493649,-0.26185447
-0.022828247,-0.055538427,0.024611618,-0.080372564,0.06995964,0.059087466,0.014928753,0.12545483,-0.10959857,-0.039152183,0.66855556
-0.014339725,-0.007169901,-0.12865123,0.18062437,0.11776356,0.059761282,0.040090073,-0.19423693,-0.053885575,-0.105596416,-0.22525047
-0.011963612,-0.13106154,0.068366125,0.09514408,0.027646752,0.0692066,-0.04016116,-0.17911033,-0.046284694,0.03839832,-0.26473987
0.052774794,0.122558676,0.006256716,-0.079943955,-0.029980509,0.09959027,0.030900579,0.04659434,-0.052163422,-0.158416,-0.26146016
-0.06103667,-0.11543737,0.056018382,0.123534776,-0.10805168,0.057913918,-0.03312753,-0.15214026,-0.026554773,-0.0029786413,-0.43513998
0.002247077,0.11765194,0.062152017,0.0028816052,-0.094906054,0.06272665,0.023332974,-0.08417859,-0.033550035,-0.046384126,-0.18056856
-0.013608138,-0.064831935,-0.06982149,-0.24283016,-0.0052120816,-0.12909187,-0.01428705,-0.035775486,0.011782604,-0.037487637,0.06555429
-0.096326,0.1971565,0.061660454,-0.07411988,0.013383005,0.08855499,0.032014295,0.04229291,-0.03228869,-0.0682185,-0.061622933
0.059676185,0.27605116,0.059063975,0.13716945,0.010474269,0.086145766,-0.09667577,-0.1555887,-0.0067729843,0.08332501,-0.18581988
0.052715372,0.124429695,0.05677257,-0.004566714,-0.018278487,0.090023585,0.008240115,0.08446356,0.17661414,0.012711334,0.12580486
-0.063162446,-0.002537636,0.02088082,0.17697603,0.02405009,0.08587638,-0.13611704,-0.15644276,-0.041510925,0.051187217,-0.23850484
0.06258377,0.11134021,-0.028675206,-0.063437246,-0.02665585,0.15179992,0.063408054,0.08687019,0.24752994,0.06210789,-0.016365936
0.0028812161,0.116705395,0.06004585,0.009420946,-0.0019182063,0.084438816,0.10173058,0.09432109,0.047109913,-0.04835226,0.16305336
0.011333301,-0.08520868,-0.024698192,0.06293363,-0.10785942,0.08582373,-0.10510857,-0.16357723,-0.04279944,-0.03126112,-0.27346927
0.019805824,-0.15841302,-0.13487716,0.044234563,-0.010927584,0.07173388,-0.025919981,-0.18793634,-0.024265984,-0.029443339,-0.2979195
-0.14066176,0.1295902,0.043766245,-0.18572958,0.021111278,-0.19890094,-0.15362851,0.016099192,-0.17614958,-0.026479797,-0.0704737
0.019518726,-0.4973175,-0.11663296,0.08684718,-0.0053097354,0.013877584,0.0141618755,-0.16127011,-0.038142584,-0.01658192,-0.23374034
0.005074502,-0.044886347,-0.14784311,0.028401671,0.0026456106,0.14722519,-0.0446901,-0.060313433,0.017711915,-0.07810672,-0.12392198
0.04217955,-0.13944206,0.065851115,0.04123185,0.01886148,0.1000895,0.103199266,-0.078312,-0.06397081,0.023899924,-0.13758855
0.020748232,0.09068946,0.062403377,-0.09575018,0.057449225,-0.037815657,0.13936906,0.07490238,0.18581472,-0.042444665,0.18226998
0.06235658,0.08643697,0.051162835,0.15412539,0.0982193,-0.18337804,0.07762193,-0.13616826,0.12802704,0.031073483,-0.2140364
0.013630036,-0.16948558,-0.004683647,0.061697956,-0.09384901,0.073226914,-0.057258014,-0.17945604,-0.03599551,-0.030054826,-0.323218
0.049869124,-0.1733559,-0.12184218,-0.08928795,-0.1265728,0.10175273,-0.08620861,-0.08393281,0.015636476,0.084556624,-0.3303181
0.016061617,-0.12378011,-0.26192808,-0.12630665,-0.025022106,0.055638142,-0.0025603,0.036565695,-0.07338107,-0.06784999,-0.21183625
0.011362775,-0.03690139,0.06933656,0.072596505,-0.030775616,0.11201718,0.030562675,0.11612208,-0.05935908,0.048846073,0.4839835
0.021487942,-0.12359201,0.022781126,0.11426535,-0.057819538,0.086430855,-0.045440044,-0.07904619,-0.042689145,-0.016084207,0.08293808
0.054692235,0.21187747,-0.010893854,-0.07318871,0.017025325,0.101223774,0.050700624,-0.061957564,0.11619728,0.08933004,-0.22818787
0.03759446,-0.087516904,0.0235298,0.109160185,-0.044795588,0.08563723,-0.08393425,-0.08405674,-0.03694583,-0.018999176,0.08429191
0.047015954,0.22160448,0.068443604,-0.006694754,-0.10579992,0.065633506,0.080473274,0.03211202,-0.04484046,-0.028325608,-0.011019325
-0.04418516,-0.02644319,-0.09507864,0.18009758,0.09668203,0.08179757,0.030529078,-0.24802218,-0.1439535,-0.01987638,0.4134851
-7.2840805e-05,-0.01061144,0.036486045,0.27629426,-0.19656447,0.056956526,-0.062101122,-0.25447962,-0.054585278,-0.02647423,-0.27249712
0.016146256,0.2068822,0.059929386,-0.08368369,0.1212934,0.13907605,0.025322003,0.10289396,0.271987,0.125151,0.15676934
-0.04642409,0.27067325,0.05466304,0.012422941,-0.10762997,0.090071686,-0.010781154,-0.07809499,-0.08271831,-0.08397449,-0.18305175
-0.040766522,-0.15253517,-0.011263064,-0.10878151,-0.1790971,-0.3796548,-0.19098395,-0.16100399,0.0664459,-0.03932191,-0.13341863
-0.070155166,0.050130475,-0.020529686,0.17520325,0.076535404,0.123161696,0.05179696,-0.059193805,-0.05347848,-0.06827564,0.07494389
-0.017197523,-0.1114867,0.028912457,-0.06376908,-0.13342603,-0.20253661,0.049263738,-0.07885359,0.044797372,0.024820609,-0.14513677
0.04305294,0.04044342,0.057491925,0.15462406,0.0682421,0.1398566,0.13907264,0.044878922,0.148498,-0.040005196,0.16858245
0.030663418,-0.083935864,0.016529769,0.018907905,0.010395454,0.09858989,0.09200931,0.16354938,-0.05677298,-0.0032675692,0.32046342
0.055065252,-0.0056015067,0.045380488,0.014173196,0.0719945,0.1662635,0.010288487,0.1829658,0.14717703,-0.06363536,0.4174521
-0.11252555,-0.034024715,0.024421057,0.09834157,0.08556007,0.07086781,0.052615214,-0.120422214,-0.0748345,-0.13087167,0.3123167
0.06690251,0.053138085,0.010815033,-0.06320714,0.07060803,0.034347143,-0.041591633,0.10775757,-0.025737597,0.08939116,0.39353186
-0.34884405,0.16559404,0.036228962,-0.11616215,-0.0048478497,-0.020452006,-0.16123436,-0.09541316,-0.03718758,-0.03277236,-0.3016743
0.017332897,-0.11460472,-0.060115848,-0.07375722,-0.14897454,-0.0002637078,0.07621851,-0.075150646,0.12423051,0.028129583,-0.30393702
-0.0055493005,0.12326174,0.04225378,-0.06839685,-0.016409274,-0.10912967,0.023766125,0.011924443,-0.027838552,0.024191385,-0.019096946
0.04651282,-0.13388084,0.039025597,0.017537042,-0.22851926,0.056968432,-0.120894365,-0.15641013,-0.023851234,0.03116428,-0.28910935
0.034831576,-0.08560872,-0.049838826,-0.055633996,-0.16738741,-0.028904023,0.08458622,-0.091831714,0.037167024,0.010292862,-0.30632356
0.016712172,-0.084501036,0.038433906,0.051798906,-0.10213303,-0.007117372,0.02025623,-0.09199529,-0.034199506,-0.010620044,-0.25821912
0.016982442,-0.039057646,0.035184372,-0.16803305,0.051779136,0.03270741,0.09779495,0.022204127,-0.09167093,0.048668962,0.29808244
0.060338587,0.027064655,0.06897572,0.26075107,0.08231071,0.13307099,0.17499961,0.18598169,0.06997455,-0.030474493,0.20921922
0.0347206,0.056054153,0.09925236,0.06325059,-0.11549685,0.0738146,-0.062952235,-0.18306142,0.029624978,-0.0060245753,-0.21874282
-0.0033951243,-0.013830419,-0.14092784,0.104593515,0.04698651,0.08916162,-0.04234063,-0.12123139,0.16571006,0.08412635,-0.20276992
0.013849621,-0.14175257,-0.12222552,0.1384463,-0.02016841,0.085426904,-0.0369369,-0.1622368,0.013882616,-0.03036416,-0.2751377
-0.29342684,0.26716372,-0.08442878,-0.056691222,0.014257107,-0.14986023,-0.1190901,-0.11663405,-0.028592343,-0.07029055,-0.25396854
-0.04203537,-0.19043535,0.050457213,0.13419335,-0.18915312,0.06877757,0.06915661,-0.18091434,-0.03061242,-0.009425561,-0.2926898
-0.017082019,-0.14235194,-0.12756951,-0.022835158,-0.023876946,-0.45715058,0.029910244,-0.07051312,-0.033214133,0.0038372432,-0.20738804
0.027959075,0.23997663,0.04396085,0.117544845,-0.06310835,0.12209561,-0.113238886,-0.12981743,0.04568112,0.043605655,-0.18904936
0.025666354,-0.10555094,-0.13721046,-0.09434085,-0.022209456,0.100201614,-0.10224537,0.013610011,-0.052575134,-0.03439107,-0.19552924
-0.039655376,-0.03138669,-0.071449265,0.021734737,-0.0064408253,0.01304655,-0.11934467,0.19529001,-0.009937853,-0.0629289,0.52836937
0.013461684,0.267737,-0.0063200947,-0.2471435,0.025930706,-0.09433916,0.02058151,0.023230784,-0.06473569,-0.033199206,0.14966772
-0.07601434,0.0064745536,0.009937048,0.07890679,0.092901826,0.12389828,0.055911154,0.16469881,-0.06518762,-0.0043079127,0.6739044
0.012408813,-0.07152206,0.050153043,-0.004739351,0.021437922,-0.37525558,-0.025846126,0.19407539,-0.015002615,0.011646271,0.3494544
0.018542625,-0.03940982,0.033840355,0.27350393,0.0978212,0.102535166,0.06015397,-0.083687685,0.19640604,0.039656088,0.32155752
-0.027107108,-0.26090342,-0.3121195,-0.4525404,0.040068455,0.032291308,0.026135614,0.00044684787,-0.08463701,-0.15832266,-0.27817312
-0.08538049,-0.019035095,0.057442643,-0.23296523,0.05343829,0.032967165,0.089277856,0.16033271,0.16214897,-0.07317803,0.35407823
-0.00046552304,-0.074218504,0.05531859,-0.24383919,0.053719055,0.06465255,0.035566185,0.18517889,-0.10976518,-0.062215965,0.61581737
0.004179958,-0.10604285,0.044904403,-0.09396805,0.083354145,-0.035332862,0.02341504,0.023177108,-0.051407244,-0.018299548,0.06756652
0.10710117,0.24979621,-0.030323127,0.0060869777,-0.09221107,0.072684444,-0.08734801,-0.13119319,0.08729044,0.037826248,-0.1657513
0.008345361,-0.1170573,-0.22184594,0.12999211,0.09300415,0.06216788,-0.035422698,-0.2027849,-0.07191116,-0.08751644,-0.33228403
0.0046231663,-0.16967206,-0.010966545,-0.11748001,0.083157755,-0.479138,-0.06894102,-0.18344407,0.20651604,0.04537267,-0.13934867
0.10257943,0.2411314,-0.14806744,0.0023050718,-0.09225321,0.081156105,-0.07386594,-0.12812798,0.088002436,0.03542675,-0.1634567
0.030697634,0.030696472,-0.023926523,0.18299186,0.09368964,0.108863875,-0.022846313,-0.03146041,-0.015006815,-0.031248163,0.18086298
0.04819469,0.0060838517,0.00014059816,0.23318928,0.12742685,0.0766978,0.02113581,-0.0389026,-0.023285154,0.029977828,0.42361173
-0.021569429,0.035456654,0.030024426,0.02206425,-0.0049275598,0.094589666,-0.0054215454,-0.08230643,0.122823976,-0.048848584,-0.05567381
0.006440516,-0.34447497,-0.002267125,0.20043309,-0.23360184,0.061999835,-0.03307969,-0.16965488,-0.07706434,0.02502502,-0.20103633
0.041705642,0.27271983,-0.16244315,0.020755941,-0.080784015,0.022153001,-0.019959068,-0.07471132,-0.007957752,-0.009223935,-0.22257553
0.031832337,0.03777082,0.06176385,0.043367296,0.076416954,0.1195846,0.04502184,0.098485075,0.086779766,0.11718523,0.1843709
0.040783525,-0.093918376,0.06495714,0.11648193,-0.14529939,0.08335874,-0.0423886,-0.13137265,0.17927888,0.048158117,-0.28478634
0.03230496,0.19690827,0.04383048,-0.15095423,-0.10205262,-0.107121095,-0.13336201,0.021791559,0.14096536,0.021310464,-0.0650196
0.056271404,0.26201248,0.07207478,0.12768097,0.028002847,0.055048488,-0.07848907,-0.13979788,0.0035548552,0.028747432,-0.16100773
-0.038186774,-0.08231912,0.07912247,0.08487275,-0.1180631,0.08886122,0.05732859,-0.1867634,0.16347218,0.01638973,0.18690509
-0.043800663,-0.039812025,-0.12765947,0.0751163,0.083489604,-0.09919174,0.05822595,0.10930637,0.041328438,0.05653974,0.37761506
0.037597626,-0.086187735,-0.15516824,0.11181141,-0.030683998,0.06780577,0.006133475,-0.23345222,-0.0053867823,-0.05259209,-0.35163885
-0.011169719,-0.03130717,-0.018532744,0.08270181,0.0049388846,0.102994196,-0.076670684,-0.18972288,-0.00697428,-0.036009926,-0.37546718
-0.118064664,-0.26485375,-0.019964961,0.15300784,-0.11115753,0.037806887,-0.09896209,-0.17867902,-0.11044012,0.006903874,-0.19859363
0.038574744,0.043239627,-0.052031804,-0.07185503,-0.0027952897,0.122190736,-0.116148666,0.024211511,0.032942336,-0.05114304,0.15430143
0.025873367,0.033710625,-0.03167416,-0.06554832,-0.021413745,0.11522886,-0.064396985,0.024014965,-0.061824072,-0.038788635,0.13697344
0.0044185654,0.18697724,0.04767585,-0.067561425,-0.023735993,0.0889467,0.1345497,0.11190394,0.12508339,0.08901711,0.011982314
-0.07363464,-0.07355645,0.04156984,-0.0048827594,-0.0827986,-0.26583737,-0.0025254101,-0.13252804,0.028928269,0.038677983,-0.09543969
0.015276291,0.087454505,0.02177134,0.03927636,-0.010786795,0.11921737,-0.08120925,-0.07649443,0.025343372,0.057758383,-0.06277885
0.09581417,0.12997194,0.090960585,0.35767385,-0.08237879,0.063131854,0.0048787105,-0.19358578,0.009334691,-0.023226777,-0.21358424
-0.31510535,-0.6894301,-0.017291445,-0.18979487,-0.11223925,0.018259307,-0.088512115,-0.21710852,-0.035665963,-0.010600397,-0.23268455
-0.017981764,-0.13647579,0.024874251,-0.08536795,-0.04161678,-0.34941176,-0.10946228,-0.11791889,-0.009809749,-0.009725476,-0.23557664
-0.041524615,-0.16642043,0.030034471,-0.08156299,-0.008458951,-0.21461675,-0.010081768,-0.09613943,0.0076764217,-0.008276783,-0.21244803
0.025817223,0.1978767,-0.15448695,-0.00034605368,-0.01636018,0.1281028,-0.033401538,-0.07936458,0.053117514,0.05943165,-0.0307215
0.07308191,0.2219718,0.076853216,0.15822788,-0.098841354,0.0900059,-0.019681856,-0.11678559,0.005200131,-0.041190058,-0.17172374
0.041415773,0.43621665,0.062246356,0.037113283,-0.08151612,-0.06646723,-0.004218536,0.022869864,-0.05905861,0.28454104,0.13264842
0.015925901,-0.08944911,0.04564905,0.06042645,-0.026200244,0.08220984,-0.11688194,-0.1557712,-0.08483122,-0.042930275,-0.23128067
0.035140082,0.032827884,0.03581736,0.0059355916,0.034724552,-0.0034881136,0.118112855,-0.08784993,0.23556042,0.07454491,-0.04437411
-0.029570421,-0.13537386,0.021638881,0.08506605,-0.117947,0.06938973,0.048093293,-0.13466686,-0.018829605,-0.0044902586,-0.12358975
-0.017826455,-0.08892708,-0.02638551,0.26279652,-0.102403715,0.09729596,-0.08784871,-0.16006659,0.08754768,0.02764905,-0.22653578
0.014017633,-0.061213776,0.07209638,0.27895564,0.08258973,0.084090516,0.014383217,-0.08002515,-0.043601226,-0.030600693,0.19209287
0.056565706,0.049673725,0.054390013,0.18606657,0.06236234,0.07598862,0.0059390096,0.03728173,-0.045903523,-0.019501597,0.26752946
0.06172614,0.19416288,0.067042015,0.08253012,0.08324371,0.08691305,0.038296964,-0.075336315,-0.0179941,-0.04072928,-0.11815365
-0.022372337,0.1835979,-0.16704205,-0.06621626,-0.009758779,0.0749627,-0.03838574,0.0418381,0.01884036,0.018021716,-0.055454984
0.039915834,0.0770525,-0.15605682,0.011024123,-0.019638514,0.09987717,-0.0120580895,-0.070596494,0.09228392,0.0070797103,-0.023938995
-0.02144233,-0.13334802,-0.14052095,0.16050608,-0.015177383,0.039684784,-0.04253551,-0.20712613,-0.0013080448,-0.037058678,-0.29230285
0.004385761,-0.12953138,0.02005306,0.08553317,0.1011064,0.07973342,0.013743021,-0.10825444,-0.06244805,-0.12322366,-0.053560354
0.03565854,-0.17199923,0.01701221,0.037192978,-0.16504595,-0.11432724,-0.0407723,-0.18435377,0.09340367,0.05527927,-0.30725062
0.050071344,0.28423825,0.055970315,-0.08168988,-0.10586705,0.113847464,0.024770936,-0.053602267,-0.04069967,0.031562984,-0.17970438
0.04755517,0.12895544,0.093339294,-0.25608796,0.047908157,-0.06262939,0.08348701,0.033799566,-0.04185389,-0.04091342,-0.056756306
0.06271512,-0.0129788285,0.022185598,0.4459743,0.02649874,0.094816156,-0.09377625,-0.16875596,-0.044202514,0.058667146,-0.21252504
0.03866855,0.2116264,-0.019946871,0.26384607,0.011001848,-0.08811958,0.001661107,-0.18715447,-0.017290553,-0.009865241,-0.2007855
0.00437164,-0.15413417,0.038375214,0.30929694,0.02571462,0.08763873,-0.05519173,-0.21072063,-0.04521215,0.011722756,-0.29229194
-0.010280649,0.05121006,0.015699536,0.071595706,0.08203288,0.076654404,0.11190129,-0.12667556,0.10921354,-0.062350065,-0.12955473
0.0070294836,-0.2547857,-0.2503165,-0.28696942,0.05547764,0.10435006,0.023069348,0.015961241,-0.07798382,-0.08931068,-0.26231146
0.089076586,0.03321671,0.057551585,0.19371329,-0.11301941,0.07855945,-0.11029567,-0.21035337,0.088120446,-0.061910897,-0.25567096
0.03553979,0.0019518199,0.033217553,0.015890466,-0.033458788,0.07586526,-0.11654485,-0.21720205,0.028477915,-0.056549404,-0.2593826
-0.0737763,0.21912485,0.0043420573,-0.1859226,0.04231672,-0.11868348,0.031509116,-0.014765084,-0.06860181,0.038535923,-0.204901
-0.04212965,-0.19226941,0.03147128,0.19898368,0.030918552,0.080770314,-0.14598249,-0.16793439,-0.041619606,0.008088425,-0.30584136
0.009118022,-0.0136931585,0.05514316,0.016102714,-0.025162496,0.047718894,-0.0047136564,-0.21739207,-0.060205143,-0.05597955,-0.33673513
0.008476345,-0.11016419,0.0051374827,0.056424372,-0.047683347,0.068842284,-0.023290897,-0.08566011,-0.043170523,-0.024134392,-0.2868759
0.03370087,-0.040621728,0.061286315,0.13429095,0.049029194,0.11170468,-0.025460364,-0.12808162,-0.06735377,0.019346643,-0.18205573
-0.03744837,-0.103160076,-0.044149224,0.07391221,0.08357671,0.08854981,-0.042182412,-0.17560244,-0.083827004,-0.029930675,-0.32687646
0.0100943595,-0.17528522,0.02354839,0.09079404,-0.1028839,-0.19551055,0.057740685,-0.121039554,0.052002933,0.076176845,-0.20331952
0.024955908,0.016034776,0.03537407,-0.053453017,0.08422548,0.1445267,0.05256201,0.1637471,0.06063334,0.100443244,0.6253419
-0.15188812,0.05750018,0.090991125,0.32366982,0.088672295,0.15820685,-0.06266386,-0.21464522,0.039427605,-0.029995743,-0.24847397
0.0135310935,0.1058828,0.022150468,0.08054947,0.060621526,-0.18136787,0.046323992,-0.101602174,-0.114217035,-0.08327996,-0.07877095
-0.013253742,0.07554343,0.051871646,0.12751748,0.053422622,0.006163833,-0.089689665,-0.12606399,-0.057955265,0.02758819,-0.19339785
-0.031008443,-0.1200224,0.06522513,-0.23548785,0.0077663846,0.008955481,0.015881376,-0.017222876,-0.11335455,0.01303688,-0.06360576
0.014899273,-0.079851255,0.017550724,-0.066032566,0.07988391,-0.17339228,0.061525937,0.008267062,-0.07426299,0.031160012,-0.07370638
0.031954378,-0.040886573,0.033845726,0.027391054,0.070580654,0.24178797,0.019539706,0.11218312,-0.050676435,0.1304611,0.3902712
0.050902136,-0.04841043,0.07427949,0.12294439,0.06612366,0.064510144,0.11898489,0.14501704,-0.13906518,0.072540045,0.5220856
-0.006623211,0.34104827,0.0269191,0.080676466,-0.138896,0.064645685,0.05863836,-0.20512909,-0.035595693,-0.049709737,-0.23931852
0.015036642,0.010146165,0.04885858,0.056736447,0.006126244,0.07797309,-0.095752895,-0.16892453,-0.0090736365,-0.040105667,-0.29602054
0.025386868,0.28764087,0.016228676,-0.13897958,0.01997219,-0.102952376,0.061212014,0.03313227,-0.03545058,0.08881711,-0.1438431
-0.029293617,-0.08624863,0.056803364,0.10104184,0.08135845,-0.03849794,0.06455454,-0.11817486,-0.16612677,-0.0035279435,0.15450524
-0.020595111,0.056855872,0.05743968,-0.025851952,-0.011825324,-0.1022945,0.029233547,-0.08375347,-0.023832422,0.027362846,-0.212614
0.016244417,-0.0644701,0.05057645,0.037479494,0.06930685,0.050932147,0.029464798,0.16041122,-0.08474873,-0.027614268,0.3601797
0.0006706422,-0.1372901,0.08678228,0.45318595,0.022382166,0.09627347,-0.121117786,-0.17924008,-0.040987276,0.05895673,-0.2693757
0.08062062,0.16597866,0.03706714,0.23780236,0.0050052926,0.10954227,-0.07533513,-0.15091531,-0.023950353,0.068093956,-0.265617
0.05939912,-0.02144871,0.057346247,0.13373171,-0.108378366,0.1304902,0.016965196,-0.14175232,-0.03994037,0.021927664,-0.076502405
0.058645517,0.33527142,-0.16565917,0.0030447296,-0.08020859,0.0060141967,0.06769105,-0.073472984,-0.0016432911,-0.04576236,-0.32235292
-0.0056586,-0.21936567,0.044121902,-0.070843846,0.07421967,-0.41179216,-0.21249853,0.05480521,-0.08658269,0.011686548,-0.080142125
-0.07238956,-0.037143435,0.04239616,-0.14317067,-0.0047323685,-0.94395804,-0.044359393,0.009713747,-0.040782187,0.000763062,-0.0775323
0.005677401,0.20914964,0.036818225,-0.057469796,0.03246395,-0.11840108,0.11824219,0.033405326,-0.024543017,0.011001584,-0.13683659
0.0044803303,0.16651648,0.049658712,-0.0514712,0.016005397,-0.14579454,0.12652276,0.029417593,-0.030192368,0.0097865965,-0.14533876
0.031321246,0.046028163,0.063829534,-0.0892647,-0.12114494,0.10345689,-0.04117842,0.05195698,-0.04767451,-0.043901097,-0.041282207
0.03761263,-0.06525081,0.03529667,0.08607381,-0.028718907,0.08450869,-0.14190203,-0.08204143,-0.06520416,-0.015989028,0.13233171
-0.017040405,-0.14056142,0.04581167,0.10608105,0.0701831,0.08009266,-0.113752,-0.19203544,-0.029252205,-0.05537289,-0.14603801
-0.054752067,-0.03455321,0.032558322,0.12193121,0.04516535,0.15227547,-0.10436609,-0.16098781,-0.030926552,-0.02497937,0.022986384
-0.038116746,-0.33752462,-0.2516975,-0.103862286,-0.088884,-1.1571501,-0.39641967,-0.042406783,-0.14853083,-0.031754795,-0.23274426
-0.067598455,-0.22212179,0.023393676,0.07293595,0.041021854,-0.17111188,0.111601345,-0.0673219,0.10790772,-0.03674302,-0.10139815
0.032641105,-0.15388265,-0.03311482,0.08463358,-0.1561874,0.029674584,-0.08955403,-0.18614149,-0.03294838,-0.05387156,-0.31134364
0.02395066,-0.084621,0.06809637,-0.07176317,0.031800862,0.002032877,0.088599466,0.06043798,-0.060036138,0.040805865,-0.088664204
0.09044289,0.39812294,0.07843765,0.024260698,-0.054890733,0.05263394,-0.01741663,-0.030101936,-0.03579805,0.023245962,0.1531838
0.022825161,0.18379766,0.02458918,-0.20173861,0.012530829,0.01964861,-0.015116178,0.013628766,0.09729729,-0.15913916,-0.21548873
0.016472682,-0.16000293,0.04937352,0.080682606,-0.13834526,0.057265855,0.025276821,-0.18455717,-0.04038214,-0.035964314,-0.31239766
-0.051737208,-0.16564894,-0.04641828,0.11070502,-0.09790276,0.055010926,-0.15319198,-0.1666231,-0.09156351,0.029194856,-0.2724364
-0.028993053,0.005989698,0.017127642,0.11607969,0.024532177,0.06455295,-0.12795395,-0.14472057,-0.052372634,0.017348282,-0.23209462
-0.03333242,-0.15139337,0.01594197,-0.14918537,-0.117999434,0.076083906,-0.16702293,0.013328984,-0.08498579,-0.027442977,-0.28754058
0.03430519,-0.026350921,0.03680833,0.06926032,-0.012334877,0.102630146,0.028853303,-0.09942008,-0.057386458,0.07329386,-0.19012643
0.000250299,0.1124367,0.07029601,0.10497916,-0.13901445,0.09344804,0.010709402,-0.20995545,0.02653432,-0.015674526,-0.2927416
-0.025266873,-0.14702575,0.01369963,-0.16383424,-0.12413214,0.08392587,-0.16674356,0.005551555,-0.07899782,-0.026454458,-0.29538336
0.032873955,0.22287677,0.046661615,-0.073890775,-0.012808202,0.10341352,0.054887135,-0.0476864,0.1479093,0.09279728,-0.06165695
0.020614762,-0.15335341,-0.006116976,0.049764868,-0.13716337,0.06691797,-0.002585091,-0.08747886,-0.04347305,-0.027050372,-0.2658651
-0.026685115,-0.013348774,-0.21793906,0.13563164,0.049068872,0.066309564,-0.11919948,-0.17216837,-0.07915608,-0.033478465,-0.1970173
-0.2610136,-0.68994087,-0.0499529,-0.20152785,-0.042526815,0.028700624,-0.12519237,-0.19595756,-0.07584302,0.018429948,-0.15868449
-0.0049933214,-0.08322206,0.09129392,0.14506851,0.13820869,0.091111034,0.056321952,0.025512477,-0.08902739,-0.031956527,0.6922206
0.06428308,0.07237217,0.02152638,-0.027155155,0.0147763295,0.15732417,-0.077585906,-0.23565048,0.19881856,0.09349263,0.025297787
-0.0012233362,-0.15509215,0.08906751,0.10807249,-0.1600901,0.04674206,-0.021728883,-0.18348409,-0.033689376,0.027713941,-0.30951107
0.00045211473,0.28103563,0.042017788,-0.14593413,0.014993845,-0.17870675,-0.18857446,-0.111339934,0.08767744,-0.04953992,-0.2496354
0.05310845,0.41830555,0.06639201,0.0955093,-0.063174136,-0.038874403,0.111213475,-0.19052023,0.01664643,-0.0102732815,-0.31739777
0.0583545,-0.20369901,-0.0214592,0.13684037,-0.028779855,0.10279344,-0.03570551,-0.16242835,-0.07738013,0.09473158,-0.24678005
-0.14716145,0.15354274,0.052575137,-0.17696014,0.027536226,-0.2533343,0.050077815,-0.047753528,-0.3259143,-0.077183686,-0.16698445
-0.30752134,0.047256157,-0.03480285,-0.1196141,0.051814094,-0.14333163,0.06369735,-0.14363381,-0.08506276,0.055825558,-0.2350777
0.0017780908,0.15998468,-0.0104022445,-0.124967694,0.0054077767,-0.44248584,0.05347917,-0.16610706,-0.04624484,0.017462801,-0.10905329
0.010347153,-0.1537825,0.029791243,0.057338025,-0.039526053,0.07663694,-0.06963846,-0.17253067,-0.047202755,-0.032993514,-0.3342317
0.009782239,-0.11868329,0.114948414,0.20607261,-0.10923489,0.08839408,-0.027652543,-0.18964584,0.032599058,0.00064817304,-0.33470845
0.029964313,0.12878956,0.033735,0.11405555,-0.029564425,-0.30313832,0.015702395,-0.106348574,-0.0054260856,-0.10410891,-0.085193306
0.09595099,0.08430068,0.044837732,0.13471973,0.032739587,0.11863283,-0.08570789,-0.12822878,-0.0025835373,0.07338286,-0.22436446
-0.014168441,0.11710736,0.047176074,-0.0950264,-0.019113986,0.12767012,0.04977367,0.09687049,0.21023896,0.02416307,-0.10785812
0.0018975022,-0.015130475,0.036487132,0.0050156796,0.11037853,0.1223258,-0.0017073983,0.032488216,0.1928095,0.07433067,0.24018891
-0.034748517,-0.19141816,0.034669943,-0.0007466809,0.09637384,0.10608259,0.08992669,-0.024949567,-0.09658209,-0.033505697,-0.0024478943
-0.015340407,0.1992678,0.008164557,-0.07764381,-0.13295504,0.05829968,0.008977347,-0.2321479,-0.012097031,-0.034258354,-0.2391922
-0.03204689,-0.114720196,-0.0067964396,0.052541092,-0.22401308,0.05156245,-0.005034717,-0.20181347,-0.010932685,0.0051091886,-0.2881391
-9.839059e-05,-0.074825376,0.045153942,0.064292274,-0.009816224,0.07860248,-0.062375955,-0.1380521,-0.093268976,-0.034068838,-0.24035065
0.011759889,-0.09100512,0.0033689481,0.07529186,-0.15688734,0.047637954,-0.1506002,-0.21253183,-0.03158509,0.02137983,-0.1245771
-0.0249791,0.19190165,0.073263794,0.037293345,-0.028380703,0.081426896,0.017002467,-0.14947155,0.016424742,0.030164221,-0.22797613
-0.01170586,-0.13783333,0.016825456,-0.22303234,0.013945122,-0.05961766,0.02128195,-0.010109637,-0.065934055,0.017234553,-0.057473652
-0.0026454288,-0.13768665,0.02246119,0.19571197,0.021084249,0.07751272,-0.08284127,-0.18908101,-0.018081186,-0.02230918,-0.32852238
0.07328464,0.30923128,0.105737075,0.51367044,0.055742536,0.13047418,0.11176745,-0.14251079,0.04041901,-0.008190726,-0.11734902
0.04439918,0.3645387,-0.023828823,0.18675663,0.027290935,0.090875834,-0.080364674,-0.11477471,-0.018625978,0.08573257,-0.1998659
-0.03877089,0.22608645,0.021367889,-0.07795809,-0.01823922,0.016273154,-0.008598533,-0.029509775,-0.026864473,0.038566686,-0.13284889
0.061418183,0.14357844,0.06522356,0.05877706,0.007620734,0.11753381,-0.15861309,-0.11713679,-0.010522312,0.046497777,-0.17137487
0.10266177,0.13320318,0.061970543,0.14353931,0.019402632,0.08895244,-0.110813536,-0.12224803,-0.0041186456,0.026411286,-0.19216214
0.030597804,-0.029295804,0.045383763,0.019409878,0.097488165,0.09592624,0.02813916,0.1895769,-0.04457206,-0.09511016,0.47279882
0.03497557,-0.21194452,0.063404374,-0.100990646,-0.020175613,-0.7543416,-0.019089235,-0.08370029,-0.094598375,-0.006006171,-0.22368452
0.058666036,0.3335558,0.07090977,0.029844357,-0.07452055,-0.20336825,-0.02417647,-0.14363521,0.040690526,-0.027781561,-0.30308798
0.02195672,-0.103679135,-0.17038967,0.033137623,-0.13350111,0.06810331,-0.056878883,-0.005337396,-0.017317124,-0.030005487,0.17386107
0.036335297,-0.10184155,0.05110493,0.2778695,0.05249748,0.09774861,-0.0270535,-0.23789263,0.08797327,0.06980748,-0.2855631
-0.056731217,0.23778532,0.037235416,0.072134815,-0.041796964,0.13969001,-0.0035052646,-0.16639885,0.06593306,0.22375514,-0.24178748
0.11070798,0.4184175,0.08167247,0.20683146,-0.00055555196,0.0453588,-0.07721533,-0.07191212,0.035982482,-0.006652467,-0.15925407
0.0076465895,-0.1371537,-0.2672292,-0.121380486,-0.009434023,0.08797976,-0.009687453,0.03685196,-0.06493002,-0.062929735,-0.21537083
0.015207583,-0.12660325,-0.27199745,-0.16373982,0.048717562,0.090203494,-0.0028571791,0.036390148,-0.07480996,-0.06084437,-0.2157167
-0.022836644,0.13601154,0.03956555,-0.097438596,-0.020552704,0.14903118,0.0042549646,0.057847682,0.18195622,0.0889949,0.09797401
0.048043493,-0.00358242,0.030996244,0.0069194376,0.012697231,0.1365203,-0.16764265,-0.07713783,0.1978189,0.045201063,-0.085095905
-0.006409555,0.2258617,0.06622415,-0.0940801,0.052716173,-0.12329587,0.05345451,0.066847876,0.11277441,0.084835775,-0.10354858
0.036542226,0.1713503,0.040539965,-0.112935916,-0.01047866,-0.10345889,-0.03356283,-0.09368755,0.09409794,-0.04544178,-0.22348043
0.05139225,-0.06812375,0.04894154,0.16441028,0.099944144,0.047285322,0.08826946,0.07655746,-0.048684955,-0.025038272,0.44847623
0.015811054,0.021804526,0.045618806,-0.069470264,0.060128454,-0.08797094,0.09705907,0.053409066,-0.07118386,-0.008666852,0.16335715
0.035233207,0.13416056,-0.034415483,-0.09395326,-0.1566326,0.071884185,-0.041851416,-0.011539467,0.12539467,-0.044802997,0.13354544
0.037356567,-0.15625398,-0.08222482,0.14741288,-0.011274757,0.08441499,0.02716644,-0.20755537,-0.039859656,0.09005892,-0.051484074
-0.21701871,-0.3401835,-0.008130206,0.08154421,0.038381718,-0.15074675,-0.06511776,-0.047436044,-0.16759779,-0.017591393,0.20515451
0.031462092,0.18710674,0.0005934267,0.07577081,0.0752274,-0.06942043,0.026150553,-0.12993003,-0.036865473,0.0044911355,-0.041034658
-0.01662291,0.014364389,0.044163693,0.084349506,0.108217455,0.08609154,0.04097164,0.14972997,0.07822067,-0.032879237,0.47937974
0.066679254,0.10043954,0.030374572,0.024980865,-0.005547941,-0.12262566,0.045750294,0.12495226,0.029421328,-0.028135918,0.20065273
-0.0040160697,-0.031111289,0.027080929,0.05502089,-0.0730764,0.09218867,-0.0023839818,-0.07368762,-0.04923904,0.04602631,0.14731371
-0.013046276,0.10833118,0.06305114,-0.071244374,-0.1057079,0.10454358,0.038443424,0.052266873,-0.042329267,-0.06704799,-0.11282665
-0.00016532326,-0.13210316,0.051139694,0.0774329,0.020208955,0.08470515,-0.008999296,-0.14072281,-0.02146411,0.010392286,-0.26721916
0.027762923,-0.23257443,0.029954623,0.15161121,-0.22560534,0.06182083,-0.09029092,-0.17183697,-0.01829548,-0.03293661,-0.3124843
-0.06576189,-0.14571464,-0.08908824,-0.10052903,-0.044568665,0.08305523,-0.01008325,-0.04291927,-0.03272587,-0.012494963,-0.31592256
0.011850554,-0.035039365,0.031041196,-0.07382362,0.011866854,-0.75204426,-0.11853733,0.06233226,0.0019792772,-0.0016032058,-0.1342409
0.022247855,-0.15438892,-0.1672898,0.050022636,-0.03254989,0.07341607,-0.07020429,-0.15412425,-0.002494737,-0.03692987,-0.32931307
0.01745005,0.10087998,0.044289306,0.116559975,0.09645688,0.05940089,-0.009209515,-0.16723464,-0.028737715,-0.04706843,-0.20413023
-0.16108403,-0.020146497,0.0476411,0.0129903015,0.111662656,-0.021658912,0.027410781,-0.053869896,-0.07626235,-0.008424081,0.20650865
-0.034186024,-0.12609877,0.007649891,0.06255781,0.006812541,0.084210135,-0.0050015133,-0.058017135,-0.066322386,-0.03010187,-0.014345146
0.03625875,0.038009077,-0.14073989,-0.08742176,0.08165055,0.08295528,0.005546869,0.056021594,-0.101753004,0.043962788,0.04040046
0.06256828,0.03438074,0.034468234,0.16455227,-0.05080872,0.086885974,-0.13773459,-0.20446308,0.0781451,-0.0640725,-0.24454817
-0.011632366,-0.062083144,0.05044152,-0.08811473,0.056831535,-0.44208568,0.08314871,-0.014169675,0.03431758,0.0010526637,0.13279971
-0.08677528,0.14363734,0.018992467,-0.2069482,0.08740437,-0.13991027,-0.012219409,0.021799915,-0.15328996,-0.17331582,-0.0368619
0.011995381,-0.030472046,0.05151394,-0.15121743,-0.026700879,-0.06424055,0.03737134,0.07380262,0.15566741,-0.039127648,-0.042272974
-0.07585329,0.13202845,0.06192882,-0.02061741,0.055540998,-0.037228327,0.011561237,-0.092027366,0.028834479,-0.051848833,-0.35842
-0.042414308,0.103287496,0.028269216,-0.5851443,0.021657998,-0.24953496,0.025948202,0.0411291,-0.03732845,-0.025572997,-0.055624083
-0.008884358,-0.110164806,0.031866223,0.11934198,0.101877764,0.09511827,-0.05888443,-0.1316939,-0.04484538,0.09145406,-0.22097339
-0.05570104,0.19337107,0.061769687,0.007758502,0.0819663,-0.036234673,0.005838495,-0.08522905,0.048062015,-0.051150154,-0.31919
0.02517253,0.113368906,0.034902453,0.022497172,0.039957456,0.09947965,0.01101185,0.05338331,-0.14241754,0.0045417123,0.08132896
0.026397454,-0.12313804,-0.16278414,0.19670558,0.11458511,-0.06433309,0.087327585,-0.13218811,0.016319912,0.0900825,-0.21060337
-0.03373426,-0.10856465,0.059326176,0.099725135,-0.04706204,-0.07409156,0.098349154,-0.21957158,0.13218926,-0.048976403,-0.30203897
0.009533661,-0.11918594,0.014470448,0.051628187,-0.1377813,0.055043396,0.014994145,-0.103745684,-0.05520345,-0.032289337,-0.2667634
0.010893697,-0.15969254,0.012303604,0.074694745,-0.11522409,0.068609975,0.008591929,-0.11410191,-0.053152412,-0.03336399,-0.27495086
0.0071324324,-0.042581517,-0.03838706,0.081447385,0.12073148,0.10154271,-0.06311259,-0.12542504,0.2040911,0.073537104,-0.23470241
-1.023999,-0.022127245,-0.005009262,0.1026797,0.058998067,-0.41432026,0.025490234,-0.27212828,-0.12283273,0.0070518167,-0.3150997
0.012220283,0.057793744,0.07204359,0.028871229,0.02884418,0.05017169,-0.043389972,-0.2043924,-0.05079861,-0.08080937,-0.31055135
-0.26475427,-0.09543041,0.01984555,0.04857398,0.037889704,-0.1846621,-0.022549821,0.04621996,-0.10846081,-0.0069944914,0.3225981
0.02467354,-0.11019061,0.048906736,0.03235739,0.107520536,0.051028583,0.0056269653,-0.024364265,-0.05489447,0.041219607,-0.086151555
0.02156429,-0.062191945,0.054253556,0.037589844,0.09770338,-0.11574729,0.03901019,0.007887204,0.22261098,0.13565622,0.33205393
0.055129044,-0.13063073,0.023322776,0.068346284,0.023922939,0.06872651,-0.080645785,-0.17727914,-0.01081214,-0.028515652,-0.28373477
-0.016646305,-0.11964932,-0.0249985,-0.13762163,-0.008234551,0.050217245,-0.029079162,0.020621767,-0.019173088,-0.044537082,-0.31886837
-0.0077628684,-0.10248578,0.012569076,0.10472929,0.02228086,0.08367938,-0.10651242,-0.15047173,-0.04727088,0.064288154,-0.21561435
0.047971923,0.065796696,0.048880007,-0.05466765,0.05540215,-0.05552102,0.15061553,0.04455799,0.09544885,-0.023443598,0.0296073
0.03931768,0.14248167,-0.043527856,-0.08414681,-0.006313138,0.060838886,0.015931943,0.056916513,-0.060280148,-0.0008284284,0.082407646
-0.02531793,0.16045022,0.007624254,-0.098540306,-0.055637788,0.062273357,0.07252875,-0.304939,-0.004709953,-0.07911241,-0.07048146
0.025114609,0.12584196,0.054929506,-0.016771566,0.027053796,0.12057038,-0.099057786,-0.11169637,0.042071406,0.115323134,-0.24834263
-0.01148819,-0.062413547,0.07206108,-0.09702176,-0.119825505,-0.091145866,0.08843521,0.049960192,-0.034671117,-0.020453095,-0.19009352
-0.0188572,-0.09542626,0.05040656,0.011404051,-0.15991972,0.011605129,0.041252114,-0.07666365,-0.040935468,-0.02276921,-0.13184097
-0.04813942,-0.14186078,0.05010232,0.005688116,-0.15752777,0.020695109,0.009696532,-0.07146037,-0.038557477,-0.029234985,-0.14661506
-0.047947172,-0.027199022,-0.21345094,-0.09820204,0.13385352,0.064312994,0.031407367,0.19279441,0.24802314,-0.049625054,0.20332466
0.03830459,-0.051222865,-0.02325581,-0.09910821,0.081002064,0.050570473,0.124071166,0.14881378,-0.082197204,-0.073431894,0.44612607
0.048118632,-0.11809827,0.051635064,-0.13095799,-0.015229196,0.01085023,-0.036881756,-0.066231355,0.012299456,0.028251609,-0.27389866
0.03566826,0.22038536,-0.00844555,0.0013235458,0.005086691,0.08652145,0.04052831,-0.086579956,0.026619181,0.07719558,-0.23613656
0.007880676,0.06758168,0.062041063,-0.00997909,0.013642155,0.108320326,-0.032470774,-0.10735123,0.019970028,0.04318999,-0.26973101
-0.002694057,-0.070925005,0.052311722,-0.01809269,0.014164847,0.11256628,-0.1565393,-0.12229276,-0.0003022352,-0.03971064,-0.2738979
0.0052710604,-0.08893274,0.027489647,-0.087942496,0.055165064,-0.48690474,0.09719088,-0.14343178,0.05023654,0.05291005,-0.18091917
0.059550766,0.13887781,0.039348956,-0.0145012075,-0.06787957,0.089300916,-0.19366552,-0.103096195,0.110594615,0.044828165,-0.08946975
-0.06886724,0.1429058,0.037978064,-0.10873197,0.0024053797,-0.020169942,0.08974597,0.038874287,0.017836515,0.049818777,-0.016190369
-0.013306755,-0.18918474,0.012774046,0.07413904,-0.001353289,-0.23681875,0.046791993,-0.24989922,0.016079409,-0.042213857,-0.14292349
-0.015102327,-0.09361545,-0.20143609,0.10296943,-0.011425057,-0.16209534,0.081107415,-0.18802208,-0.08378446,-0.0374987,-0.02155391
-0.017719464,-0.1274051,0.03258066,0.16948684,0.11556238,0.043734927,0.10634024,-0.17925926,-0.05735112,-0.09319335,-0.09171695
-0.17813951,-0.1220998,0.017460637,0.13312492,0.10621231,-0.310292,0.016905228,-0.18246713,-0.11692222,-0.011084577,-0.13566731
0.029960722,0.27892572,0.047976635,-0.078853,-0.10365998,0.13501589,0.01996657,-0.07766433,0.03631185,0.12415317,-0.20347111
-0.024761297,0.27308983,0.059096325,-0.1194789,-0.05919192,-0.2071413,-0.06690807,-0.09608521,-0.046556886,0.050578948,-0.17447808
0.01473264,0.25712812,0.061132677,-0.094394535,-0.011893409,0.14401308,0.009346897,-0.051430788,-0.0060460772,0.1112396,-0.19327554
-0.018106904,0.28070095,0.04997763,-0.10902836,-0.037178423,0.08734765,0.07111969,-0.050755646,-0.026256962,-0.056869447,-0.19719267
0.024238436,0.0023773415,-0.16933268,0.062424064,0.010863195,0.069746055,-0.05425926,-0.17900363,-0.033327635,-0.04724183,-0.29127005
0.022040151,0.03650411,-0.16792275,0.054960676,-0.004773391,0.076794155,-0.10606736,-0.15874368,-0.03949936,-0.05026992,-0.2589161
0.01669299,-0.42172852,-0.25469732,-0.012665297,0.051274993,0.034364447,0.069138065,-0.014203075,0.08741994,-0.0184229,-0.24882275
0.036421806,0.06607892,-0.009933163,0.079394884,-0.11550516,-0.02014511,0.0034304883,-0.22998314,-0.06353306,-0.12220924,-0.27566317
-0.018467009,-0.055945802,0.05844053,0.06665666,-0.055837363,0.065326385,0.00022341065,-0.24107024,0.1324391,-0.047646772,-0.31649238
0.02465036,-0.19006352,0.027527418,0.07162928,-0.05872593,-0.6510897,0.043995954,-0.12305256,-0.03126566,-0.01851285,-0.25588998
0.027534895,0.016902661,0.05405404,0.13263881,-0.038066752,0.07505518,-0.02552032,-0.21323015,0.0686098,-0.07667336,-0.2721384
0.10496834,0.32432348,0.042383168,0.27009135,-0.022303786,0.056902535,-0.05583173,-0.13130803,0.088952996,-0.1389633,-0.2562756
-0.110830165,0.09464337,0.03132693,0.03986229,-0.027607571,0.056884874,-0.017023185,-0.090462916,-0.04459654,-0.06530689,-0.056199398
0.029563366,-0.08619208,0.05371952,0.013379671,0.008958476,-0.2359382,0.0045635127,0.19389087,-0.06846369,0.014935725,0.3793208
-0.0035077357,-0.13649431,0.066035636,0.12496515,-0.022662973,0.07018259,-0.02192047,-0.14032406,-0.042535033,-2.0372572e-05,-0.32734388
-0.03696432,-0.072433576,-0.18929562,-0.09975227,-0.02759193,0.07419842,0.092321746,0.056831375,0.00198562,-0.033490352,-0.29713106
-0.07026287,0.031175558,-0.05003719,0.007718825,-0.13208342,0.062561035,-0.10268258,-0.16894707,-0.068201065,-0.0198433,-0.20004576
0.05125513,0.0817241,0.050474998,0.14364137,-0.024111424,0.10089263,0.0032953864,-0.17086026,-0.033729736,0.005071749,-0.084640436
0.03412801,0.075769864,0.059257098,0.14267649,0.060637668,0.10399228,-0.12069301,-0.14410616,-0.008726086,0.06068793,-0.22646776
0.016594738,0.055303,-0.046819385,0.081446856,-0.103255734,0.046644684,-0.00089793856,-0.20999578,-0.050027635,-0.09652215,-0.2983969
0.0019881562,-0.124737814,-0.18986894,-0.08051201,-0.12458011,-0.11414451,0.06726926,-0.00092973077,0.1283432,0.06016304,-0.19150107
0.0046385494,0.043568704,0.034200843,-0.24908856,0.0047533913,-0.08036277,-0.11738339,0.13711014,-0.07571615,-0.060768448,0.078418955
-0.03950955,-0.015873086,0.037330545,-0.22911955,0.005546095,-0.004515152,0.045306727,-0.015172226,-0.06862321,0.04040622,-0.023138218
0.015565237,0.0014614377,0.046186566,-0.0017676083,0.0039830096,-0.13485041,0.08869938,0.07417342,0.15213168,-0.05886429,0.24885228
-0.0017195521,0.23154536,0.013654922,-0.13709651,0.035243846,-0.22411379,0.024029572,-0.11199772,-0.049904615,-0.03046247,-0.16030139
0.02073909,-0.0085472,0.091727026,0.11806796,-0.13239077,0.06197522,-0.00049819687,-0.21859269,-0.00083767396,-0.022204055,-0.27047843
0.01711483,-0.025321115,0.06871185,0.088100925,0.07480034,0.12531877,0.07499411,0.095545046,-0.05416104,0.09647477,0.47292972
0.031994727,-0.04389569,0.040331867,0.13557911,-0.16105978,0.09247075,-0.08975846,-0.23944874,0.070374064,-0.078371815,-0.2201811
-0.042548902,-0.053578127,-0.12856553,0.13957778,-0.019017218,0.081967525,-0.036890894,-0.089174815,-0.050363984,-0.042110946,-0.12681602
0.042223778,-0.1778393,0.07553388,0.10516096,-0.053174093,-0.034829017,-0.068226896,-0.15823641,-0.021920728,0.02098298,-0.33329675
0.0036000544,-0.12459178,0.034089226,-0.09112162,-0.17756169,0.1431479,-0.24921954,-0.12735753,-0.03487804,-0.023453966,-0.15302141
-0.0016588937,-0.06330674,-0.14583838,-0.0017280359,-0.13015097,0.07661496,0.014241016,-0.04068066,0.18530707,0.041650705,-0.287235
0.010968882,-0.07061304,0.016574802,-0.13762686,0.061346546,-0.21812047,0.05489735,0.05229918,0.055997014,-0.014776137,0.19204131
0.030927898,-0.044144407,-0.101661734,-0.0801169,-0.0014125998,-0.044609636,0.009125361,-0.013211651,0.13542916,-0.031736758,0.14949127
0.06073753,0.08478882,0.05079104,0.06440447,-0.07315752,0.08570445,-0.001307475,-0.2174327,0.07185254,-0.06894971,-0.24405585
-0.107242204,0.015030625,0.04456089,0.002549565,0.045216348,-0.027849924,-0.021796953,0.10106585,-0.11710935,0.020289127,0.22228335
0.025990112,-0.01009248,0.040497385,0.11461658,0.027334139,0.099632084,0.10293652,-0.1062347,0.015325335,-0.0006314701,0.0044283457
0.051027205,0.24567947,-0.014457143,0.033067167,-0.12307733,0.060397718,-0.15101941,-0.16459487,0.071226686,0.037395906,-0.1454603
0.04202482,0.21314089,0.044558827,0.05172585,-0.030254783,0.089334965,0.02701824,-0.07427973,0.032411166,-0.000991503,0.06279526
-0.0017712669,0.03565234,0.034818634,0.06348377,-0.14259821,-0.1110626,-0.026914332,-0.10595318,-0.014723178,-0.1324818,-0.06120652
0.04251798,-0.19156764,-0.006045738,0.2221171,-0.10346675,-0.18472846,0.013196594,-0.1788215,-0.030033689,0.011185539,-0.30012575
-0.026228914,-0.13755073,0.029536033,-0.040058658,-0.1568983,0.067435876,0.05929241,-0.19280447,-0.012165275,0.002293039,-0.2703329
-0.029992793,-0.045771062,0.008887912,0.20185989,-0.0077665183,0.06040402,-0.091873616,-0.26020494,-0.007793441,-0.030440958,-0.35967782
0.06446218,0.2649095,0.07116195,0.013656949,0.05671874,-0.12153632,0.075189255,0.0499513,0.19632645,0.061877575,0.1810617
0.05414048,0.12391507,0.053294197,0.13589725,-0.11915426,0.13288637,-0.009129185,-0.15595211,-0.023710676,0.0038427769,-0.066879064
0.056742493,0.18422908,0.04594097,0.090151414,-0.13808003,0.092256404,-0.052697193,-0.15963946,0.058814682,-0.076319195,-0.18813683
0.045682564,0.33919293,0.04512106,0.08061643,-0.118444555,0.011320641,0.013185692,-0.11324951,0.13155068,-0.03018762,-0.26590002
0.01914219,-0.14241557,-0.14568111,0.1159755,0.017497031,-0.048564333,0.0383432,-0.2007034,-0.027850598,0.0118030915,-0.099561885
0.00694924,0.024843112,0.039443944,0.08878383,0.059277046,0.08895452,0.10348903,0.08487975,-0.14308333,-0.041346967,0.258779
0.042484347,0.0047950903,0.040032037,0.00031900086,0.06992672,0.08103177,0.008138165,0.13862118,-0.07636629,-0.050288048,0.37331632
0.03934403,0.17640759,0.05642725,-0.008258743,-0.11049891,-0.14136656,0.030633792,0.028055947,-0.03754028,-0.027381882,-0.058822602
-0.014887169,0.23317643,0.018656282,-0.100132525,-0.08877481,-0.08956016,0.08345798,-0.07433985,0.022643415,-0.0333362,-0.116000615
-0.32884923,-0.7418508,-0.01269081,0.06805069,-0.19005182,0.025588306,-0.12115893,-0.2027456,-0.0665261,-0.015900267,-0.19397013
0.02630746,-0.13256207,0.033839025,0.09391709,0.07730281,0.084557846,-0.08758275,-0.19462627,-0.038924225,-0.035724476,-0.056364805
-0.06288845,-0.11861896,0.031027822,-0.044034228,-0.003664919,-0.6573895,-0.061280522,0.095581055,-0.074963115,-0.12524635,0.023185665
-0.18208084,0.02224851,0.03332457,0.05822818,0.053388704,0.07960981,0.036712714,0.09351701,-0.09949023,-0.09302323,0.24641877
0.04661892,0.17621112,0.048169624,-0.17690352,-0.023423837,0.0009179749,0.027199863,-0.09564008,0.16297305,0.053149287,-0.05335465
-0.049619865,0.018563854,0.01803364,-0.065095745,-0.020585828,-1.0068262,-0.21464042,0.1446585,-0.0864011,-0.15234587,0.21998885
-0.07540178,-0.06558777,0.0318502,0.1045114,0.0133141475,0.10810687,0.12587157,-0.1087719,0.23208448,0.0071998956,0.19418547
0.025693415,-0.03785195,0.0719569,0.08418058,0.07202217,0.10740298,-0.0009917027,0.19524845,-0.06919549,-0.049858876,0.472643
-0.05181114,-0.027878094,-0.026523482,0.023212759,-0.13776116,-0.08525305,0.06824354,-0.029259156,0.12272593,0.0086086355,-0.17450026
-0.1520491,0.01194518,0.045024537,0.06703551,0.06181918,0.01695537,0.056110177,-0.29185557,-0.20087822,-0.17729264,-0.009887175
0.016860591,-0.10677758,0.056576364,-0.06633463,-0.0912591,-0.14882332,-0.014898897,-0.07234846,-0.033753544,-0.0104586445,-0.24320024
0.1096579,0.41962004,0.08389549,0.29204154,-0.0291486,0.07840591,-0.0075722206,-0.05973229,0.004168565,0.037707686,-0.14967677
0.008942406,-0.17183284,-0.20058188,0.11093001,0.016636398,-0.28938946,0.05236458,-0.22659166,-0.05039212,-0.02831661,-0.23374636
-0.051724333,-0.18582861,-0.004209015,0.1301038,-0.08326519,0.07805626,-0.047599733,-0.19640008,-0.01878768,0.01096691,-0.31210363
0.11834357,0.4434227,0.08438921,0.2904728,-0.029347008,0.08165676,0.060732227,-0.064890794,0.011657757,0.03517248,-0.15107055
-0.007839399,-0.0736989,-0.03180904,0.031716943,-0.048667658,0.011266168,0.08784328,-0.07768567,-0.00783611,-0.019900434,-0.2844195
-0.034296043,0.085579775,0.0528176,-0.14771879,-0.025692867,0.08032703,-0.0036685893,-0.00495394,-0.048025344,0.05303731,0.0023349156
0.03650832,-0.08348445,0.06650394,0.10349868,-0.17120476,0.07070403,0.010410333,-0.21187133,0.17483127,-0.046684187,-0.28558773
0.015863586,-0.105781205,-0.048889264,0.03680115,0.01104018,0.09628128,0.07395639,0.0698821,-0.062106322,-0.03285241,0.15348417
0.015154912,-0.14984876,0.073669374,0.13402437,0.014432856,0.075305566,-0.013858164,-0.17700669,-0.104777664,-0.040466964,-0.20356464
-0.011733604,-0.1059402,-0.037590623,0.043288242,0.008029247,0.07409643,0.030746927,-0.088033035,-0.06128555,-0.03759468,-0.2661874
0.0025253156,-0.1118915,-0.038574256,0.10205049,0.020916473,0.11106522,0.082158916,-0.10607745,0.014845368,-0.035704646,-0.1536031
0.007864637,0.35325828,0.07968302,0.1703488,-0.0748052,-0.025857568,0.1341109,-0.0989968,-0.009253433,-0.030395512,-0.18364304
0.043614436,-0.21838644,-0.034843452,-0.1309117,-0.047821958,-0.17832994,-0.03800679,0.03400616,-0.04614654,-0.017086957,-0.23976378
0.031987116,-0.0016227715,-0.1713032,-0.09173518,-0.04439422,-0.2773493,0.044249877,0.025279546,-0.010746301,-0.021620028,-0.26219037
-0.0020646513,0.28147218,0.06985914,0.07135663,-0.094871104,-0.024594916,0.10816335,-0.15634458,0.052927356,0.03418605,-0.2633046
0.062151816,0.29663736,0.05980813,0.2176126,-0.010319812,0.06861486,0.08696025,-0.15695953,-0.0540126,0.05061045,-0.19733147
-0.027578235,-0.055532884,0.0026697451,-0.018509327,0.020806674,0.12875633,0.041649044,0.17237796,0.026184008,0.0277195,0.5037705
-0.323825,-0.0013162921,0.034474272,0.13691118,0.07080381,0.035220884,-0.024282599,-0.25357118,-0.05943894,-0.077235445,-0.30244967
0.035907786,-0.09328873,0.051528774,0.0032863212,-0.08111297,0.06868564,0.04299659,-0.18340714,0.045468345,0.032419946,-0.24156645
0.036475398,0.04405454,-0.0055380045,-0.18480934,0.023465008,-0.029237652,0.01333147,0.14459655,-0.044706404,-0.030899957,0.106405385
0.050423812,0.13447247,0.06310295,-0.25826734,0.039341163,0.002045835,-0.0015575241,0.14437784,-0.047748387,-0.04791358,0.11320638
0.0145878615,-0.056004535,-0.16406609,0.0628776,-0.11912641,0.09756519,-0.10504298,-0.13630922,-0.036594212,0.0045036417,-0.24139532
0.0153945135,-0.0006763867,0.055337448,0.1333042,0.006530804,0.07461254,-0.0121311825,-0.14971171,-0.06875489,0.016481621,-0.20997149
-0.01599675,0.028019143,-0.16729109,0.07182765,-0.16865881,0.0781658,0.0027245963,-0.19515848,0.0047043134,0.0052031484,-0.29553562
-0.001050056,-0.07859,0.058059584,0.0030042112,-0.13249166,-0.05217772,0.041007325,-0.07591089,-0.03352004,0.061172374,-0.118208
-0.005292757,0.08128681,0.014451095,-0.003139361,-0.028722182,-0.25320017,0.014046683,-0.070741534,-0.027465535,0.022892918,-0.18695538
-0.062151544,-0.09928211,0.037560828,-0.07014581,-0.03634763,-0.15507558,-0.14274077,-0.08695871,-0.027015278,0.0305648,-0.19497229
0.01576169,-0.17187347,0.010376515,0.10452638,-0.079113424,0.05838531,-0.13205665,-0.16257472,0.02443776,0.089505166,-0.17594668
-0.07698286,0.0020774466,0.037953995,0.13144253,0.09575936,-0.13190454,0.046505395,-0.23522772,-0.05215058,-0.005505002,0.2953943
0.03934638,0.05577816,-0.056441978,0.037732612,0.0104653435,0.09049024,0.036235433,0.1163712,-0.05928075,0.12479247,0.1359681
0.01482894,-0.029145196,0.037763294,-0.076208286,0.059054613,-0.25858492,0.0722611,0.054425597,-0.078961864,0.0104623055,0.16349106
0.031431634,-0.07460288,0.035449937,-0.17120685,0.040903106,-0.026535181,0.09785195,0.021761114,-0.0930861,0.06907032,0.42728436
0.066282,0.10144639,0.018345833,-0.04076435,0.017381907,0.19311991,0.012587577,0.087232426,-0.041239463,0.033313826,-0.16601896
0.03733442,0.1463293,0.04843114,-0.03425128,-0.05261211,0.043060254,0.06445897,-0.024521798,-0.008240643,0.04224621,-0.04963741
0.04706403,0.17192602,0.062363554,-0.109770305,-0.016858943,-0.10697057,0.019214591,-0.07779658,0.17201857,0.029665628,-0.028012177
-0.0022962866,-0.07937155,0.0558003,0.24577577,0.041777607,0.07532025,-0.03768259,-0.1923441,-0.005589077,-0.03101069,-0.20419778
-0.016302004,-0.14594848,0.020594416,-0.137529,-0.12226136,-0.2233002,0.097421035,-0.13042231,0.07755118,0.04601645,-0.21437646
0.0039530243,0.008386237,0.032824222,0.008117171,-0.12838133,-0.13843799,0.041836113,0.040822413,-0.0673164,-0.016782643,0.16280398
0.0066545526,-0.038136013,0.04157082,0.11691797,0.0477364,0.11973936,-0.06226144,-0.115810044,0.22890209,0.07506591,-0.058942482
0.038170014,0.006398964,0.07312255,0.016856294,0.10956811,0.07784593,0.026393518,0.1729194,0.04004717,-0.035030298,0.43307373
0.062944755,0.094936796,0.044926025,-0.08744976,-0.0035673147,0.1030168,0.09041084,0.104564615,-0.06012404,-0.05269722,-0.043655086
0.046490163,-0.0016187215,0.06875585,0.19789816,-0.11596014,0.026295638,0.035365585,-0.024350965,-0.009206884,-0.023889506,0.20567434
0.047123246,0.04784141,0.052669846,0.13743393,-0.072045594,0.07852797,-0.052321855,-0.23518728,0.087956004,-0.07493899,-0.23456681
-0.090308234,0.031747002,-0.009315634,-0.068081655,-0.25539097,0.027680468,-0.04925002,-0.23408806,-0.03600995,-0.022225475,-0.27536395
-0.049426638,-0.11734222,-0.025200043,0.12116826,-0.016637808,0.10231565,-0.113539554,-0.22040883,-0.012685222,-0.028244043,-0.36977437
-0.04419786,-0.09412144,-0.055486273,0.11525772,-0.014246197,0.072184406,-0.08769821,-0.24865364,-0.0048154574,-0.03441183,-0.3940501
0.06112023,0.2206673,0.0470112,0.15610206,0.040382918,0.12621,0.10524636,-0.10977324,-0.041337386,0.11747696,-0.16015929
0.018777741,0.0066497675,0.029156102,0.1515479,0.08166658,0.09593598,0.0063597583,-0.09868498,-0.09342086,-0.0464014,0.1407792
-0.05375868,0.20301904,0.06790199,-0.028265677,-0.089150794,-0.12246621,0.09048416,-0.074968815,-0.034859266,-0.008753099,-0.14872062
0.03227402,-0.100485444,0.024340665,-0.071339585,-0.00028584068,-0.417905,0.0023109035,-0.15930042,0.11568724,0.03963864,-0.19263801
0.0072694225,0.06702869,0.0061153593,0.02119434,-0.15899634,-0.13011037,0.06976726,-0.12548347,-0.05230013,-0.10382101,-0.22505675
0.020575553,-0.09924341,0.056865353,0.110974364,-0.012756987,-0.26568413,0.031072082,-0.14797454,0.048133053,-0.027113391,-0.20495017
0.015510758,-0.0923888,-0.171405,0.043766744,0.021536116,0.076510176,-0.09205169,-0.1333484,-0.055364955,0.010528437,-0.29587543
-0.0026653546,-0.13196188,-0.15266328,0.043501206,-0.17867391,0.03520889,-0.05031383,-0.2645535,0.0038560485,-0.037019327,-0.28050312
-0.10947887,0.180008,0.04204752,0.033063274,-0.068742044,0.06995334,0.0024540573,-0.09177512,0.09081795,-0.04977682,-0.042263903
0.016433287,-0.13043036,-0.15276235,0.058036406,0.020856526,0.080876485,-0.06659668,-0.17356041,-0.050320774,6.25052e-05,-0.29344198
-0.07902367,0.04238135,-0.0005530782,0.099227056,-0.21509694,0.045947053,-0.037804946,-0.20718703,-0.025926262,0.022497794,-0.3046098
0.012157154,0.083275735,0.020195063,0.082255825,-0.050154775,0.10217046,-0.07770184,-0.25193414,0.00079835503,0.038830727,-0.04504348
0.027355293,-0.11513406,-0.21299452,0.112351984,-0.0053594257,0.07452412,-0.04404575,-0.16433738,-0.0239243,0.026192095,-0.31511799
-0.010468776,-0.13809714,-0.039429754,0.1205444,0.114098705,0.07855948,0.03944152,-0.07089923,-0.058685884,-0.0062187905,-0.07311422
0.051289856,0.13544898,0.060007814,-0.079273,-0.017816592,-0.14565645,0.03532322,0.05290551,-0.00248981,-0.042968966,-0.06189284
-0.020064732,-0.081394784,-0.16375819,0.05925612,-0.0221708,0.06484277,-0.10634626,-0.17803338,-0.046358977,-0.04892995,-0.3257232
-0.11311939,-0.082583375,0.01888345,0.14665602,-0.11437976,0.1431843,-0.050830733,-0.1597659,-0.020315824,0.059227973,-0.24501286
0.06395433,0.17860037,0.060647693,-0.087963715,0.015210191,0.11135769,0.051745202,-0.034548447,0.16495472,0.095698215,-0.007106174
0.014881113,-0.13105357,-0.15698417,0.05468127,-0.022438835,0.0820929,-0.08094253,-0.13266128,-0.046317115,0.0012097692,-0.2516449
-0.012822931,-0.0022479694,-0.15455183,-0.0058235214,-0.0147275515,0.07992846,-0.049940184,0.045370698,-0.051638544,-0.038611624,0.006604253
0.08388891,0.086903475,-0.15773384,-0.06419917,-0.021465251,0.09041724,0.047463793,-0.07048818,0.11812032,-0.059823368,-0.17771031
0.026927749,0.21476112,0.013658201,-0.14100824,0.027683914,-0.095504016,0.07371743,-0.0037843825,-0.1166864,0.018036546,-0.059443884
0.019816143,-0.13754337,0.048099943,-0.05528537,-0.057547722,0.083722234,0.058526862,-0.01523844,-0.020911556,0.0050319987,-0.2727822
-0.019345036,-0.21416411,0.07397828,0.13092427,-0.026030013,0.0836799,-0.098186105,-0.18097152,-0.10147047,-0.03210658,-0.2601134
0.04880086,-0.08363544,0.0642263,0.016514082,-0.064027704,0.0020686176,0.046895854,-0.07066876,-0.036396608,-0.012227511,-0.23641273
-0.0880007,0.030981004,0.07097159,-0.0068182084,0.050099663,-0.3003776,-0.16835909,0.104849674,-0.0058468296,-0.016642405,0.059381437
0.023767367,-0.1754826,-0.14223501,0.05753218,-0.05571005,0.07523469,-0.0134433415,-0.2228635,0.00022282329,-0.013857034,-0.2769315
0.034671772,0.19004421,0.01803282,0.11608544,-0.0020493376,0.095575,0.022045841,-0.2077058,0.12348744,0.056304555,-0.044425696
-0.24076958,-0.06305556,0.006140883,0.05382577,0.13529348,-0.09339711,-0.030062981,-0.08439115,-0.040190246,-0.023710001,-0.092806205
-0.014307473,0.12091547,0.03326951,0.037154697,0.14407869,0.07940372,0.0060159364,-0.18965816,0.09018409,-0.07569046,-0.41227603
-0.03464845,0.36281624,0.004729679,0.1600982,-0.04021974,0.10053705,-0.03107689,-0.13707055,-0.0025677658,0.06281967,-0.209122
0.071706854,0.2547773,-0.005159836,-0.06325092,-0.08579525,0.14730707,0.068161175,-0.015373767,0.13306199,0.08148011,0.029896919
0.026385283,0.00500859,0.0047631324,0.13497639,-0.12573518,0.087746896,0.0063105524,-0.18868908,0.08841497,-0.037488747,-0.19980389
-0.008916487,0.03159493,0.05112802,0.082854494,0.11135962,0.10781863,0.070975125,-0.108258024,0.14259784,-0.049986187,-0.0347815
-0.026918985,-0.1623165,0.034465615,0.04284259,-0.13968843,-0.4331734,0.1024444,-0.16856228,0.054956917,-0.041871343,-0.15997262
-0.078916654,-0.18587224,-0.011245174,-0.049758453,-0.31485167,0.05458649,-0.12192401,-0.2616965,-0.0415173,-0.009127606,-0.29299578
0.0047049196,-0.12822135,-0.15828326,0.059360046,0.0021823968,0.07268563,-0.113066986,-0.06818724,-0.04597055,-0.018424194,-0.25708964
0.04461807,0.21062243,0.04354862,-0.17428297,0.040700037,0.0034520733,0.06849053,0.039835487,0.10583596,-0.012913348,-0.041959535
0.016282476,-0.16104703,0.023855317,-0.11232533,-0.09014614,0.09983432,0.022381878,-0.05475965,-0.030663718,0.029770967,-0.3156993
0.030488048,0.26047868,-0.008075877,-0.124991946,-0.025723483,-0.10508922,0.037246767,0.026914578,0.12041732,0.03241447,-0.04976992
0.016068269,0.30516732,-0.14709984,-0.10273543,-0.0271306,-0.1086448,-0.13047186,0.030269092,0.13954356,0.042130988,-0.017565502
0.031247849,-0.17979805,-0.015072161,0.08703952,0.003231071,0.04522995,-0.1477649,-0.19192003,-0.017112294,-0.03680144,-0.22572325
0.013265748,-0.13862151,-0.04576357,-0.002080468,-0.12956503,0.07952672,0.016116371,-0.07367262,-0.04509132,-0.0025314467,-0.29955938
0.0020290082,-0.21062993,-0.15639907,-0.005766474,-0.12025956,0.07798954,0.0011218734,-0.07062524,-0.04696772,-0.0057773227,-0.28424016
0.04560284,-0.0447361,0.06345105,0.13407503,0.08095428,0.056138292,0.12442495,0.09244123,-0.07580787,0.07243723,0.59985155
0.054543275,0.18720387,0.0013662619,-0.085892044,-0.01580017,-0.11563973,0.020408155,-0.05330437,0.16880216,0.076285236,0.023771154
-0.046824787,0.19662143,0.062724836,-0.014237667,-0.037604354,0.103580214,0.003595192,-0.019327259,-0.04362242,0.057017732,-0.004387503
0.04377799,-0.15447734,-0.12507042,-0.09529551,-0.05634983,0.12795858,-0.083983816,0.03577215,-0.038348835,-0.026237471,-0.16763034
0.05384185,-0.06489511,0.03159458,0.08500648,0.110415176,0.12829836,0.08403116,0.014225679,0.21997064,0.094648145,0.4382421
0.03195805,-0.09361621,-0.15215008,0.09508359,0.0027289349,0.13347614,0.008380789,-0.072520636,-0.053131536,-0.036780696,-0.22659248
0.024875958,-0.060614854,0.040818192,0.09841053,0.028030496,0.12610982,-0.019366337,-0.096762076,0.05244822,0.062191457,-0.090633444
0.010322756,-0.11959749,0.050744455,0.13554537,0.026663456,0.120550424,-0.11726374,-0.14583084,-0.072840214,0.030252425,-0.23180299
-0.0039755423,0.037352443,-0.16117479,0.04733377,0.19199708,0.03223714,0.024134448,0.17682546,0.12820147,0.046745714,0.76057005
0.08370531,-0.054028947,0.04718243,0.019696107,0.012197122,0.09685633,0.09874913,0.21512298,0.1705237,-0.06916089,0.51496804
0.057100203,0.068000846,0.07264528,0.10081697,-0.09582093,-0.010497403,0.0806307,-0.19503222,0.09594475,-0.053718414,-0.29832238
-0.05104803,-0.03525399,-0.1442808,0.05902455,-0.043921635,0.07052276,-0.10193158,-0.170599,-0.043749135,-0.030953756,-0.30995086
0.017453032,-0.10762359,-0.17598602,0.11872247,-0.117761806,0.026741168,0.09296029,-0.17198947,-0.05351029,-0.0029462164,-0.30819023
0.025740989,-0.055030808,-0.072830655,-0.057095386,-0.025245987,-0.12363906,0.04463267,-0.034609318,0.011834677,0.007904207,-0.23590608
0.05089638,-0.024623498,0.042394344,0.07255612,0.0057221954,0.10871822,0.04000008,0.11781406,0.13729362,-0.05752817,0.4312874
0.009644054,-0.11582326,-0.13570267,-0.018100016,-0.0086227115,-0.13064732,0.05967603,-0.07381209,-0.036942687,0.066261426,-0.19597138
0.022154262,0.10195813,-0.029232759,0.16495457,-0.111131825,0.027495869,-0.03486079,-0.24341016,-0.037196018,-0.04344901,-0.26040143
-0.26575136,-0.054384027,0.04746852,-0.081367396,-0.004132942,0.07981082,-1.5172711e-05,-0.09954189,-0.06736451,0.03191672,-0.30091262
0.044998668,-0.081170075,0.033615246,-0.1644718,0.09510605,-0.29915616,0.09831497,0.08003627,-0.05686442,0.023214621,-0.15532762
0.07042813,0.028200563,-0.00024425506,0.0060868724,0.067286804,0.11869338,0.045891814,0.180024,0.17575447,-0.051057883,0.28222334
0.044746205,-0.073477924,0.055891342,0.023045193,0.088056564,-0.26238397,0.031598523,0.23060293,0.1304932,0.06443679,0.47784188
0.047109924,0.05646956,0.038206693,0.10517189,0.008293534,0.09162749,0.11472478,0.05380395,0.02426164,-0.042006135,0.35614195
0.02190316,-0.046792917,0.030372838,0.10493535,-0.18961157,0.10509743,0.015687454,-0.18276088,0.18677273,0.07490184,0.23340738
0.08560262,0.030948156,0.05843874,-0.08693611,0.05455451,0.086721994,0.07687111,0.17897065,0.044770163,-0.02772741,0.24288104
-0.01670324,0.021804865,-0.055451166,0.11248936,-0.0025702284,0.082822844,-0.011324141,-0.2295348,-0.031285454,-0.05210655,-0.3914317
-0.040757354,-0.063323,-0.037695482,0.07266043,-0.020814797,0.08295454,-0.047131885,-0.25020784,-0.035946984,-0.03401155,-0.3823106
0.052399427,-0.038924806,0.0569029,-0.0745016,0.09532868,0.12464916,0.011683342,0.17533468,0.20354962,0.03381767,0.57121944
0.036862988,0.060741883,0.017584372,0.09967725,0.04915837,0.104305185,0.078435324,-0.072992645,-0.049243446,0.037189424,0.20061028
0.020465286,-0.108781904,-0.14059266,-0.11580934,-0.15686136,-0.32118046,-0.09614335,-0.06746921,0.103391804,0.014510584,-0.12110169
0.02058488,-0.068281114,-0.17263062,-0.16092125,0.085456066,-0.04547321,0.08433863,0.028026799,-0.06104231,0.095546946,-0.19445145
-0.022663102,0.04668182,0.033753198,-0.07896019,0.010218764,0.14450176,0.0020636488,0.028094625,0.17447732,0.06882393,0.08155859
0.013151257,-0.13365617,-0.15111929,0.06715386,0.004358481,0.080765195,-0.08054216,-0.16075833,-0.05721263,-0.0032946505,-0.28839087
0.047489386,-0.09673088,-0.14717524,-0.1052602,0.020398734,-0.5399625,0.06331591,0.036129255,-0.0069612553,-0.004103679,-0.19520324
-0.0039634285,-0.07433349,0.014025513,0.09159136,0.08130073,-0.035594646,0.055909265,-0.20637849,-0.05242451,-0.07573385,-0.29197118
-0.04447365,-0.16071413,0.035749577,-0.0117182,-0.12632439,0.0690029,-0.13587187,-0.05821325,-0.034099102,0.001686055,-0.24034397
0.005186837,-0.124600254,0.06309927,0.18660046,-0.100207046,0.017275982,0.010857001,-0.113614336,0.03744049,0.082490884,-0.2619391
-0.04833156,-0.11120858,0.02626345,-0.12234721,0.040939737,0.07144813,-0.06408823,0.031052569,-0.1332144,-0.037201423,-0.081097916
-0.002490133,-0.07045089,0.03698659,0.12607495,-0.02702083,0.06498354,-0.055514343,-0.16209297,0.13185912,0.07533415,-0.2834535
0.06399981,0.045677423,0.06977865,-0.04872069,0.14720845,0.24963696,0.03889215,0.19150579,0.27569687,0.18110833,0.6532001
0.037992533,0.082137026,0.18677859,0.060451407,0.0072180945,-0.62127423,-0.0025076563,-0.194306,0.017985696,-0.044673774,-0.2613207
-0.026517052,-0.06492578,0.029741693,0.14575976,-0.020556344,0.13333905,0.0772123,-0.15932523,-0.06763474,0.039580308,-0.093696594
-0.00045405116,-0.041447025,-0.20530683,0.007315878,0.005428547,-0.11385034,-0.2434808,-0.066560365,0.0027125769,-0.0133245615,-0.090536565
0.010128254,-0.13132666,0.024792101,0.07375838,-0.2094151,0.065826,-0.10639674,-0.18066499,-0.025318233,0.007463875,-0.35279018
0.026673162,-0.11807684,0.039420165,0.0755722,-0.16718712,0.06549047,-0.03563651,-0.19004968,0.13096559,0.08741432,-0.25753754
0.02664384,0.072706684,0.002598272,0.11475332,0.041790735,-0.10433439,0.09722589,-0.120304324,-0.03842967,0.023679843,-0.24555777
0.020135786,-0.11653475,0.052661903,0.033995215,-0.14227605,0.04010823,0.0569429,-0.084488325,0.1810399,0.06499868,-0.10389974
0.030706968,-0.030396756,0.06298723,0.10203713,0.07147556,0.073190875,0.11097363,0.107424535,-0.0406473,0.122441,0.52879554
0.029510785,0.10701992,0.045622922,-0.113051936,-6.6753455e-05,0.08825507,-0.028814673,0.031200903,0.12004798,-0.008657931,-0.048401427
0.0910951,0.057994813,0.007790538,0.13270074,0.022223277,0.08770344,-0.028874395,-0.146417,-0.0065006022,0.033020027,-0.13475928
-0.03319196,-0.117184125,-0.0991583,0.089282714,0.018140528,0.06684291,-0.13628766,-0.255456,-0.029527053,-0.042587668,-0.39888602
-0.0565023,0.06895673,0.055076845,0.01984914,0.06491918,-0.039872404,0.10928619,0.042713556,-0.11803138,0.015854128,0.05214442
-0.14800091,-0.021120824,0.045635212,-0.009838048,0.0506994,-0.21175475,0.027424246,0.18926997,-0.17467631,0.02569236,0.2753144
-0.004163396,-0.15701042,0.024803538,0.09962502,-0.17876884,-0.084277876,-0.0872193,-0.13987842,-0.014798224,-0.0037840323,-0.236594
0.023965245,-0.16259913,-0.1656722,0.13065626,-0.023809342,0.089686096,-0.08702455,-0.18243976,0.09692072,0.091561176,-0.21145932
0.06600229,0.011161369,0.036533367,0.14370227,0.024441302,0.112322606,-0.11431394,-0.13128178,-0.019768184,0.08596381,-0.2023266
-0.03569175,-0.09416319,-0.1891716,-0.14064574,-0.05383827,0.07895468,0.097622484,0.06777876,0.008022472,-0.030571233,-0.3245466
0.059274722,0.15279062,0.019265542,-0.08121977,0.020701759,0.118543014,0.12204618,0.04072385,0.19806711,-0.0017351522,0.07296919
0.066761024,0.064970426,0.057932828,-0.05420557,-0.014613049,0.017579852,-0.15167806,0.031115916,0.20330316,-7.557172e-06,0.12964252
-0.011307829,-0.019723378,0.036773317,0.23254111,0.19055562,-0.2292627,0.09480668,0.07663095,0.027726693,-0.02061475,0.5235007
0.027730377,-0.13163629,0.03497849,-0.07032678,-0.16449875,0.08934886,0.09778002,0.054000452,0.061127078,0.029186709,-0.06540213
-0.040492687,0.039672323,0.00974358,-0.25829628,0.052099016,-0.08600491,0.055292405,0.02362594,-0.07381317,-0.04128454,0.09186381
0.028353684,-0.18874583,0.08443948,0.17043363,0.028269352,0.08875258,-0.14781049,-0.15246007,-0.060411084,-0.04095829,-0.2471838
0.00045330526,-0.18115509,0.05302388,-0.0054055965,-0.10180409,-0.08187021,0.0347791,-0.06575381,-0.03861421,0.013328164,-0.25183564
0.05109429,0.032962088,0.029627414,0.12587467,-0.100054696,0.090100236,0.07669925,-0.163243,-0.041847397,0.02764194,-0.12686434
-0.0139310295,0.0042593363,0.0002401419,-0.01959272,-0.106959246,-0.29043674,-0.03341457,-0.11626575,0.03563794,0.047585037,-0.22882457
0.04871452,0.12784362,0.05140421,-0.07003944,0.064970456,0.09891735,0.009365724,0.069060154,0.1883253,0.02018659,-0.023490742
0.023752632,0.017579054,-0.025797628,0.13639015,-0.1594776,0.06387953,-0.14076906,-0.2214875,0.09974671,-0.06760726,-0.255913
0.024458611,-0.1480523,-0.050225455,-0.113806136,-0.1414088,0.08737751,-0.15439743,-0.08606616,0.04329263,0.026895462,-0.32707676
-0.06308259,-0.14929414,0.031424224,-0.073039405,-0.14212057,-0.03604261,0.040289186,-0.06538411,-0.030846262,-0.012834027,-0.23283963
0.035718508,-0.17713451,0.0040517575,0.076091215,-0.08778177,0.05872798,-0.06821483,-0.1693344,-0.008253012,0.0070766713,-0.3050103
0.02582292,-0.15708733,0.054894313,0.06403332,-0.09141945,0.05978527,-0.1104266,-0.16249454,-0.035914805,0.008361425,-0.29196614
0.061921164,-0.0992985,0.05020509,0.16765444,0.10785656,0.11348703,-0.048530042,-0.23955081,0.03261351,-0.04712632,-0.10935462
-0.0783698,0.09663983,0.03256479,0.06503334,0.08048441,0.092090994,0.0022324868,-0.07872308,0.0013765757,-0.054688364,0.061215855
0.005173563,0.36666486,-0.007932107,0.04848546,0.13803461,0.025179533,0.061148115,-0.08725905,0.23190558,0.02260696,0.022593915
0.0030274387,-0.17849973,-0.062922895,0.051030423,-0.139791,0.05107336,-0.10360507,-0.15497807,-0.021797156,-0.00629845,-0.3017757
-0.06799044,-0.08052696,-0.21822649,-0.0596617,-0.008735268,-1.2075979,-0.062235992,0.030040003,-0.02597492,-0.050180424,0.03097511
-0.12158632,-0.31935912,-0.019942088,-0.32392234,-0.026282363,-0.8927246,-0.26097637,0.022350581,-0.100785024,-0.011861305,-0.15180783
0.0478912,0.031875864,0.040271822,-0.04594918,0.02420851,0.11765817,-0.15432811,0.12436185,0.082782,-0.03815293,0.2819243
0.0510607,-0.049069807,0.050680533,0.081221744,0.08473449,0.12566705,0.021343816,0.08879312,0.18915226,-0.07095697,0.4332864
0.049724113,0.112930216,0.061919466,0.081414185,-0.09045315,-0.050886832,0.097809285,-0.12894107,0.008717425,-0.02768361,-0.22499926
-0.27478063,0.012145299,0.01001074,0.02696641,-0.19104348,0.16148013,-0.14295459,-0.17506973,-0.023491504,0.02752339,-0.24086644
-0.0056566657,-0.10696328,-0.22707105,-0.08467653,-0.35198554,-0.10331304,-0.19075017,-0.12823454,-0.00041988958,-0.04608917,-0.29361266
-0.002094979,-0.108769834,-0.22943805,-0.08945764,-0.3561614,-0.09455211,-0.25862116,-0.12924151,-0.017243523,-0.06690604,-0.30147645
0.049355067,0.09985629,0.043174196,0.018262904,0.03615081,0.09351031,0.03705478,-0.09681144,0.17566746,0.09098136,-0.07244205
0.038091727,0.3808915,0.08595552,0.029937796,0.10806176,-0.12547135,0.017490312,0.08737933,-0.06967382,-0.011647154,-0.020207364
0.03149525,-0.012334484,0.06342402,0.04290566,0.05123701,0.031464584,-0.018540958,-0.03286385,0.053641174,0.011166057,0.17779073
-0.05949212,0.20110251,-0.15227206,0.22328499,-0.0070803897,0.056470737,-0.045266222,-0.2192639,-0.044340122,-0.06118534,-0.28019798
0.007774789,-0.16553874,0.046302985,-0.19581847,-0.16735289,-0.066654816,-0.14612757,-0.06437624,-0.0057672923,0.0203165,-0.24306884
0.0076034996,-0.16355878,0.034841776,-0.19529954,-0.16730562,-0.069193386,-0.15695468,-0.062428433,-0.005122808,0.019182194,-0.24366568
-0.052370038,0.030409003,0.03929648,-0.2863923,-0.01055221,-0.74966705,-0.044451464,0.025181908,-0.046924014,-0.01938139,-0.022194894
0.06211035,0.02054278,0.024266245,0.0348776,0.029492911,0.10217711,0.08070275,0.20459054,0.2555534,0.03736566,0.39880908
0.060851943,-0.0015558144,0.0072920467,-0.05676046,0.044666957,0.10526774,0.12710162,0.08410433,0.35777733,0.049521804,0.08012146
0.028502427,0.06518791,0.05061722,0.060074512,0.013919799,0.076380834,0.023820622,-0.09567504,-0.026687592,0.04495731,-0.15279457
-0.002505648,0.27536696,0.046341687,-0.0564235,-0.10700369,0.08830902,0.04763756,-0.009155844,0.011740482,0.041860048,-0.19104595
-0.0024560373,0.27562323,0.04622985,-0.055671737,-0.10811438,0.0947411,0.048976675,-0.008808695,0.011811083,0.038677294,-0.19069295
0.014653105,-0.47997057,0.02862843,0.2350648,-0.07830384,0.07034287,-0.13282934,-0.21569799,0.039097372,0.018430978,-0.32268703
0.034751277,-0.0818051,0.048134625,-0.063374124,-0.14608952,0.06453867,-0.19762799,-0.22398596,0.005712308,0.057078034,-0.10075771
-0.07922606,-0.16702871,-0.013986974,0.13000132,0.0029631497,0.032139577,-0.12605345,-0.12855847,-0.03394026,-0.047761258,-0.17754678
0.03611076,0.09764286,0.06635793,0.061091278,0.04836038,-0.19952102,-0.00049152225,0.118395485,-0.049618453,-0.02028552,0.27117768
0.030876685,-0.021424634,-0.0010971318,-0.08743016,0.082133,0.036493797,0.028629724,0.11168492,-0.09674943,0.010700842,0.3004944
-0.010881129,0.2799071,-0.01855579,-0.08227569,-0.017664868,-0.08695355,0.04811588,0.046999086,0.012728101,0.06688917,-0.00788216
-0.41638428,0.12668006,-0.0075745387,-0.13296941,-0.0492737,-0.3027061,-0.050527338,-0.14522792,-0.081882246,-0.0008656724,-0.23759492
-0.33439428,0.15685174,0.016134325,-0.12617528,-0.025909794,-0.29763827,-0.041045077,-0.1425972,-0.08714734,0.0129956845,-0.11724527
0.07563865,-0.015913483,0.0634478,0.06927233,0.057899665,0.1395783,-0.14496672,-0.081679866,-0.018448628,0.0504109,-0.18984973
-0.14252782,-0.08824312,0.070314296,-0.010522126,0.081144705,-0.25384894,0.093970254,0.051779486,-0.18362243,0.07840535,0.3647954
-0.38931653,0.1623308,-0.038702928,-0.11411597,-0.03842786,-0.12560552,0.058793902,-0.14288387,-0.05261543,0.054288037,-0.29047474
0.011246756,0.06862735,-0.17298368,0.04972177,0.0143800685,0.07062194,-0.112099305,-0.115106896,-0.04351244,0.0035879726,-0.26017147
0.0071324487,0.013305905,0.0025594563,0.053882282,0.087861285,-0.001246159,0.046825364,0.15349095,-0.06190666,0.0053532454,0.59287596
-0.04638394,-0.072849326,0.0654439,0.06218192,0.09439565,-0.061912484,0.03284691,-0.11957887,0.1713922,0.012066628,0.1877806
-0.0027151885,-0.41876793,-0.20675029,0.24522479,0.06064131,0.06510542,-0.019975942,-0.16000366,-0.035456147,0.03088176,-0.22455546
0.024075542,0.045564193,0.047122072,-0.021973543,0.0693533,-0.12432994,0.015935227,-0.13644439,0.09628009,0.06721308,-0.11685085
0.058473602,0.21987768,-0.010849723,0.06251348,-0.029939113,0.10451195,-0.15707843,-0.15385664,0.10153291,0.0914861,-0.1432159
0.06090133,-0.11177407,-0.0044465666,0.09961936,0.0496389,0.085914895,-0.07104725,-0.13280648,-0.0071103834,0.021137105,-0.23835787
-0.017358983,-0.106477104,-0.22733043,0.04754434,-0.39904433,0.050681036,-0.13157463,-0.2085527,0.034030188,-0.12697084,-0.31635574
-0.016419243,-0.12706186,-0.21492906,0.042787634,-0.38524276,0.046256952,-0.19865666,-0.18528616,-0.062542945,-0.09650827,-0.34599683
-0.034934785,0.032981336,0.051689483,-0.0075087026,-0.11265324,-0.11319577,-0.044891886,-0.08885448,-0.07730964,0.023703042,-0.18683913
0.05790069,0.2201748,-0.009220414,0.059212726,-0.033318263,0.10528411,-0.15717997,-0.15509725,0.1001893,0.09068858,-0.1443772
0.033707548,-0.41521898,-0.18528742,0.20448646,0.047160536,0.047029782,-0.07895488,-0.142312,-0.033749443,-0.029620375,-0.25324202
0.0041016787,-0.08958185,-0.16379364,-0.26114053,0.05362659,0.006780356,0.04879567,0.0011125728,-0.059344437,-0.035553034,-0.23360701
-0.04431087,-0.06835502,0.02944057,0.01918999,-0.2641034,0.041685697,-0.10472531,-0.17329551,0.05532602,-0.005681829,-0.28791282
-0.0051363856,-0.031112518,0.026044687,0.15930274,0.07337251,-0.014012714,0.073466904,0.07951104,-0.047677185,-0.03629022,0.6383315
0.003264888,-0.05093858,0.047700368,0.098230965,0.013562099,0.09744615,-0.13310073,-0.15804033,0.03473395,0.053472977,-0.24837333
-0.006256046,-0.031099277,-0.16411711,0.04721781,-0.32973355,0.0586005,-0.12043775,-0.18094201,-0.015335207,-0.05856919,-0.33475286
0.0139980195,0.064350486,0.043492734,-0.011698083,0.08617301,-0.23716296,0.062124185,-0.11993988,0.14360382,0.037031185,-0.13760719
0.08202352,0.0650468,0.015035525,-0.10318587,-0.011290709,0.07749498,-0.07322212,-0.002678397,0.05325291,-0.000308126,0.145811
0.072331846,-0.117585085,0.07113159,0.06456384,0.011759642,0.142863,-0.049041964,-0.10314353,-0.03083882,0.03664501,-0.2094732
-0.015191374,-0.06693033,-0.16591954,0.055677988,0.008060547,0.097441845,-0.12478657,-0.1449925,-0.054013435,-0.03594343,-0.29166672
-0.014727115,-0.10287214,-0.191087,0.0736965,0.004640895,0.06695992,-0.12502533,-0.09020487,-0.04714753,-0.03849214,-0.32621735
-0.021548564,-0.058943994,-0.16416636,0.05636087,0.019416932,0.08753916,-0.12422417,-0.14838229,-0.051031034,-0.033952568,-0.2824219
0.0495171,-0.13669997,-0.12307434,0.3395371,-0.055938788,0.07379188,0.010747734,-0.11937764,-0.017033668,0.010230269,-0.2407918
0.0010544994,-0.117064714,0.09959515,0.14558522,0.051043477,0.1001167,-0.105268516,-0.11035276,-0.031669024,0.042684916,-0.16332683
0.007667791,-0.10639588,0.02806911,0.019728543,0.06702268,-0.4770448,0.0136670675,-0.14826205,-0.06342917,0.013179806,-0.21053177
0.007513364,-0.21271177,0.080924295,0.08255644,-0.076107055,0.063115194,-0.09080765,-0.17169675,-0.030949589,-0.033847228,-0.3046002
0.05814567,-0.025762312,0.06976577,0.006685635,-0.10781462,0.077309005,0.018240185,-0.04571799,-0.0017592247,0.02796889,-0.19980402
0.064982444,-0.047645964,0.004008474,0.07144288,0.07526576,0.09203076,0.11603424,-0.20434594,0.21701147,0.058362443,-0.1930909
-0.0022626228,-0.20362206,0.0040261606,0.024728274,-0.13117087,0.07411687,-0.0040371367,-0.07542659,-0.041277725,-0.013710759,-0.23894116
-0.007365835,0.07927316,0.05547739,-0.07462864,0.014807711,-0.25302204,0.004693812,0.049546182,-0.07462284,0.1704041,0.11156626
-0.07582122,-0.15220211,0.08333818,0.1816216,-0.19657241,0.0578815,-0.07441262,-0.21248323,-0.019067822,-0.009189663,-0.25567716
0.020950038,-0.18837689,0.038558036,-0.052502923,-0.13125,0.071075924,-0.16560723,-0.008950935,-0.045197822,0.06392351,-0.201817
0.020934049,-0.15583795,0.025671596,-0.041596252,-0.12806836,0.06611838,-0.12943125,-0.007880995,-0.04658864,0.061099283,-0.20121925
0.021210626,-0.18869886,0.039294764,-0.05284585,-0.13156232,0.07254542,-0.13770479,-0.009430319,-0.04519183,0.06536608,-0.20106898
0.046994064,-0.053179365,0.0032591133,0.079317085,0.051238377,-0.0861942,0.067835204,-0.16836762,0.23137903,0.08811314,-0.2068453
0.055136852,-0.0040912405,0.05369231,-0.079349354,0.02883323,-0.16571325,0.08312172,0.026286123,0.21070682,0.05278032,-0.023328707
0.034280013,-0.016523646,-0.016754633,0.020030504,0.021479387,0.17145582,-0.13047516,-0.047039732,0.20194197,0.051521156,-0.06752469
0.0021635676,-0.31079084,-0.15355335,0.108238086,0.11933376,0.08128907,0.019745696,-0.18783528,-0.008746144,0.004676417,-0.3057529
0.08108958,0.09187684,0.047662646,-0.0811515,0.104400575,0.07655098,0.04693186,0.01984063,0.22964272,0.033058748,0.117473714
-0.01091769,0.037155934,-0.0043321783,-0.07373113,0.10177395,0.07874731,0.04585584,0.02330266,0.1384407,0.05228313,0.0242348
0.011935016,-0.12783521,0.041388147,0.07440386,0.096965164,0.07388022,-0.2198297,-0.1806336,-0.0019540584,-0.008842264,-0.30394098
0.052939672,-0.14036965,0.049099173,0.14709559,0.108753026,0.103531145,-0.103079736,-0.1402341,-0.011975738,0.08480324,-0.22646452
0.058641706,-0.13181208,0.045172635,0.10663757,0.10056044,0.09653199,0.0152018005,-0.15900096,-0.058388602,0.035649225,-0.094228536
0.024941752,-0.16338047,-0.04169182,0.091582544,0.025971653,0.061294027,-0.02798096,-0.20970428,-0.013155277,0.0022266414,-0.3119115
-0.024431497,-0.04820689,0.054505896,-0.045390613,-0.11354813,-0.34563622,-0.012059346,-0.123036996,-0.05855335,0.02079847,-0.18608749
-0.06541093,0.02865281,0.055381726,-0.05654843,-0.1237942,-0.2897342,0.0030342373,-0.1113099,-0.05958849,0.012543249,-0.2074667
0.04529684,-0.024495387,-0.00441951,0.14462379,0.11482047,0.1017922,-0.13613473,-0.16463062,0.18211378,0.09177217,-0.08354635
-0.03443313,-0.04133145,-0.18368107,-0.18738969,-0.11762049,0.06794916,0.07407534,0.046934314,-0.025800195,-0.040962968,-0.30113217
-0.05988391,-0.11348195,-0.19860627,0.12297996,0.018669678,0.067567565,-0.058780126,-0.23773815,-0.071359225,-0.04686937,-0.36083654
-0.06169139,-0.08636509,-0.1901106,0.09960568,0.017800737,0.0810018,-0.03931743,-0.22985391,-0.06263237,-0.047923744,-0.3584949
0.024658265,-0.082078725,0.033131357,-0.07907715,0.069107346,0.024522929,0.11833694,-0.058408912,-0.061022047,0.06054016,-0.10639968
-0.0028310101,0.21062654,0.032526903,-0.33042952,0.037322436,0.018611666,0.06544902,0.01632139,-0.00782547,0.033511903,-0.096662745
0.019421384,-0.12152021,-0.25427723,-0.10070131,-0.012966711,0.067098625,0.08887031,0.024693824,-0.053584713,-0.043975394,-0.24398206
-0.03976566,0.011448874,0.036103383,-0.15797539,-0.00631428,0.061388627,-0.12355244,-0.068212576,-0.016236503,0.021890754,-0.242214
-0.00064730115,0.055130966,0.038398903,0.10190531,0.21799526,0.00379771,-0.030108085,0.07442095,0.29224074,0.025841244,0.23947038
0.020847693,0.0882952,-0.15408424,0.15305308,0.09395442,-0.18063147,0.11528361,-0.11579588,-0.027011437,0.0035225304,0.061159253
0.003590596,-0.11281204,-0.12403345,0.16486493,0.017926227,-0.041544452,0.03326526,-0.17351837,-0.01996682,0.01069215,-0.11047385
-0.003040283,-0.051503554,0.0717194,-0.067522734,0.06749115,-0.07414515,0.061952792,0.23392995,0.10956211,-0.035134945,0.24200399
0.007643578,-0.45244166,-0.16423695,-0.12128377,-0.10221278,-0.102134064,0.054832898,-0.07060041,-0.05077211,0.030172056,-0.18356147
0.029847313,-0.14534362,0.04841733,-0.05085672,-0.08702901,0.11801136,0.017199976,0.008225861,-0.028410198,0.022307837,-0.28493768
-0.032381717,-0.064818636,0.029026425,0.050307203,-0.018002162,0.070314646,-0.06220109,-0.10797532,-0.034601644,0.004818711,-0.22776324
0.050229248,0.03196801,0.06207653,0.1578186,-0.11221075,-0.113354415,0.029331371,-0.1823539,0.08582194,0.039924994,-0.27122912
0.007858985,-0.17117585,0.035541628,-0.1895689,-0.01664943,-0.08667549,0.058919713,-0.008288745,-0.12739477,0.07942551,-0.12239701
-0.012453821,-0.08150218,0.018564478,-0.0104193995,0.0102332635,0.08190965,-0.12306485,-0.06854268,-0.037256736,0.026784088,-0.22183947
-0.03364181,-0.018638266,0.029394085,0.06741197,-0.027940074,0.07848644,-0.145287,-0.109010406,-0.04073714,0.0074061016,-0.2438729
-0.01842329,-0.13477357,-0.15330338,0.046889786,-0.09734877,0.07492051,-0.09592839,-0.15709639,-0.04525211,-8.815357e-05,-0.3363746
0.06514976,-0.079912715,0.033470694,0.06857072,0.015829409,0.14371619,-0.1498965,-0.108609416,-0.025860531,0.036989957,-0.15660873
0.034501072,0.024045877,0.07078981,0.1031333,-0.15943635,0.050587993,0.054034825,-0.22099262,-0.0057319934,-0.026230529,-0.2891865
-0.031445846,-0.059177957,0.057152368,-0.10048904,0.07305556,0.022443913,0.061782654,0.16165583,-0.16066252,0.025369236,0.24171285
-0.0008524659,-0.10857232,-0.012676559,0.09334998,-0.14023106,0.06618411,-0.05950879,-0.17203444,0.009040201,-0.0056537455,-0.27034366
0.008555064,-0.0950477,0.07108721,0.13014273,0.13867916,-0.29172125,0.047076527,-0.10763106,0.115928665,0.053322546,-0.15844621
-0.13739634,0.103912376,-0.039383322,0.00037493976,-0.09666537,0.057007484,-0.19972955,-0.09936164,-0.02598662,-0.011284257,-0.20680682
-0.11061425,-0.1829497,-0.1753865,0.11011074,-0.1446174,-0.09750743,0.005652777,-0.2059034,-0.034838226,-0.017210526,-0.2474029
-0.023930639,0.19022788,-0.16208734,-0.08871362,-0.018830117,0.08684749,-0.014689847,0.023365662,-0.040996876,-0.019316988,-0.05319471
-0.08460805,0.07008125,-0.048250645,0.11588128,0.059555054,-0.31545794,0.08533483,-0.24310918,-0.032165207,-0.022369178,-0.053674694
0.015465942,0.08063554,0.03833917,0.009049645,-0.01697556,0.051341865,-0.0049396446,-0.19485047,-0.04468451,-0.011220561,-0.28197747
0.014367473,-0.0044962736,0.042621523,0.109506816,0.041787345,0.09921269,-0.16587692,-0.083782054,0.084905386,0.009702577,0.1680152
-0.0155754555,-0.12446587,0.03638129,0.026739737,0.064101055,0.085849725,-0.13729486,-0.106455885,-0.06622102,-0.009682832,-0.24192704
-0.05378546,-0.14295696,0.040084865,-0.12536108,-0.027581213,-0.39695746,0.04337354,-0.1701694,-0.05352101,-0.01666152,-0.21500719
-0.011343637,-0.12922461,0.08452563,-0.001388202,-0.096533604,0.14045703,-0.06037132,-0.064012505,-0.02965782,-0.036428567,-0.24092439
0.053504538,-0.17351367,0.039052483,0.3712288,-0.08540901,0.06901532,-0.08893189,-0.16324715,-0.015993567,0.04475535,-0.29238102
0.0114947185,-0.1505747,0.029985731,0.06355801,0.02287442,0.098444015,-0.049259618,-0.0975999,-0.044420335,-0.0022277946,-0.2304973
0.040333427,-0.022994246,0.04198365,0.092123866,0.064856835,0.10360659,0.03840505,0.058737915,0.15303238,-0.061329212,0.46149844
0.02093218,-0.038019836,-0.025940822,0.11018582,0.013922943,0.085583106,-0.13759834,-0.18640976,0.07715504,-0.048138708,-0.21939181
-0.014301784,-0.10969653,0.015109887,0.11239329,-0.11098272,-0.16203344,0.03238415,-0.166659,-0.008924125,0.023273725,-0.3044958
-0.024516204,-0.05664806,0.061868604,0.06328356,0.012589065,0.072285496,-0.119415864,-0.0931175,0.03834031,-0.020503493,-0.2970567
-0.02735034,-0.13135432,0.026948445,0.11739003,-0.052438974,0.12914756,-0.04566907,-0.16686071,-0.020843718,0.092601895,-0.30089664
-0.017625928,0.25169894,0.06600707,-0.25456205,-0.00043321753,-0.058022633,-0.034475643,0.10950782,-0.003641396,-0.0033305543,-0.12792352
0.00968259,-0.113540426,0.039313555,-0.12798026,0.07487219,-0.2856226,-0.0018902558,0.031247023,-0.037949223,-0.008496141,-0.23907992
0.050877087,-0.02755095,0.036808345,0.07950775,0.09233495,0.105616026,-0.0034727168,0.069709234,0.20548806,0.033759832,0.493301
0.055067375,0.4046999,0.08439316,-0.0054121306,0.1125963,-0.06503231,-0.04174388,0.18884103,-0.121789984,0.009696192,0.2725362
0.014879997,-0.13437596,0.04947875,0.024458444,0.08150748,0.10141227,-0.023616208,-0.082354724,0.043769576,0.073946275,-0.16897145
0.052688364,-0.18514901,0.066691235,0.1868551,0.08650405,0.12563296,-0.09612434,-0.15006067,-0.03829284,0.05831656,-0.20496395
-0.041414883,0.031879712,0.013478922,0.054369524,0.009788762,0.09309441,-0.13357425,-0.17136726,-0.06960496,0.017424488,-0.30134773
-0.030639643,-0.12261218,-0.12637557,0.14036867,-0.11622386,0.037610114,-0.080085404,-0.22192451,-0.034367293,-0.019863477,-0.27965045
0.08461788,0.0918084,0.046391815,-0.08338318,0.039919436,0.06840963,0.026901025,0.18230191,0.25227517,0.10511081,0.12370834
0.10398559,0.30710265,0.007807521,0.06613062,0.074607395,0.08114708,-0.027559362,-0.0675203,-0.017592678,0.040591337,0.006499024
-0.010728951,0.09565801,0.021623282,-0.034786403,-0.1257299,0.07682335,-0.07871025,-0.0003199143,-0.06954849,-0.045415483,0.08600369
0.05615427,0.2111576,0.033118438,-0.11464959,0.06426775,0.08672313,0.02974297,0.0349508,0.03380909,0.034687515,-0.09379784
0.01627884,0.1528051,0.026845533,-0.10670053,0.07351177,0.011114991,0.03520637,0.03899063,0.16606894,0.04440141,-0.21087794
0.019593988,-0.12420903,-0.24352734,0.18712322,0.024149418,0.039709315,-0.0031276483,-0.17931174,-0.089653485,-0.059763703,-0.3182685
-0.045142155,-0.09046423,-0.20670563,-0.05242151,0.12188294,0.12512496,-0.032544337,0.047238607,0.19495924,0.12091664,-0.029501209
-0.00466308,-0.30864465,0.029633561,0.08276173,-0.04572985,-0.5196792,-0.11505395,-0.15927874,-0.037663676,0.0038415033,-0.2532172
-0.02331927,0.06522429,0.034891665,0.08535667,-0.0519407,0.08642588,-0.0013830252,-0.11162523,-0.07188544,-0.16573642,-0.06643509
0.0392684,0.11050889,0.050898727,-0.061810356,0.0148393465,-0.08765807,0.16380902,0.034769747,-0.054841813,-0.016796038,0.04389619
0.00738192,-0.010043998,0.027018154,0.07227409,0.110209845,-0.075845435,-0.03162346,-0.081600904,-0.055702917,0.023244865,-0.061597865
0.06163028,0.040525887,-0.022219537,0.24164492,-0.00047487929,-0.07809885,0.036262926,-0.1964348,-0.0071996935,-0.018077804,-0.23713203
-0.026294416,-0.045646768,-0.20505543,0.07423784,0.10914099,0.093248315,0.038663287,-0.07918257,0.017801702,-0.03891839,-0.27103516
-0.0013142742,-0.03982594,-0.21656074,-0.104100585,0.13329688,-0.09779342,0.020991363,0.03199436,0.24330114,0.025381338,-0.18731605
-0.0011419789,-0.13141312,0.023897216,0.09773159,0.081821986,0.059890572,-0.15616268,-0.19699256,-0.043987118,-0.012766401,-0.14827186
-0.017278684,-0.08188736,0.018359425,0.14038254,0.08408537,-0.13441074,-0.03797246,-0.2291722,-0.033401202,0.0043754242,-0.119864225
0.002554016,-0.09658261,0.044169687,-0.06281333,0.09073887,0.06575682,0.07347488,-0.0031592548,-0.14954391,0.006234755,0.14173976
0.013551436,0.06612946,-0.059261434,-0.09926402,-0.011126815,-0.11940416,-0.007124123,0.003479509,0.015010344,0.0076441555,0.14140452
0.011514341,-0.21186978,0.026117014,0.06984209,-0.020441335,0.014044345,-0.16759035,-0.17924017,0.058345407,0.0304246,-0.25827965
-0.0015225615,-0.13810115,-0.20193705,0.006082612,-0.14157233,0.02912552,0.09751761,-0.0661002,-0.03998341,-0.0067984955,-0.29707065
-0.029761376,-0.027479885,0.047943175,0.088262,0.019722123,0.10686614,-0.07502274,-0.106399715,-0.036918208,0.016362384,-0.24588704
-0.0016817297,0.24067514,-0.046569876,0.132385,-0.07784065,0.092123665,-0.07856829,-0.18059982,-0.003193265,0.07235238,-0.21719362
0.02785255,-0.14952403,0.033627305,0.19593793,-0.029473953,-0.4611561,0.025408026,-0.13693054,-0.014721999,-0.010301054,-0.28185466
0.020325406,0.3812983,0.02250778,-0.05050445,0.023061976,0.20134671,0.02011902,0.17310888,-0.033661615,0.19964026,0.12791622
0.018276058,0.23765098,0.025903663,-0.13298154,-0.0029773954,0.2258892,0.03302267,0.16081297,-0.073772654,0.20046496,0.12340093
-0.07056224,0.04104367,-0.13081537,0.16114429,0.04355383,0.09399732,-0.07291096,-0.25748593,-0.07470848,0.003975427,-0.33228835
0.0023659647,-0.023360638,0.012332781,-0.11798802,-0.11797327,-0.092863366,0.041321836,0.03454122,-0.04938175,-0.012635621,-0.23500462
0.035787594,-0.08055693,0.011777674,0.026770622,0.077817716,-0.34779108,0.025446046,0.19940402,-0.041740406,0.0016508813,0.12658505
0.024600375,-0.09820958,-0.13843502,0.09958243,-0.1232859,0.06869267,0.035981942,-0.1608804,-0.0044372124,-0.0400137,-0.23597355
0.03703869,-0.0575627,-0.08693427,-0.1076277,0.049466904,0.07277685,0.018894466,0.03729612,-0.054477625,-0.033720873,-0.038125724
0.049094185,-0.13954589,-0.17653778,0.21529578,-0.0012670079,0.030538365,-0.015348599,-0.16472231,-0.008229248,-0.023777653,-0.25279355
0.050774578,0.05414804,-0.016516518,-0.05481684,0.18385409,-0.11959978,0.01732933,0.19577901,-0.032389205,-0.0138165485,0.33461437
0.043043848,0.029153336,0.050530974,-0.08067382,0.07265219,0.1130856,0.030772299,0.024347082,0.16592091,-0.047795728,0.152925
0.0044241236,-0.080566496,0.04992389,0.08631475,0.027455032,0.0985076,-0.13809781,-0.113718525,-0.052283026,0.016851693,-0.23093557
0.031045364,0.057382353,-0.04115449,0.07528417,0.098233424,0.00601706,0.040183425,-0.15808834,0.111828946,0.09793355,-0.04493063
0.05530536,0.1561779,0.053845678,-0.20265925,0.0012925277,0.0344162,0.04553863,0.16834927,-0.07898746,-0.06341777,0.32065678
0.042765904,0.22363637,0.06957296,-0.19055863,-0.059581067,-0.42993176,-0.16113627,0.04880849,0.08681434,-0.049367372,-0.17998153
-0.01299816,-0.102664195,0.043808617,0.0020580338,0.09529072,0.08154962,-0.14296202,-0.08963384,-0.069283225,0.0020307938,-0.256158
0.0042828303,-0.005231079,-0.06570961,-0.062032163,-0.0034424472,0.098508395,0.010281784,0.032407124,-0.07350478,-0.022861833,-0.038787648
0.028157506,0.25340924,0.01307243,0.14513992,0.021670062,0.03671172,-0.044589277,-0.1675401,-0.03154948,-0.05145726,-0.31230116
0.000571382,-0.08132815,0.045331586,0.073773384,0.046330903,0.098639995,-0.111155055,-0.15170074,-0.061954815,0.02105578,-0.28228763
0.011062213,0.007227467,0.046479292,0.060586434,0.05117111,0.08944997,-0.18093881,-0.11958542,-0.06730991,0.012195615,-0.22510137
-0.07404834,-0.008706604,0.046567615,-0.10956105,0.15615635,0.15967917,0.0100848405,0.18171003,0.23506188,0.06706514,0.5040223
0.018630823,-0.07310358,0.09780803,-0.058886893,-0.074691474,0.11391844,0.036710013,0.093174204,-0.033292882,0.017942555,-0.2735833
-0.02667581,-0.17357646,0.0041786483,0.05359779,-0.1341002,0.07372001,-0.091212295,-0.19006251,-0.013296554,0.006945741,-0.09896611
0.047802832,0.41992134,0.103613436,0.24470854,-0.027973717,-0.026462972,-0.033451173,-0.10624191,0.036664914,0.018255081,-0.10718762
0.02336397,0.3051941,-0.00073769945,-0.48561886,0.05936202,-0.0060152845,0.09947679,-0.0013562683,-0.01352681,-0.05251603,-0.2135726
-0.016906092,-0.69483685,-0.20195623,-0.1675721,-0.13648775,-0.00046602657,0.021252926,-0.05433433,-0.04695622,-0.003259238,-0.21668054
0.05330021,0.3805074,0.06294855,0.18080834,-0.1042988,0.08647438,0.029910194,-0.20223752,0.07616611,-0.06445778,-0.1317327
0.03929099,-0.019483916,0.046937756,0.11447391,-0.08191132,0.019409629,0.06703856,-0.16460113,0.24281827,0.096692294,0.2559563
0.022760091,-0.15600474,0.056967385,-0.09875644,0.06111954,0.08272807,0.012722449,-0.019034376,-0.07349581,0.02609774,-0.03262069
-0.03646372,0.041747056,0.04905768,0.049669456,-0.040774547,0.085161455,-0.014048458,-0.106598295,-0.074623376,-0.065040424,-0.056387868
0.009964582,-0.03840278,-0.15514053,0.049068775,0.14777377,-0.24510954,0.002237982,0.21780793,0.14427073,0.15617788,0.677031
-0.048704784,-0.27506745,0.0054640546,-0.26343098,-0.012156955,-0.1591442,-0.006900631,-0.06266306,-0.14094537,-0.025497846,-0.11412809
0.020715788,-0.09957979,0.03657421,-0.028459255,-0.008210707,0.06606537,-0.16638173,-0.086909555,-0.029341603,0.03229088,-0.18586293
0.0024007764,0.042465772,0.03163757,-0.09389108,0.04692965,0.12962393,0.054788455,0.11363243,-0.09148171,0.08047152,0.11382365
0.02431183,-0.11485475,0.06503971,0.08131732,0.13501781,0.10173553,-0.12389409,-0.20496942,0.07961951,0.07887336,-0.33946824
0.04310858,0.40613276,0.009380016,-0.05120358,0.034064863,0.14395815,0.04382046,0.15923603,-0.07478157,0.15783723,0.12219651
-0.01930106,-0.059794873,0.034013364,0.039283957,0.14412126,0.0811248,-0.11207286,-0.19164948,-0.043075107,0.09340079,-0.3454676
0.044427853,-0.04008672,0.058114193,0.026552038,0.05484246,0.1364772,0.059626903,0.09744169,0.104627885,0.075659916,0.23103774
0.04615022,0.05880385,0.08608212,-0.22052205,0.19606909,-0.6910145,-0.08913707,0.21714011,-0.02282762,-0.046349514,0.23796038
0.038230643,0.06103057,0.03543546,-0.018043641,0.0756896,-0.052059658,0.0005271311,-0.04325303,0.18831189,0.02751869,-0.08106528
0.028557774,-0.00030029225,0.04926855,0.07315343,0.14910582,0.11020559,-0.11515167,-0.08850819,-0.030116873,-0.002750817,0.020246709
0.015670389,0.01549684,0.04332176,0.08529396,0.14301682,0.107431635,-0.059284817,-0.08939761,-0.027691584,-0.008824821,0.002364247
-0.01520932,-0.096106336,-0.02866036,0.10027575,-0.11744111,0.06439013,-0.11445597,-0.16226168,-0.035965092,0.068917066,-0.2983743
0.009619186,-0.12427066,0.04851133,0.05110979,0.052694984,0.10250426,-0.15518504,-0.14229666,-0.06337343,0.02106835,-0.27618757
0.021450657,-0.118278846,0.025936717,0.10101138,-0.10559221,0.07147493,0.018674573,-0.22082111,-0.026295496,-0.039855007,-0.31348324
-0.07291638,-0.04642538,-0.04328762,-0.022437613,0.10763416,-0.0700747,-0.07510744,0.13963121,0.11644563,-0.062931895,0.23591016
0.030692497,0.25048214,0.064697914,0.32884887,0.06726471,0.11654299,0.09196145,-0.18773708,0.047546238,0.111515105,-0.09526566
0.030890808,0.009748295,-0.16849002,0.019300656,0.10775537,0.1276999,0.10386191,0.16254936,-0.08875705,-0.03947808,0.17083034
0.027559513,-0.102543026,0.038333327,0.053070646,-0.118751995,0.07313925,0.006146423,-0.09644037,-0.0042108465,-0.019813288,-0.2887746
0.0056308876,-0.124676324,0.08525474,0.1034887,0.031392157,0.054639265,-0.024713114,-0.18707468,-0.026198944,-0.04877205,-0.3072438
-0.13852386,0.19463892,-0.25213736,-0.179713,0.04787154,-0.023777861,0.01761047,0.03781882,0.02811055,-0.11103007,-0.54412574
0.10543638,0.06215871,0.00035421675,-0.053512495,0.08405122,0.10560107,0.07310943,0.056625772,0.29348373,0.048498556,0.04209553
0.06464209,0.112730674,-0.17203923,-0.066812634,0.07493434,0.12672067,0.12341229,0.032874323,0.1980277,-0.047028247,0.06773331
0.04816923,0.042819496,-0.038359903,0.107110694,0.092228204,0.093684025,-0.16361903,-0.18183355,0.15580079,-0.04786478,-0.06681314
-0.018801522,-0.6181228,-0.26667935,-0.24524969,0.0137944715,0.09258151,-0.14929534,0.029683635,0.18952888,-0.034182545,0.0012114729
-0.010116609,-0.03618937,0.007222028,-0.116999246,0.13676287,0.0020877626,0.06622784,0.061143678,0.046739545,-0.0262914,-0.095068455
0.053520657,-0.041622143,0.051822543,0.027896537,0.16037668,0.1501532,0.046141665,0.1652362,0.13720615,-0.00502209,0.23100655
0.00011307727,-0.13633147,-0.122584224,0.0962076,-0.15941961,0.07348554,-0.11592378,-0.18475297,0.034310747,-0.019199852,-0.36368302
0.036962744,0.022218356,0.08551697,0.13796557,0.052682083,0.06298733,-0.110196546,-0.20248221,-0.04656111,-0.050570093,-0.30052412
-0.08815973,-0.20346768,-0.20855726,0.38060933,0.036457844,-0.0050762137,-0.10931749,-0.1551594,-0.15563563,0.028350055,-0.24647035
-0.048031922,-0.10593646,0.011645714,-0.01315498,-0.30363327,0.034745265,0.043822695,0.20613025,-0.037091624,-0.039801925,0.48973003
-0.006826117,0.19788043,-0.009582186,-0.19834107,-0.032166086,0.09584399,-0.007547302,0.12498772,0.07216977,0.00632253,0.2229241
-0.044892713,0.18359128,0.0035460857,-0.19979373,0.046551198,0.057751264,0.016869381,0.14384256,-0.10480015,0.03780348,0.122742966
0.02611552,0.056448437,-0.010353579,-0.3081618,0.05515815,0.05190689,0.05940686,0.0878323,-0.09929057,0.08334026,0.15617609
-0.11049383,0.22079685,-0.010640058,-0.008853352,-0.00530032,0.0068826694,-0.042440392,-0.32454953,-0.09129629,-0.09846553,-0.14542721
-0.056426704,0.078877404,-0.0026462302,-0.005178937,-0.14567943,-0.23377553,0.040835906,-0.12679662,-0.047352042,-0.07329853,-0.21258752
0.0056223893,-0.14262366,-0.15410237,0.026698597,-0.04240779,-0.025674554,0.025232743,-0.08324671,-0.065367736,-0.037066363,-0.12154803
0.04750079,0.2820973,-0.012990018,0.07605511,-0.0028185884,0.08672977,-0.11040185,-0.13958113,-0.015997231,-0.015962308,-0.061903045
0.06342817,0.34942263,0.04968789,0.006415125,-0.039248284,0.1033661,0.0981584,0.09131012,0.1173283,-0.04960021,-0.11912966
0.04810128,0.24543071,0.13738796,-0.082036786,0.02314306,-0.32795092,0.11975121,0.122679695,0.11477624,0.13797489,0.10452048
-0.114747934,0.20382068,0.058454935,-0.3576371,0.01751878,0.06395275,0.07982463,-0.011545503,-0.073414266,0.013911646,-0.237231
0.027837368,0.08956014,0.06480925,0.24350736,-0.08342177,0.07534748,0.011465233,-0.22213985,0.07983284,0.06416031,-0.08455856
0.027670683,-0.13558193,0.04378771,0.06577692,-0.15906519,0.07417714,-0.034101028,-0.107741475,-0.011639362,0.0020818494,-0.2705724
0.019227704,-0.5127409,-0.0004953432,-0.0004513191,-0.16865353,0.00097362726,0.009577092,0.038107026,-0.047970675,-0.0042850953,-0.23330018
0.070163146,0.031796534,0.077089235,0.0007654683,0.19577473,0.091375746,0.006472435,0.19315436,-0.08132078,-0.11839114,0.6368344
-0.015875226,-0.092431284,0.09506069,0.11141137,0.017207015,0.061306626,-0.014653351,-0.17130579,-0.037209816,-0.05091341,-0.37652302
0.011267793,-0.12793869,-0.18107913,0.01702672,-0.29257548,0.0066733775,-0.11841383,-0.15513954,0.0533821,0.02403309,-0.27012017
0.0037411556,0.20171592,-0.19176607,-0.016458213,0.0559789,0.07386476,-0.2941908,-0.07547399,-0.04302794,-0.008572106,-0.1460307
0.00604312,0.07728397,-0.06230266,-0.015819907,0.04502478,0.110684305,-0.30367863,-0.11759457,-0.059300326,-0.12534426,-0.19607861
0.07152893,0.2705968,0.04627946,-0.12467442,-0.030889759,0.1480497,0.050110444,0.13111843,0.07681056,0.12132654,0.16545936
0.027543493,0.36770684,0.03799963,0.19317544,-0.08044783,0.16350609,0.015932476,-0.16747323,0.04587767,0.14500043,-0.07919853
0.028182242,0.24665757,0.035576675,-0.24344309,0.042387903,0.018111205,0.02384901,0.17960957,-0.13815583,-0.06823678,0.32472655
0.018979512,-0.15376979,0.038749594,0.0522216,-0.13588798,0.065253064,0.014324717,-0.104015015,-0.0113210725,0.0078003253,-0.28935575
0.012090707,-0.08687606,0.006653403,-0.10593233,0.009222431,0.13548586,-0.14921223,0.039013498,-0.07742899,0.03680136,0.18110736
0.041471392,0.08914819,0.05754817,-0.18334389,0.019140333,0.16645789,0.04211453,0.1529625,-0.0854547,0.07169099,0.029110242
0.092379086,0.5941036,0.033245213,-0.09617804,0.09900778,0.041719213,0.061649594,0.23073567,-0.029030578,0.05043992,0.16346188
-0.025764737,0.022717277,0.039390326,0.16329129,0.05332688,0.0876783,0.071462855,0.12160002,0.04407052,-0.061786618,0.38931978
-0.044279054,-0.118601836,0.06317534,0.049425773,-0.12326739,-0.18989247,0.0670149,-0.18233146,0.15727112,0.031985883,-0.27244672
-0.08337935,0.0048072073,0.020580875,-0.06070646,0.08918516,0.075319156,0.026420025,0.2051245,0.23690301,-0.066513464,0.693253
0.05328569,0.43380028,-0.0048098816,-0.08167388,0.062355183,0.0074853487,0.03535055,0.1358145,-0.053046763,-0.029838948,0.16407889
-0.14495797,-0.33282143,-0.009045605,-0.05908836,0.048903383,-0.16636285,0.10749473,0.07142109,-0.06340383,0.16586536,0.5644632
0.009560678,-0.044743307,0.045716017,0.058624048,-0.008504338,0.07227041,-0.118637815,-0.16616528,-0.042341344,0.019627616,-0.2982888
-0.093539365,-0.014982366,0.013477672,-0.05972973,0.08994445,0.07881049,0.034858234,0.20220067,0.27580044,-0.065252684,0.66179955
0.096051514,0.39004248,0.064605534,0.2779327,-0.031530876,0.08878343,0.105087444,-0.18274783,-0.027191292,-0.06254551,-0.19702096
0.07563241,-0.08549215,0.0992206,-0.012852919,0.008494035,-0.80466354,-0.12302446,0.13804759,0.015298494,-0.017560074,0.37415642
0.04136356,-0.07133664,0.0115317525,0.050581504,0.11559483,-0.016350813,0.09371897,0.019509533,-0.03433463,0.03988159,-0.07833272
0.04016236,-0.120537676,-0.001074858,0.050887074,0.1183184,-0.026011739,0.09273737,0.014696381,-0.041461576,0.04220699,-0.068373896
-0.05620421,0.28586653,0.0541397,-0.22722043,-0.043150347,0.017386619,0.08410155,0.14401372,-0.08235946,0.04009193,0.072491094
-0.018470548,-0.022728581,0.0429924,0.020084728,0.06937754,0.055319745,0.0145151485,0.09852002,-0.08991057,-0.093327485,0.2932231
0.017379133,-0.13137345,-0.18155673,-0.17836249,0.0006220009,-0.06701429,0.016992098,0.012078473,-0.0036149416,-0.023119422,-0.20744649
-0.0154660605,0.24356203,0.0819856,0.11063336,0.018752158,0.07108933,0.04812918,-0.15326819,-0.011915106,-0.048924923,-0.24138755
-0.012376394,0.053858057,0.020000294,-0.019145275,0.05172376,0.06954614,0.06857718,0.16108888,-0.11055642,-0.08873102,0.532088
0.053781662,0.31051707,0.08465974,0.12358718,-0.121802844,0.08336362,-0.00085837406,-0.14258783,-0.01825919,0.082677774,-0.23223102
-0.010852832,-0.10682368,-0.038371943,0.13791353,0.08852866,-0.21920562,0.056021027,-0.051862564,-0.011914965,-0.017339183,0.46916667
0.05514259,0.008040771,0.05547889,-0.08084287,0.025613632,0.09016108,0.10846179,0.020200256,0.19619505,0.00115944,0.1345611
0.060351994,0.15464684,0.07508204,0.017945165,0.058797505,0.07628122,0.14572121,0.12776566,-0.047669884,-0.020559208,0.1074136
0.016438153,0.055065863,0.036178764,0.052929007,0.017784402,0.08319319,-0.12491149,-0.15245537,-0.053482257,-0.043720394,-0.28434077
0.023648137,-0.11970388,-0.024164498,0.0016483986,0.015212293,0.029104795,0.09570839,-0.051679686,-0.06594197,0.010721529,-0.27723712
0.013519234,-0.06748439,0.057120223,0.13654144,0.10063752,0.03905027,0.0532332,-0.07419247,-0.076090805,-0.02374688,-0.0048152274
0.016904335,-0.10699485,0.05627482,-0.17978942,0.13165879,-0.0486439,0.005635709,0.010708812,-0.05457435,0.01089617,-0.2062303
0.028421292,0.0970655,-0.027869979,-0.055510357,0.07802132,0.07779249,0.040239938,0.04428564,0.055873405,0.04861377,-0.044146135
-0.07323248,0.011930694,0.05885666,0.13171756,0.05848191,0.017153379,0.07378171,0.027754175,0.031338714,-0.02158293,0.18171018
0.036523614,0.11802137,0.0017822116,0.16634364,0.010074508,0.053218838,-0.09635624,-0.17746757,-0.037993096,0.014193609,-0.2364612
0.02395593,0.18335776,-0.0050990093,-0.11212575,-0.0146314,-0.15866324,-0.01242273,0.036671124,-0.07400151,0.017151749,-0.0042878515
0.05152053,-0.04257997,0.061930176,0.068165265,0.16994032,-0.1471726,-0.01531939,0.14162804,0.0528949,0.08780308,0.2740432
0.020789582,0.011265794,0.039270673,0.08191613,0.08031053,0.062283814,0.0046342146,-0.22897948,-0.03281866,-0.064802736,-0.32038355
0.013088002,-0.04038608,0.04823501,0.05086486,-0.048635073,0.11518595,-0.11012923,-0.0891223,-0.018649159,0.046188988,-0.2634168
0.015426009,-0.036127053,0.059514917,0.05360634,-0.026605828,0.102155246,-0.10918157,-0.06803174,-0.01729606,0.04584744,-0.25405458
0.027965978,-0.09899689,0.05038255,0.15257147,0.032507043,0.09702474,-0.06878823,-0.1425652,-0.02014513,0.03436493,-0.19755782
0.020698763,0.08659864,0.04340067,0.060627963,0.020820282,0.0842252,-0.1037788,-0.15228283,-0.052535675,0.012618057,-0.28069615
0.010646387,-0.0020910464,0.034521032,0.216054,0.0417365,0.065198526,-0.123641774,-0.148138,-0.03023499,0.06687035,-0.3549024
-0.042395823,0.07078795,-0.20164156,-0.14566442,-0.046234954,-0.017023122,-0.0009877001,0.038483903,-0.007136226,-0.061322566,-0.17054959
-0.027914705,0.08743583,0.011651413,0.06303535,0.00715743,0.06319955,-0.123165816,-0.12100302,-0.069924265,-0.05057464,-0.28265238
0.016146248,0.060257938,0.03788724,0.060352873,0.021163108,0.076279014,-0.123817205,-0.14919078,-0.044963498,0.025753481,-0.27814868
0.04655079,0.034940276,0.056613702,0.08485815,0.02950003,0.10771284,-0.14256327,-0.11224771,-0.046319995,0.07559207,-0.16297896
0.031174997,0.23847552,0.055400223,0.10429477,-0.034242637,0.084459655,0.021246428,-0.084326714,-0.05828357,-0.04854967,-0.05498548
0.065521576,-0.08162873,0.06929271,-0.15084013,0.09976503,-0.08885749,-0.0076370225,0.06500374,-0.0774232,0.029871294,-0.17476603
-0.008702365,0.14419024,0.04934662,0.08911891,0.030456364,0.09558265,-0.031610712,0.02746534,-0.11349593,-0.023743859,0.037848197
0.0048602726,-0.02223618,0.051100656,0.08373628,0.123004824,0.1016012,0.053437255,0.20878765,-0.0601832,-0.0098497365,0.30448425
-0.021816263,-0.13152593,-0.091185,0.22805363,0.0048718997,-0.037914775,-0.064341746,-0.19445127,-0.08292075,-0.023445511,-0.29336354
0.029616758,0.007443616,0.06344313,0.1134742,0.06974122,0.12858148,0.053446658,0.110668726,-0.0356714,0.10850186,0.5285502
-0.007954828,-0.020098597,-0.02269376,-0.068676546,0.09526396,0.11453358,0.06499802,0.033343013,0.268509,0.032412674,0.028688168
0.024510156,0.049919304,0.01961456,-0.029539432,0.0075062863,0.078435525,-0.016393324,-0.3007724,-0.05254129,-0.06575619,-0.12668864
-0.032550585,0.090240896,0.06605385,-0.005099354,0.0719571,-0.050428975,0.08713645,0.027793376,0.18263891,0.020504007,-0.18962473
0.03692366,0.17614919,0.05482102,-0.10322923,-0.006430859,0.061500475,0.08729386,0.1355906,-0.057952076,-0.043912295,-0.030463628
0.029348698,-0.12563384,0.07834923,0.16203691,-0.097345404,0.08785459,0.034008577,-0.1322722,-0.020515848,0.034407135,-0.19740947
0.05573245,-0.07335301,0.06119049,-0.047815178,0.07055694,-0.008894507,0.05317114,0.20043185,0.06978432,0.082434796,0.19341233
0.014956074,-0.14851604,-0.14028159,0.033708338,-0.0812278,0.060031034,-0.061674852,-0.1657616,-0.024749039,0.008657982,-0.28395924
-0.0027515297,-0.25232854,0.0457799,0.03261428,-0.122794464,0.070806876,-0.07408185,-0.17885242,-0.022794325,0.009963255,-0.2442428
-0.021840837,-0.2016246,0.017033454,-0.017406082,-0.04452701,-0.34387133,0.04547647,0.019268189,-0.033608202,0.018957172,-0.22461243
0.038166396,-0.12866342,0.0681357,0.11168392,-0.024239594,0.11454728,0.03965456,-0.097709805,-0.020318646,0.01617382,-0.12277124
0.069193326,0.22176997,0.078368194,0.1351822,0.007309072,0.09680345,0.15134032,-0.09959453,-0.024918295,-0.028928043,-0.17354701
0.0056684404,-0.524919,0.024043966,0.19137435,-0.18969987,-0.020766648,0.05154247,-0.19952601,-0.044200245,-0.065005794,-0.24969096
0.031663697,-0.065812714,0.07080184,0.090757184,0.08333696,0.04655396,0.061798293,0.17307077,-0.037661362,-0.041493665,0.47401318
-0.04585595,0.17393978,-0.16985007,0.18526271,-0.021380046,0.0541513,-0.025377046,-0.16686901,-0.01890179,-0.055055957,-0.23459274
0.06916506,0.07758723,0.06337761,-0.005159511,-0.012369128,0.13523512,-0.005111248,-0.08439293,0.032246307,0.069730744,-0.2524141
0.0239346,-0.057942342,0.06669818,0.0060192645,0.033562105,-0.44988227,-0.07070053,0.101567484,-0.0069912174,-0.019692328,-0.05682883
0.014906273,0.009444332,-0.13599679,0.06630098,0.087875955,-0.17429577,0.07564426,0.17792614,0.0071102316,0.005376324,0.6669254
0.051951632,-0.107328236,0.052032087,-0.066829704,0.0006600675,0.10409237,0.022591423,0.112221844,-0.08206983,-0.039285954,-0.008112415
0.05060203,-0.05259276,0.06030762,0.096764274,-0.06957452,0.13553198,0.108856544,-0.15329623,-0.009446671,0.040018767,-0.19210874
-0.04092815,0.16948685,0.05522073,-0.017274702,0.05063303,0.30797002,0.09621129,0.19693822,0.17798704,0.5066388,0.3146049
0.02844815,0.09319721,0.06151969,-0.14545475,0.041954868,0.07743327,0.029932221,0.11232192,-0.07416676,0.018004682,0.18182147
0.007865995,-0.098380335,0.037038524,0.1151908,0.046921536,-0.21849594,0.034037437,0.06373276,-0.06412982,-0.023303151,0.5274094
0.007754309,-0.04850688,0.086633064,-0.03353333,0.10155929,-0.06182678,0.002980532,0.27646467,0.17942111,-0.027854526,0.33532807
-0.004725924,0.20616823,0.029610282,-0.4305468,0.07066597,-0.7601036,-0.06610582,0.14229475,0.018734163,-0.07352786,-0.06230369
0.022291787,-0.099540435,-0.20458958,0.025368307,-0.27433443,0.04405938,-0.06541101,-0.17621483,0.103597894,0.021718774,-0.30328858
-0.019641776,-0.17570671,0.05629305,0.10665614,-0.055810265,0.093271494,-0.010946862,-0.107425354,0.007794658,0.026607463,-0.16559863
-0.07201147,0.2511261,-0.0050084926,-0.019627582,0.06773017,-0.119159624,0.08595267,-0.1177399,0.060562115,-0.048295833,-0.3553647
-0.05998019,0.26490134,0.00036996324,-0.0007000698,0.09534088,-0.082886614,0.002120017,-0.09842271,0.07767308,-0.051239315,-0.30407622
-0.0036327208,0.2654255,0.031726222,0.050398167,-0.020933459,-0.023242852,0.0043413513,-0.0876327,-0.056855593,0.050859656,-0.10108793
0.0053127054,0.25062194,0.036642607,0.04037664,-0.10863746,-0.015919415,-0.017405178,-0.1196067,0.013133763,0.047789317,-0.12025795
-0.043102756,-0.046969056,-0.21846837,-0.12191044,-0.055603955,0.08788405,0.016639184,0.061413664,-0.043489482,0.0015009856,-0.3376797
0.0035018683,-0.18429212,0.031032328,-0.11526115,-0.055999093,-0.5280729,-0.016125066,0.038530894,-0.122454956,-0.043234378,0.01226416
0.02829651,-0.09362946,0.048668563,-0.25440896,0.042681944,-0.7613945,0.038451582,0.14327882,-0.04330413,-0.09564653,0.45654213
0.0679073,0.27894402,0.061098814,0.05956708,-0.057489466,0.07624883,-0.0019337295,-0.18209465,0.015825836,-0.07799448,-0.22154365
0.0100882705,-0.077977635,0.050098427,0.1989589,0.11086099,-0.12952858,0.06313571,0.10773602,-0.06894862,-0.024863677,0.15270029
0.042542774,0.10703565,0.001234274,-0.076305844,0.04342383,0.05760805,0.09606672,0.15105264,-0.1660439,0.07344029,0.15962055
0.0075080665,-0.043978836,0.039381277,0.5190942,-0.013041928,0.109999515,0.0037886314,-0.121919334,0.062918544,0.036629815,-0.22663309
-0.011445371,0.09598896,-0.069423564,-0.08089296,-0.13810663,0.08203325,0.06666509,-0.030473512,0.066922955,0.05252889,0.017306305
-0.011786605,-0.043336153,0.038087685,0.015417628,0.09634561,0.10163573,0.038046114,0.20296563,0.058285832,-0.04840537,0.6784364
0.007265326,-0.050113924,0.054395918,0.061432537,0.069906615,-0.01186745,0.07003565,0.10503681,-0.04159833,0.090660594,0.5502196
0.07055319,0.017283391,0.059997305,0.26149073,0.049975038,0.11698872,0.08880528,0.18108402,-0.0030836007,0.09611658,0.28270248
0.06195145,0.0046394533,0.06264753,0.2603418,0.04691279,0.08902867,0.0665001,0.17013587,-0.0023996262,0.08814372,0.23379232
-0.033115074,0.0568918,0.06135168,-0.08956009,-0.0014721677,-0.052788135,0.002230713,0.01795757,0.06569683,0.020412311,0.11981202
0.031956617,0.020835591,-0.021939628,-0.106313005,-0.0044340873,0.07836849,-0.012222682,0.08623689,-0.058247868,-0.035697185,0.10571943
-0.059132494,0.0047588847,0.029787688,-0.113294385,0.017182952,-1.1352745,0.024431845,0.09719046,0.032099746,-0.07240659,0.24008793
0.029075399,-0.3824828,0.083867624,0.2165828,-0.13100995,-0.30855215,0.061065722,-0.1256684,0.17334844,0.048334,0.22703896
0.03667189,0.20225045,0.030759772,0.06059282,-0.11792492,0.07591965,-0.08299492,-0.13044795,0.002631722,0.10323812,-0.057419844
0.037244815,0.19976033,0.02946034,0.06380154,-0.11140897,0.07384682,-0.0828169,-0.12475472,0.0036853468,0.106337994,-0.05468537
0.009547463,-0.0013086726,-0.026557194,0.049435113,-0.2290514,0.038321182,-0.012467252,-0.18133976,-0.009389267,0.017298762,-0.2556822
0.037161533,-0.12507744,0.11590845,0.2623689,0.08154368,-0.5014439,-0.10707995,0.06678823,0.015346813,0.008531626,0.47139868
0.013976481,-0.14543939,0.027738838,0.041189823,-0.14850909,0.0760397,-0.13340552,-0.102036,-0.0045287213,-0.0023043626,-0.2886125
0.015090241,-0.144167,0.016141877,0.04261623,-0.13834609,0.07485643,-0.12440781,-0.097675316,-0.011928513,-0.003085837,-0.29363227
0.012466874,0.0184369,0.023659956,0.060112763,-0.012973334,0.10421074,-0.122337244,-0.18753122,-0.051869955,0.01133806,-0.32240632
0.009428683,-0.04692356,0.018229872,0.054876305,-0.015680691,0.085586704,-0.11319548,-0.15296187,-0.04543009,0.024402706,-0.30859274
0.031387053,-0.015087024,0.038245723,-0.0057591386,0.07647612,0.10240093,0.039272524,0.17973399,-0.082317814,0.029895399,0.68826795
0.0041655716,-0.11559461,0.015189467,0.11066533,-0.13550998,0.062121015,0.004242075,-0.21566989,-0.020077849,-0.045887094,-0.31838834
0.03678044,0.13100483,0.07539803,0.25136763,0.14044873,-0.09867638,0.12935545,0.049383122,-0.013949038,0.035646595,0.10321632
0.034630112,-0.07491968,0.042003725,-0.07008022,0.068215035,0.08596934,0.08745252,0.1646183,-0.0880224,-0.03387016,0.16013257
0.050676342,0.14797528,0.017520413,-0.16503601,0.043517202,0.12284703,0.113342896,0.14266787,-0.08568197,0.033403944,0.362209
-0.04897502,0.3506783,0.066450335,0.009677209,0.02148902,-0.49905455,0.043312714,0.07341918,0.016702268,-0.007223792,-0.005678038
0.031411424,0.3808956,0.047984008,0.57235944,0.09723386,0.012396569,0.12768468,0.045958646,0.042569667,0.038805548,0.22869559
0.07533288,0.063529305,0.0058709183,-0.07503793,0.006803729,0.10143357,0.096268974,0.024423508,0.17338774,-0.06089494,0.026505854
-0.055569354,0.23262519,-0.23766653,0.098449916,0.004210138,0.056539744,-0.03288918,-0.2438373,-0.06271934,-0.061011165,-0.2904006
-0.045300968,0.20906252,-0.25607648,0.0742005,0.008001684,0.06652763,-0.025892623,-0.25567147,-0.07200583,-0.06174986,-0.30720785
0.026754176,-0.06123018,0.02091755,0.03908398,0.023894459,0.11847125,-0.10548978,-0.07573748,-0.048810147,0.012575212,-0.29776508
-0.05242138,-0.044983853,0.048204638,0.015392203,-0.036985047,0.046886504,0.042796202,0.203304,0.18246557,0.09991369,0.41189727
-0.013681315,-0.024692334,0.057946786,0.02270805,0.057857186,0.016351229,0.04242591,0.18619104,-0.07860473,-0.025250893,0.41411155
-1.0916177e-05,-0.0953088,0.032081522,-0.08982142,0.08188329,-0.057022568,0.09935427,-0.014009751,-0.09152653,0.0008143145,0.07099109
0.040401563,0.15677431,0.038517762,-0.092459425,0.015444167,0.010583749,0.02807922,0.038413398,0.13288563,0.090916045,-0.13584235
0.03770167,0.14317614,0.04177152,-0.08256794,0.023315344,-0.10677586,-0.0018525196,0.29462615,0.11892682,-0.014690415,0.5582084
0.020351347,-0.13008405,-0.07004227,-0.31584436,0.018663315,-0.10552611,-0.023407917,0.18474005,-0.06260413,-0.03333579,0.13433623
0.0199947,0.20857705,0.011695769,-0.09866852,-0.12062736,-0.07432744,0.06821948,-0.008619123,-0.06498577,0.015692145,-0.029945457
-0.15094645,0.13488318,-0.084631234,0.097643875,-0.16344178,0.016809907,-0.021897294,-0.18731108,-0.15185492,-0.22790478,-0.3039184
-0.10979878,5.3675845e-05,0.031976864,-0.068157405,0.009650437,0.07956339,0.07227196,0.1431427,0.15528753,-0.09021075,0.1129515
0.042857513,-0.17858769,-0.051218268,-0.12728837,-0.056948807,0.096045285,0.07606927,0.021317186,-0.08112535,-0.0014126764,-0.26597255
0.020591145,-0.12404303,-0.009700798,0.011510549,-0.12533706,0.06604973,-0.10899366,-0.18745507,0.0851484,0.054146096,-0.22120318
0.018922377,0.111338854,-0.033793986,0.09255478,0.0026236167,0.007631378,-0.008988923,-0.09135615,-0.06022329,-0.04911872,-0.05587159
-0.07356882,-0.08631801,0.07223636,-0.0037135233,-0.01744995,-0.2808003,-0.24795897,0.183214,-0.035955083,0.012906707,0.37133482
0.022342382,-0.03396313,0.044573944,0.0368159,-0.014794063,0.101286404,-0.05067709,-0.100206435,-0.048877567,0.01701185,-0.24462254
-0.020518271,0.049561404,-0.15177101,-0.00505016,-0.012955825,0.08408244,-0.032376703,0.044278957,-0.060815193,0.005553951,-0.032071617
0.03485848,0.1480034,0.03057901,0.0639995,-0.08683233,0.08544721,-0.12559533,-0.14544481,-0.040527172,0.017374162,-0.264965
0.026976107,0.210287,0.045944206,-0.1656525,0.086127006,0.12485908,0.053966105,0.18039708,0.26468545,-0.08981252,0.15741073
0.023601348,-0.05690018,0.013744323,0.012945668,0.02711174,0.06261186,-0.06317713,-0.32397503,-0.063312605,-0.05495292,0.07555935
0.027995953,0.07677411,0.009259743,0.051606733,-0.09849701,0.091610655,0.014242462,-0.1117069,-0.07674716,-0.06550629,-0.068560325
0.0155750895,-0.16920003,0.012407153,0.06362934,-0.15314071,0.057773575,-0.12257153,-0.092682414,0.002558645,-0.006017097,-0.30932984
0.033944,0.22651702,0.0520068,-0.13221736,0.02714353,-0.17159396,0.062412586,0.19377163,-0.07980308,0.049349688,0.15175451
0.023733992,0.010416653,0.06749774,0.049361315,-0.013085144,0.0025642822,0.07563215,0.09086091,-0.07478985,-0.02433747,0.20512284
-0.039067402,0.19598822,0.05317697,-0.10626893,-0.021532431,0.09413642,0.058051478,0.15081345,0.04572534,-0.036568988,0.14434838
0.054952186,-0.029153373,0.04409621,0.113969594,-0.095074855,0.08397883,0.015257102,-0.163721,-0.059064172,0.025681648,-0.045412783
0.04902793,0.31949678,0.06252333,0.032732032,0.06566994,-0.10616245,0.08380884,0.12539117,-0.04346593,0.042125568,0.14151326
-0.02327888,0.04145192,0.060127605,-0.27615112,0.053888462,0.04623336,0.108240314,0.23978284,-0.05035003,-0.016184255,0.10165765
0.035435975,-0.06625537,0.053603377,0.04824494,0.04606641,0.016850654,0.05423284,0.11244004,-0.08479282,-0.023384722,0.15912853
-0.004490613,-0.10996476,0.012950157,-0.072356045,0.0736009,-0.114955775,0.12044518,0.11124136,0.015899036,-0.013820844,-0.07250997
-0.039187443,0.13717896,0.02142257,-0.16168551,-0.00247638,-0.03703836,0.103332944,0.052724745,-0.043695543,-0.050292592,-0.15438955
-0.03616473,0.123737775,0.024056034,-0.14217417,-0.008014524,-0.029942157,0.111076765,0.050594844,-0.04564533,-0.055194214,-0.15853779
-0.0036504068,0.09816004,0.0533848,0.007013443,-0.0494626,-0.054958593,0.095233545,-0.028996445,-0.047826856,-0.029868783,0.043237608
0.059904695,0.10886048,0.063849725,0.16193998,0.10438334,-0.11888322,0.063578226,0.02557496,-0.050812997,0.026558075,0.08149973
-0.13071328,-0.0037976764,0.03878179,-0.28902054,0.05217338,0.06136028,0.0045584426,0.12785281,0.019130895,-0.0919704,0.08807196
0.008849568,-0.12283127,-0.2583437,-0.12604165,0.0677116,0.09499824,-0.0040256986,0.006249925,-0.07129975,-0.05465003,-0.20655699
0.0063082445,-0.17732434,0.0064527323,0.09956229,-0.18365622,-0.023721447,-0.07435804,-0.14144921,-0.05976221,-0.03355396,-0.21672808
0.015278873,0.043854125,0.09954475,0.15767306,-0.107679255,0.08087104,-0.0072885323,-0.19898304,-0.018431084,0.0016982054,-0.25493294
0.033527706,0.097352944,0.033329833,0.1034304,-0.13701765,-0.17887677,-0.0035407518,-0.130392,-0.03305221,0.016498815,-0.18994954
0.0070105777,0.029245375,0.010383915,-0.3263665,-0.007458752,0.045517758,-0.026763218,0.089371674,-0.05605541,-0.057047285,0.17026792
-0.06475409,0.09862041,0.012217735,-0.20614092,0.052562654,0.07078506,0.024910487,0.059615634,0.10584394,0.09432652,-0.02428145
0.003243175,0.052400794,0.07128765,0.068072274,-0.034164827,0.07217606,0.002251612,0.0087444,-0.05931929,-0.031699296,0.11697606
0.050007552,-0.06696181,0.0018071211,0.04974158,0.17794342,0.11527634,0.039645456,0.022502504,0.060028657,-0.031712182,0.19654
-0.035991292,0.08370642,0.17484407,-0.1995952,0.08535156,0.0638309,0.040955793,0.14900705,0.22080594,0.07587151,0.20417607
0.04574502,-0.05627932,0.05648622,0.06344454,0.11999511,0.13106686,0.13232735,0.18406042,-0.078811295,0.15697321,0.6186162
0.049703065,0.10325976,0.064856365,-0.32858685,0.05156034,0.17501156,0.06783632,0.013820894,-0.09433013,0.13434066,-0.066029124
0.041007966,0.13683245,0.052864555,-0.1721709,0.038676623,0.13950332,0.0033201019,0.03208926,-0.04466748,-0.008911888,-0.061410066
-0.034732733,0.18097715,0.05759064,-0.10144767,0.026563771,-0.14141461,0.032888155,0.18684764,0.07868781,-0.023491103,0.28980565
0.045818374,0.23628305,0.067686036,-0.17488742,0.014412661,-0.07589911,0.026732014,0.1777611,-0.064638406,-0.03460736,0.30309469
-0.09165726,0.07873861,-0.04297868,-0.16863799,0.023369828,0.06050783,0.093073435,0.120820194,0.20876153,0.00395352,-0.012510553
0.020590037,-0.04116579,0.041665588,-0.13030213,0.2696713,0.014727864,0.07682426,0.22324221,-0.09843412,0.03652661,0.64039284
-0.010896398,0.020624844,-0.1937656,-0.23137854,0.08854818,-0.14230016,0.06617528,0.0061982917,-0.10433226,-0.09078114,-0.06257219
-0.07615928,0.059293307,0.049297158,0.07248183,0.09146776,0.059697952,0.0015967852,0.16123982,-0.06374142,-0.1097559,0.38557822
0.025066547,0.24945092,0.0125654545,-0.09627671,0.03053742,-0.035431154,0.045154724,0.14912793,-0.03302086,-0.005865973,0.12888297
-0.060351644,0.07048821,0.084691264,-0.03865203,0.022479158,0.19066279,0.040617414,0.18837795,0.074170895,0.33221242,0.31137356
-0.023237694,0.079981245,0.07601474,-0.03820994,0.07036761,0.10143821,0.14683412,0.24210766,-0.0034953163,0.5521758,0.3521338
-0.006777484,0.039576113,0.06723822,-0.095578186,0.03695646,0.26615837,0.052645598,0.1672281,-0.05326978,0.35183707,0.4022924
-0.042737123,0.06681661,0.040509336,0.20330556,-0.0008490875,0.055463832,-0.0030945824,-0.26976523,-0.06987657,-0.09302995,-0.07964141
0.010488347,0.24227557,-0.016052235,0.022718737,-0.021077033,-0.09092517,-0.013240924,-0.08317862,-0.06713139,-0.06954709,-0.30394804
-0.09429062,-0.03224223,0.026864208,-0.022562677,0.12506843,0.060636926,0.019621905,0.2027519,0.1835857,-0.070141114,0.50146323
-0.011802267,-0.03167563,0.041757464,-0.20310149,0.060591992,0.02222685,0.03364366,0.24517433,-0.10854971,-0.030661004,0.16026735
-0.037981566,0.04805643,0.034663137,0.02620159,0.033117365,-0.09865947,-0.2663274,-0.057363275,-0.15694702,0.009945057,-0.0024316541
0.056017123,0.042916372,0.066428035,0.008478965,0.05164252,0.083871864,0.112184316,0.1620792,-0.05934213,-0.031157607,0.22259782
0.04035717,0.05339809,0.04070953,0.05993631,0.06778775,0.07636985,0.10488116,-0.08364489,-0.056266528,-0.040534254,-0.19295134
0.01954371,-0.09513394,0.044137765,0.06254228,-0.018569946,-0.17637616,0.08278265,0.25267732,-0.0629041,0.0044151074,0.6544969
0.028166713,-0.055289514,0.031174153,0.14996222,0.06435649,0.10996344,0.093443155,0.08491221,-0.054221936,0.08459206,0.66981053
0.0012019572,-0.10371036,0.037747085,0.14368561,0.08251525,-0.031937372,-0.02335295,0.00059240486,-0.06252005,-0.038760856,0.657619
0.027540246,-0.10507548,0.03548689,-0.07315977,-0.009236021,-0.15033627,0.016303524,0.03282851,-0.034528807,-0.024740586,-0.07859311
7.483896e-05,0.030297356,0.048822597,-0.01616112,0.039985348,-0.024579972,0.019298902,0.028028741,0.035541072,0.024446053,0.13067707
-0.06042004,0.091478,0.032772172,-0.58217096,0.007302268,-0.7341784,-0.093632825,-0.017325342,-0.05282552,-0.09795998,-0.08982542
-0.17635469,-0.067954645,0.08085363,0.1469822,0.092868954,-0.079923674,0.04448369,-0.008271649,-0.18773048,-0.0008227756,0.5242918
0.0756728,-0.01789528,0.054146636,0.18340497,0.08711089,0.24659054,0.07389786,0.29729277,-0.05849787,-0.036841474,0.55892533
0.052654292,0.12546653,0.04898178,0.017034244,-0.0035680393,0.08235591,0.011485274,0.027043507,-0.045885623,-0.11497275,-0.09276504
-0.00174887,-0.133115,-0.02176704,0.07943772,-0.0979505,0.059980836,-0.013806298,-0.13675651,-0.022338184,0.018638384,-0.3238076
0.0047969413,0.121840395,0.052854158,-0.060321283,0.05281889,0.21724822,0.08542981,0.17150553,0.16773058,0.35097456,0.2864095
0.014340265,0.44449654,0.08926246,-0.07588126,0.030161532,0.025014736,0.024819724,0.19219485,-0.036796104,0.011382111,0.18218754
0.018847715,-0.051760074,0.0108726,-0.080586925,-0.17438583,-0.07455256,-0.1315215,-0.10962538,0.065480605,0.01804738,-0.21970528
0.0313657,-0.16074777,0.04345134,0.056025688,-0.10704406,0.08064993,-0.1639279,-0.16907966,0.13455155,0.029725628,-0.14338322
-0.1335685,0.15977405,0.039281666,-0.47559705,0.02794793,-0.010634918,0.043245066,0.1116336,-0.092792846,-0.06352335,0.050226677
-0.041192487,0.06626484,-0.012016262,0.15982273,-0.1018907,0.04042946,-0.017832028,-0.20580947,-0.045127816,-0.062139366,-0.34743926
-0.09063314,0.14073025,-0.0012783157,-0.16911806,0.018720746,0.049147557,0.10677694,0.063427195,0.15750924,0.11244112,-0.06035705
0.04848998,0.053856887,0.053031545,0.02266412,0.08062916,0.08823477,0.08092691,0.17633297,0.061438527,0.10433029,0.26693884
-0.011257711,-0.06227866,-0.20543705,0.07038986,0.114143044,0.076830685,0.02203689,-0.18437286,0.0067835446,0.014794775,-0.31796563
-0.05786758,0.02074311,-0.05750715,-0.17855036,0.05221773,0.03587751,0.07825947,0.14097546,0.06357941,0.01785391,0.10518201
0.037214626,0.054166794,0.046893716,-0.18272585,0.07419523,0.14494292,0.107032716,0.1599049,0.12533544,0.13052206,0.076480314
-0.040270366,-0.16433953,0.025370734,-0.07173,-0.09536894,0.088654675,0.01540097,-0.038161986,-0.020106278,-0.016944597,-0.22066735
0.011493826,-0.040025625,-0.009840343,0.06436598,-0.039905816,0.066903986,-0.12242868,-0.18369071,-0.037477504,-0.03404934,-0.30590436
0.0020424242,0.06331115,0.0521729,-0.23951453,0.03606858,-0.016046762,0.048683614,0.16453561,-0.09205783,0.017560346,0.08140478
-0.006148308,0.18160093,0.044495825,-0.21436407,0.026226833,0.001687917,0.043984957,0.1643625,-0.057445727,0.022797143,0.09841501
-0.023170233,-0.08429707,-0.1502657,0.06453353,0.09281591,0.061616026,-0.02412564,-0.10122652,-0.06802418,-0.011130178,-0.26245287
-0.0021107264,0.24207903,0.044889588,-0.22230178,-0.010459149,0.07700835,-0.14786687,-0.0773784,-0.084466375,-0.053852655,-0.2047843
0.02907958,0.2602541,0.00338975,-0.23332968,0.0039326786,-0.029228069,0.09094263,0.15124705,-0.10799593,0.006076276,0.08686835
-0.057490572,0.0164183,-0.017280383,-0.040153727,-0.19908467,0.10860424,0.0822327,0.13998309,-0.060036104,-0.06065143,0.5935959
0.026900675,-0.0043851943,0.01459403,-0.07772158,0.08321844,0.059578847,0.077451065,0.22683616,-0.09113451,-0.05940097,0.6484654
0.029974133,-0.07307848,0.055897858,-0.03299374,0.22923827,-0.08259902,-0.22502263,0.17878225,-0.06854463,0.004193491,0.17376609
-0.01749626,0.17131121,0.034507826,0.057316132,0.052883375,0.074082755,0.089066386,-0.09663764,-0.063661166,-0.054134417,-0.0089159915
-0.027698876,-0.1620478,-0.015828768,0.05179739,0.06401333,-0.37054697,-0.0012309592,-0.2640478,-0.09297086,-0.025562337,-0.12455989
0.015824364,-0.10051392,0.018558608,-0.014370136,-0.16518107,0.04711838,-0.21208854,-0.10067749,0.17133349,0.035614282,-0.1024719
0.032366473,0.115161076,0.022225307,0.1489397,0.14169694,0.14693083,0.096776284,0.19822335,-0.08477575,0.07454396,0.72133964
0.045131627,0.09888935,0.04791192,0.07215795,0.07425222,0.09515459,0.035819627,0.013206916,-0.04176192,0.009917916,-0.022980552
0.03228427,0.100713804,0.096355565,0.32855326,-0.009621785,0.072267845,0.071126945,-0.2149152,-0.024992218,0.02117856,-0.25187302
0.024820494,0.031352844,0.042746082,0.067801185,0.045305036,0.12442605,-0.16408901,-0.09914836,-0.030463947,0.018067278,-0.16085793
0.08025306,0.28021115,0.08658156,-0.018971,0.09055891,-0.08668504,0.060984865,0.27778703,0.10429913,0.3140529,0.320439
0.066792525,-0.06383357,0.044612214,0.24971405,0.08404444,0.087987095,0.0651381,0.0636269,-0.07080719,0.0028764554,0.3515598
0.022605907,0.11824721,0.060432393,-0.05902235,0.058208834,0.24052054,0.08156368,0.15782613,-0.018934093,0.64541703,0.14539084
-0.02805212,0.033607908,0.037743326,0.15451734,0.052958023,0.12062065,-0.14199746,-0.10856276,-0.06277966,0.012460974,-0.09262756
0.007700684,0.1079379,0.029106587,-0.5055135,0.10193964,-0.19617015,-0.095660165,0.036438935,0.0048872656,-0.059582077,-0.1499984
-0.020080293,-0.10462992,0.032428674,-0.25793025,0.007005118,-1.0202512,0.0006086255,0.09875127,-0.1353644,-0.063711524,-0.024257567
0.006746936,0.23551632,0.029849747,-0.5189787,0.03534527,-0.20239429,-0.02503638,0.039560605,0.012365178,-0.060935475,-0.15612909
0.078005016,0.46262646,0.07677084,0.15835568,0.1039379,0.10860297,0.17837141,-0.07200339,-0.02867199,-0.01746836,-0.17630729
0.018950555,-0.10899829,0.021829534,0.06623568,0.09135763,0.11819076,0.1314785,-0.08043541,-0.09562357,-0.04143905,-0.018480744
-0.0021085476,-0.14731243,0.034710024,0.088799424,0.12832114,-0.31393957,-0.01056483,-0.15625754,-0.03793302,0.027150774,-0.13498431
0.005447414,-0.038923964,-0.0049284166,0.0754329,0.061997518,0.08114128,-0.09908111,-0.17066856,-0.05963959,-0.03577172,-0.30429912
-0.0143724,9.346106e-06,0.08602463,-0.1279043,0.40483296,0.13789043,0.0664539,0.24293855,0.27783528,0.106438726,0.6899885
0.0022453244,-0.049007736,0.055373505,0.10337633,0.10220101,0.02881981,0.031379733,-0.016442116,0.18251945,-0.02457412,0.2008071
0.011733128,-0.035868645,0.023110058,0.03432645,-0.019880285,0.09009703,-0.103397906,-0.15846604,-0.050086513,-0.034124132,-0.29073134
0.008630689,-0.079533525,0.05221213,0.032171898,-0.11368997,0.08011564,0.042897236,-0.05769183,-0.017877586,0.023140041,-0.29272538
0.0077742985,-0.094707936,-0.032350004,-0.10170944,0.01913503,-0.6143795,-0.024971774,0.019766936,-0.03526898,0.018959597,-0.27266392
0.003964311,0.120316654,-0.17633173,-0.10889388,0.0044220313,-0.20089664,-0.04081572,-0.12601028,0.098392636,0.01223519,-0.17350312
-0.001974865,-0.06313103,-0.029347176,-0.09934987,0.019866712,-0.40385768,-0.008173562,0.015592908,-0.03056353,0.011057328,-0.22111742
0.014645942,-0.059086375,0.057258245,0.019565528,0.067623615,0.06519278,0.02206026,0.18497111,0.035616025,0.12585549,0.48593074
0.021532943,-0.07516735,-0.07071677,0.054213084,0.0021768268,0.05572312,0.07482022,-0.025073066,-0.06850848,-0.03470578,0.15080637
0.02551572,0.28379914,0.0059064105,-0.272862,0.06398416,0.0057119206,0.033153497,0.14249936,-0.31836635,0.046945773,0.16071197
0.019888867,0.2733761,0.03787883,-0.18025936,-0.055497713,0.023414195,0.08742348,0.16240034,-0.11140051,0.028856905,0.09904118
0.037787843,-0.026892284,-0.007640473,0.09176657,0.10001138,0.09646163,0.025667079,0.27240354,-0.22612552,0.030366456,0.69999015
0.0127598485,0.38691115,0.036042865,0.3343171,0.040754814,0.10929854,0.079745464,-0.2121913,-0.03258904,0.08903148,0.05531943
0.024487127,0.051987045,0.032250572,0.10303532,0.07024819,0.10410963,0.08550837,-0.07208679,-0.076525405,0.038362246,0.11005984
0.017456308,-0.2354441,0.027616767,0.1494709,-0.14834416,-0.16218314,0.063796,-0.18495335,-0.04856458,-0.0071154707,-0.27124858
0.012860817,-0.03922405,0.06591616,0.06308785,0.2212392,0.12696584,0.037638456,0.13095719,-0.093289115,0.03687883,0.70189553
-0.11385461,0.13208905,-0.059945706,-0.16200322,-0.0025187542,0.057523426,0.09789995,0.003718369,-0.059118815,0.07220732,-0.03192222
-0.050274517,0.03181298,0.0039263386,-0.0006167552,0.36467028,0.10519352,0.0824813,0.18981741,0.3609009,0.065787956,0.7417169
0.047056448,0.071051374,0.0864476,0.17990774,-0.11701409,0.059301928,0.07614787,-0.18547031,-0.008398478,0.030961795,-0.24438116
-0.11444357,-0.08799341,0.031921033,-0.3243068,0.12736824,0.06467124,-0.009928932,0.08345913,-0.3027487,-0.14390653,0.09116901
0.030898005,0.093999155,0.052235555,-0.06778078,0.031718694,-0.0724987,0.036461458,0.1416415,-0.04096387,-0.009419013,0.14845647
0.04186889,-0.04214208,-0.042673368,-0.10970281,-0.06997152,-0.3836992,0.018181503,-0.011002999,-0.02113392,-0.018435959,-0.16612095
-0.007664862,0.07574848,-0.15881966,0.01705781,0.066683404,0.08574632,0.10576272,0.00607474,-0.028745174,-0.04166424,-0.00083332264
-0.004554641,0.26903448,0.02066978,0.06510308,-0.044454,0.12623446,0.022764217,-0.084795706,-0.032509293,0.01796549,-0.16926675
0.02747103,0.21814108,0.044181935,-0.2266675,-0.024858125,0.11486881,-0.042797953,0.06951826,-0.047605142,-0.07280842,0.10308561
0.012132465,-0.07243432,0.02314864,0.15477474,0.025374345,0.06981556,0.10879901,0.002075143,-0.097376674,-0.073336996,0.4619372
0.035714928,0.048588645,-0.13625655,0.15588583,0.030301323,0.07833553,0.0366506,-0.12924746,-0.028208045,0.027580343,-0.18712534
0.04984229,-0.010670027,-0.015270679,0.17658,0.0778903,0.10480298,0.09582627,0.18284966,-0.021322757,0.007895435,0.47847906
-0.04385662,-0.0006142861,0.03002735,0.10304184,0.19966777,0.11337672,0.034722283,0.16055383,-0.10058926,-0.077712595,0.4822669
-0.020234413,0.07952424,0.059541743,0.18186875,0.102085404,0.1130583,0.14008123,-0.04546472,-0.06326527,-0.01827476,0.02831647
0.05016035,0.20304531,0.030797994,0.07739358,-0.06970472,0.095295735,-0.11026402,-0.12308372,0.012688956,0.073907375,-0.05694391
-0.06688276,-0.02385923,0.03318871,0.040513765,0.078982756,0.062908046,-0.06562416,0.14480343,-0.06990031,-0.08815693,0.31031388
-0.000539017,-0.08429982,0.078184254,0.33563986,0.019580586,-0.6426696,-0.23101008,0.06630413,0.05056272,-0.003569779,0.50955987
0.030622361,0.18230784,0.06897635,0.19716556,0.05823487,0.1064394,0.096516766,-0.065452866,-0.035237584,-0.022010595,0.052002087
0.02959845,0.1789934,0.06298925,0.14314772,0.050931405,0.09781824,0.0956855,-0.06675661,-0.034945413,-0.021455852,0.052097075
0.019610941,0.18353346,0.058060195,0.071771964,0.0785925,-0.10778173,-0.011869529,0.008553354,-0.056179266,0.001776757,0.10226176
-0.012542553,0.1862036,0.050140493,-0.12190102,0.018132268,0.1306081,-0.12060617,0.13490534,-0.07896532,-0.06756817,0.11799175
0.016951727,-0.036983255,0.026136855,0.07458168,0.1193832,0.13832563,-0.07866454,0.27146226,0.18386626,-0.044242356,0.5628378
-0.01100604,-0.03586601,0.06878557,0.1098904,0.08734225,0.09415433,0.027669689,0.065238476,0.07921123,-0.04815222,0.23468155
0.03158627,0.14474595,0.06542083,0.20712157,0.069692254,0.119608864,0.107609846,-0.048756246,-0.022184331,-0.030899666,-0.04645761
0.043082487,-0.061390176,0.03504318,-0.34490362,0.040303603,0.091863446,0.08119609,0.20056152,-0.12007331,-0.083613485,0.45723236
0.05958553,0.030802494,0.10704162,-0.26178116,0.046103448,0.055480603,0.035404783,0.245666,-0.053457297,0.06938003,0.5224115
0.019134492,0.025345692,0.054247174,-0.23406224,0.050554868,0.061655406,-0.007853992,0.13805558,-0.11593386,0.06215752,0.112063706
0.017689079,-0.049155194,0.051054005,-0.13439487,0.086864464,-0.14000553,0.045170628,0.29716644,-0.06392487,0.053769305,0.6123336
-0.005021242,0.13097306,0.05906495,-0.21059294,0.04605509,0.020620124,-0.001910882,0.14909543,-0.08778478,0.009363227,0.1059079
0.04186944,-0.072276965,0.085038766,-0.2863277,0.040253464,0.085492946,-0.014368583,0.13181283,-0.0627611,-0.054608297,0.44159293
0.019032544,-0.021054292,0.041723486,0.009077332,0.10292018,0.07821359,-0.05200571,0.21006049,0.19566938,-0.018090283,0.7418087
0.04882937,0.26170078,-0.01630763,0.1602699,-0.057242606,0.06310194,-0.12067022,-0.15224522,-0.052286364,0.03899404,-0.15837683
0.024785127,0.004966516,0.05447592,-0.12184006,-0.08257045,0.07084192,-0.12614055,-0.083602555,-0.034038264,0.010558234,-0.19923243
0.033273112,0.03749644,0.06839164,0.09439476,0.06985399,0.09582279,0.03525615,0.06560712,-0.063977204,-0.04335457,0.26160064
0.022527926,0.0034222167,-0.016047677,0.00040196168,0.0017344255,0.0891032,0.055779204,0.14186817,-0.0855025,-0.038864758,0.3582976
0.06637627,0.37384135,-0.0071937386,0.19957487,0.02927132,0.09348439,0.027704505,-0.13895431,-0.07588316,0.040746924,-0.038603008
0.031573545,-0.08567731,0.03347802,0.24661535,-0.007223354,-0.035435833,-0.18951093,-0.18294626,-7.998485e-05,0.0071597593,0.21207345
0.025830215,-0.092683345,0.05874446,0.08779197,0.30377194,-0.18894482,-0.015863065,-0.042381775,-0.11966623,-0.00093353086,0.17392698
-0.05028551,-0.025322992,0.040112518,0.04095359,0.072091214,0.06301349,0.040160883,0.14129207,-0.036955435,-0.09370339,0.33567762
0.04379134,0.05611811,0.048340302,0.25298935,0.06407675,0.07395248,0.09517585,0.10040701,-0.06367202,-0.012269822,0.2723365
-0.04641878,-0.12474666,0.067873105,0.30071104,0.0718752,-0.6077899,-0.117537744,-0.046839114,-0.0022227424,-0.09459075,0.28744054
0.026935278,-0.07895712,0.046550304,-0.09280584,0.009830511,-1.0190982,-0.0044904524,-0.15381245,0.049996104,-0.0030697528,-0.07809687
0.027738864,-0.4822372,-0.07339978,0.0012788369,-0.13835903,-0.037429634,0.037251685,-0.049825184,0.0033487459,0.017210439,-0.20885834
-0.026384665,0.06168176,0.050425693,-0.1659672,0.0013855707,0.2196373,0.05032987,0.0820729,0.12429175,0.14225663,0.14822038
-0.068401374,0.07086783,0.021829838,0.11218501,0.13049224,-0.17323375,0.05681219,-0.074672215,-0.05002694,-0.09256275,-0.050457258
-0.0012256809,-0.1466567,-0.16168536,0.10296943,0.08214614,0.09400716,0.008800826,-0.15542014,-0.043933574,-0.044587504,-0.058495395
-0.018471498,0.2368855,-0.0071656285,0.04766022,-0.067200504,-0.10237537,0.016442735,-0.10999516,-0.016478062,0.026943678,-0.072820075
0.04327922,0.061337955,0.07979374,0.47626254,0.2771709,0.03129565,0.07956213,0.0061897514,-0.0018105803,0.02118391,0.44002086
-0.089374915,0.23022114,-0.018391872,0.17724952,0.011569137,0.06521594,0.085397534,-0.15612613,-0.035712317,-0.055366527,-0.23256534
0.034295324,0.21806179,-0.063291326,-0.09028056,0.050736845,-0.15098093,0.017364867,-0.0034681244,0.15307571,0.005016244,0.1070089
0.0163105,0.050771877,0.041899126,0.05602152,0.013117784,0.08168551,-0.115268454,-0.13689467,-0.043146964,0.02172227,-0.24867891
0.025714012,0.011661413,-0.014376836,0.083278336,0.02447422,0.077829674,0.009912575,-0.16732588,-0.04303381,0.047359966,-0.3027207
-0.03187301,0.051552657,0.057881895,-0.0039729397,0.03601122,0.07274673,0.05914604,0.15138313,-0.026404828,0.0143754305,0.14664893
0.018625407,-0.13491274,0.014268515,-0.010858298,-0.18136469,0.012899133,-0.18452995,-0.11861747,0.16310725,0.056512553,-0.08653987
0.009496736,-0.11059092,0.04659158,0.11524944,0.11956071,0.08179012,-0.043662604,-0.19849734,0.044130266,0.068417296,-0.29426008
0.033008676,0.04536639,0.011976724,-0.014128806,0.1297707,0.100569144,0.0062141824,0.14136676,-0.12009889,-0.008913261,0.1499704
-0.031810354,-0.07164734,0.08353213,0.17441869,0.035775498,0.04550371,-0.113301486,-0.1274323,-0.023839036,-0.030753626,-0.3221145
-0.045246057,0.06442691,-0.00033882505,0.04518906,-0.022227742,0.050661076,0.07119134,-0.10551437,-0.070653014,-0.17292896,-0.09200946
0.0049248156,-0.114803635,0.03570779,0.11518359,0.10824935,0.082630776,-0.106022194,-0.19660173,0.024539221,0.06867826,-0.2905096
0.033590984,0.14175418,-0.050109558,-0.05404077,0.0113934865,0.10822179,0.057899933,0.03942777,-0.088456385,-0.002772576,-0.22375146
0.0066943304,-0.0794641,0.057637237,0.24716659,0.032418795,-0.11906482,-0.00055519794,-0.21056253,-0.016041923,0.014251275,-0.114081725
-0.045313757,0.3321542,0.0014041238,0.020797545,0.119874954,-0.0856387,0.08091912,-0.03622849,-0.030716319,0.034932718,-0.18269058
0.04458812,0.014869171,0.0074169966,0.13281742,0.09968622,0.071996,0.04978432,0.18269132,-0.08450491,-0.13183446,0.43464172
-0.018372068,0.099294774,-0.008393361,-0.25167114,-0.027920213,0.08212796,-0.039561283,0.11030361,-0.078945704,-0.0583204,0.21064925
0.02471689,0.09868832,-0.031380374,-0.17554249,0.04673277,0.058405653,0.041576415,0.09927797,-0.076467365,0.02951742,0.106647395
0.005890704,-0.17537168,0.020211801,0.08140281,-0.17091388,0.081932165,-0.11072176,-0.1333581,-0.058505516,0.013718906,-0.25774807
-0.017887443,-0.1264307,-0.09296815,-0.12583163,0.057366323,-1.0877538,-0.22847077,-0.08837885,0.008285612,-0.0042714905,-0.23125495
0.07332724,0.14650661,0.10813645,0.22776663,0.017043512,0.1786384,-0.017009644,-0.009777939,-0.025949044,-0.058548033,-0.029721146
-0.04055512,0.18627752,0.048840597,-0.021488924,-9.017555e-05,0.007068766,-0.024928719,-0.08145108,-0.018777972,-0.037992574,-0.23344931
-0.055731896,0.23646697,0.07350256,0.18874311,0.011840612,-0.39503312,0.029196473,0.09152369,0.0023472384,-0.04653621,0.31491742
-0.027056152,-0.011963864,-0.02933627,-0.12458824,0.057580944,0.06286715,0.049130872,0.12266306,-0.10655229,-0.036379762,0.378364
0.009915268,-0.082975015,-0.10020795,-0.12707682,0.05338962,-0.8147947,-0.22222643,0.23986776,-0.06346029,-0.04837778,0.53640753
0.0065378826,-0.065063655,-0.06760709,0.05941989,-0.117420025,0.013843347,0.05614076,0.05873815,-0.08808429,-0.099714026,0.4590051
-0.03780763,0.009552659,0.02880081,0.060172535,0.010752658,0.0718093,-0.10873942,-0.1263638,-0.044097207,-0.028354838,-0.27686432
-0.031083342,0.24921307,0.009275839,-0.13082738,0.028043427,-0.07010076,-0.062027972,0.019338664,-0.112542264,0.04047919,-0.03578002
-0.03234435,0.039713595,0.034716997,0.05039239,-0.034405313,0.09055771,-0.14472009,-0.09683225,-0.055282947,0.039864715,-0.040591594
0.026911978,-0.047801394,0.022284463,0.2146121,0.07120122,0.117420025,0.06986124,0.09968797,-0.064070016,0.10239234,0.5019307
0.023887033,0.11566345,-0.2320219,0.15162487,0.005096007,-0.012545138,-0.056810576,-0.21681648,-0.08752191,-0.011046245,-0.29917103
0.073995166,0.3368771,0.01354606,0.15520562,0.002762882,0.08463825,0.105529234,-0.21189386,-0.028876241,-0.055977013,-0.17659721
0.003804837,-0.08330793,0.0136986915,-0.26496845,0.052355777,0.06808974,0.026872134,0.016831283,-0.11414941,-0.04324235,0.0023318632
-0.093995355,0.056369722,0.014023161,-0.01246258,0.052020535,0.064916134,0.008667478,0.10374215,-0.065874495,0.02018746,0.3382228
0.065553896,0.07466087,0.04264014,0.3358717,0.13611412,-0.48737124,0.033878967,0.22840452,0.03653517,0.06490067,0.6349728
0.04745228,-0.05887375,0.02349283,0.1881028,0.1277566,-0.0895592,-0.0070026233,0.019003378,-0.007705509,-0.025886888,0.44503778
-0.036004514,0.028934319,-0.025329404,0.08197051,0.013623178,0.17317484,0.0161171,0.099078774,-0.2054972,0.11614707,0.11291915
0.035794463,0.014463772,0.0062423744,-0.014297025,0.05239144,0.10607571,0.09095872,0.12057582,0.023140933,-0.052792754,0.2657936
0.023349043,0.04310731,0.035575207,0.08103993,0.011422586,0.11077058,0.028930254,-0.13145846,0.022791363,0.09063858,-0.05163639
0.0068384116,0.20363835,0.020190915,-0.1436621,0.0028893044,0.040017206,0.073464796,0.22415589,-0.017641393,-0.040613975,0.3354276
0.012812168,-0.08504821,0.044659548,-0.03031175,0.048373938,0.020796975,0.069986485,-0.05893785,-0.04225547,-0.031777594,-0.4472013
0.028938107,-0.07595378,0.03622458,0.0018711067,0.05775215,0.04623667,0.02738223,0.13275373,-0.17660159,-0.10184283,0.39704496
0.0023247236,-0.055059455,0.0426477,-0.02742658,0.025763176,-0.68032044,0.066160075,0.025996838,0.008245875,-0.02010691,0.2698224
-0.051056128,-0.007763463,0.11912162,-0.2530983,0.088520974,-0.44475067,0.006375842,0.19892499,0.18312067,-0.037672672,0.28162724
-0.04847178,-0.049543027,0.05147267,0.07948858,0.09961043,0.06997402,0.07207192,0.22212777,-0.008087302,0.0024063278,0.6638777
0.030133313,0.13457048,0.041670755,0.019096509,0.012068141,0.0646436,0.065983124,0.059089087,-0.04919466,0.062290028,0.09962406
-0.025979765,0.09330546,0.012322354,0.12255742,0.10141418,-0.055731546,0.0535804,-0.07901096,-0.04972512,-0.030400624,-0.024066212
-0.20358148,0.026681695,0.018362692,0.04365151,-0.01762177,0.040470466,-0.26216993,-0.13297342,-0.05979534,-0.0506216,-0.1622049
0.012139443,-0.0406262,-0.018516626,-0.109997764,0.08089007,-0.11341795,-0.02598767,0.29624164,-0.09463197,-0.00443377,0.44701746
0.016253432,0.043728698,0.017839769,0.029717997,0.06954423,0.023382377,0.059653457,0.27747768,-0.03447401,0.04304869,0.36196208
-0.024571916,-0.076460056,-0.0044956356,0.1340579,0.032936092,0.11646281,-0.10527355,-0.13466543,-0.021310966,0.024563009,-0.26126736
-0.069888264,-0.05003988,0.032094233,0.022842422,0.004605969,0.07699219,0.016063279,0.1163453,-0.14293094,-0.007736144,0.12658226
0.053589683,0.016437426,0.0067869765,0.018690314,0.016676443,0.09989306,0.09373705,0.16337192,-0.08795583,0.00073175255,0.29441702
-0.040498897,0.17744415,0.08043625,0.028084416,0.11912625,-0.67580396,-0.0440805,0.0050633964,0.049122997,0.04357275,-0.0878507
0.039615143,0.40232003,0.020860752,-0.1061573,0.10221631,-0.07217776,0.017759431,0.11057451,-0.03340408,0.06777864,0.18957475
0.054697175,-0.73009175,0.03263863,-0.17392166,-0.009460123,0.083473265,0.03584019,0.13392448,0.025478821,-0.0019309532,0.1387211
-0.028590793,-0.04025202,0.040891845,0.107356444,0.207231,0.104768574,0.024707997,0.059961364,0.20646182,-0.029492106,0.21287759
0.05342141,-0.014286299,0.010634017,-0.018148031,0.07195221,0.079593614,0.048866425,0.20005304,-0.10566266,0.029973675,0.45689234
0.049571425,0.22046402,0.078559265,0.09173799,0.121973895,0.14007631,0.12884477,0.10101389,-0.15257,0.03783702,0.020801429
0.031822987,-0.0063502383,0.02917805,0.15746064,0.080094025,0.025380684,-0.010470111,-0.08354495,-0.030073468,-0.096485265,0.08885536
0.04576255,-0.124991454,0.009700361,0.13438818,0.023838364,-0.15177244,0.06714824,-0.0681938,-0.065203466,-0.011122294,-0.10910141
-0.070844166,0.04992034,0.046446364,-0.017718803,-0.036771376,-0.10993689,0.047855757,0.06238738,-0.06602577,-0.014395341,0.15072644
-0.032665685,-0.005180534,0.031906415,0.015684599,-0.0029009862,0.037737817,-0.012513366,0.11292309,-0.10543462,0.011902658,0.14627428
-0.010849822,0.057771165,0.044026494,-0.015009082,-0.013527536,0.09164782,-0.038658556,0.045858804,-0.052018937,0.05529997,-0.05073837
-0.0469755,-0.1406075,-0.039425824,0.20159836,-0.02853144,0.064123556,0.00033251362,-0.21024853,-0.08884192,0.004825125,-0.1416673
0.018188436,-0.14296778,0.025089253,-0.022825694,-0.1869176,0.095865846,-0.21915057,-0.124960795,0.077218525,0.0394016,-0.123717725
0.02632763,0.004684764,-0.09861692,-0.010113129,0.06689965,-0.1487493,-0.011106037,0.11586129,-0.0714813,0.01700009,0.24955495
0.039459605,0.042935383,0.02855225,-0.066008806,0.0517215,0.084162466,0.11690504,0.1464798,-0.07396413,-0.04385144,0.25349706
-0.06425843,0.07070667,0.009446136,-0.0836921,0.01860525,-0.095815964,0.010319612,0.011450067,-0.045133792,0.03575028,-0.049077112
0.04898518,0.02947874,0.035209946,0.20313905,-0.120895654,-0.02539362,0.07066546,-0.21141231,0.005251976,-0.0061682397,-0.26214382
-0.0020570215,0.1149611,0.051025677,0.07768059,-0.0020990341,0.08040372,0.06731926,0.08828814,-0.081473425,-0.052462086,0.11949515
0.039951943,0.047518108,0.02267341,0.018796591,0.06234005,0.088208675,0.08036623,0.12730388,0.042009816,0.004707334,0.16199727
-0.039045036,-0.02064501,0.04165906,-0.12572367,0.066213146,0.12982768,0.025447534,0.20306508,-0.068711795,0.12289637,0.6649776
-0.00853101,0.15481177,-0.012061668,-0.25008386,0.029171994,-0.75491625,-0.051145907,0.13103484,-0.009507358,-0.10259789,0.028984591
-0.036547113,0.02007209,0.045342755,0.06464535,-0.006659877,0.076347575,-0.11253933,-0.15092829,-0.039098002,-0.023616917,-0.269754
-0.075053155,0.017438738,0.026196176,-0.13188171,0.05919575,0.06176786,-0.0074528805,0.17557968,0.12849146,-0.06810664,0.55639124
-0.06414347,0.0759753,-0.25059605,0.037987206,0.019910071,-0.5114891,-0.035209678,0.070205376,0.004315482,-0.061718203,0.17292978
0.038710356,0.09485893,0.008522421,0.0631941,-0.13258372,0.08485075,0.004169521,-0.11199505,-0.032010436,-0.04413631,-0.08617341
0.04534643,0.20066375,0.012217468,0.13060053,-0.0143014,0.10699335,0.1093251,0.049749482,-0.02659728,-0.021608904,0.121810585
-0.08265405,-0.12384422,0.016372446,-0.04511529,0.02517825,-0.5708942,0.064911984,-0.017542684,-0.05489124,-0.002438704,0.06512783
-0.047931466,0.026461126,-0.20199113,0.019589707,0.08303979,0.11136676,0.048995785,0.16392644,0.04982361,0.05452351,0.14940824
-0.08471049,0.0032508096,0.010462322,-0.11888336,0.044899672,0.047492348,0.06504684,0.14722784,-0.06124575,-0.056499403,0.21821152
0.03177793,-0.080407575,0.01588271,-0.012445088,-0.039368495,0.06766541,-0.0050311754,0.14257193,-0.073798,-0.06499234,0.5352425
0.007881238,-0.12962839,-0.0009480127,0.1263815,-0.13604656,0.029466618,-0.1224324,-0.15814143,0.0062419847,-0.001019813,-0.27429
0.02518631,-0.0042348574,0.039004166,0.0030103377,0.0835994,0.08776081,0.07789453,0.12578343,-0.08835991,-0.053850483,0.6430574
0.043685887,0.15624928,0.054380283,0.04489663,-0.0056261052,0.09515004,0.07917203,0.07284414,-0.06216906,-0.048520826,0.09908804
0.028604902,-0.12413205,0.053832017,0.10497283,-0.035522673,0.08494472,-0.014310793,-0.12624013,0.03630243,0.028657096,-0.30813012
-0.13678166,0.038432088,0.031170653,-0.44565302,-0.029136742,0.05973187,-0.013109158,0.07337732,-0.019446451,-0.07753693,-0.009258207
-0.00795828,0.019064689,0.051510077,-0.11927037,-0.13020998,0.08785239,0.030811435,0.16239388,-0.06355754,-0.04155863,0.1781981
0.046989936,0.10503257,0.023317277,0.080106534,0.013948186,0.07808004,0.077779815,0.007971129,-0.090569,0.0073070833,-0.03317287
-0.0205575,0.21124086,0.07297581,-0.028917423,-0.013512172,0.07196419,0.09038247,-0.17587414,-0.019629367,-0.05863043,-0.22219285
-0.010787915,-0.07201024,0.0971664,0.2771261,0.04680838,-0.24684694,-0.16308998,0.21537307,-0.012127591,0.003458215,0.5146942
0.019018931,0.10684413,0.00914861,-0.22197682,-0.019048225,0.03797159,0.011995889,0.12355451,-0.0757842,-0.024291597,0.22697335
-0.14162582,0.038583446,0.031176606,-0.44592428,-0.029229818,0.059783645,-0.012356545,0.07360839,-0.021383248,-0.075983584,-0.0087533705
-0.01152045,0.024986863,0.04490506,0.20567785,0.080706336,0.05320234,0.07820355,-0.19021675,-0.03812778,-0.05742538,-0.2788112
0.0138099305,-0.12886661,0.027053177,0.079576254,0.078481086,0.10316237,0.021770945,-0.095504895,-0.06423301,-0.040913433,-0.06874873
-0.046265185,-0.09854193,-0.10043338,0.107279025,0.15029377,-0.23443438,-0.103604615,0.17753485,0.1353983,-0.043381587,0.5538136
-0.024383659,-0.0010931459,-0.15613626,0.03753073,0.03839273,0.10797567,-0.25020972,0.104795516,-0.15910158,-0.042301893,0.59689564
-0.06447576,-0.054485306,0.042520296,0.025494585,0.08341396,0.09517477,0.023640543,0.16178387,0.0034029812,-0.059145052,0.406579
0.040123325,-0.027838105,0.011180206,0.01961915,0.08554728,0.13095221,0.05113415,0.1591719,0.043317284,-0.05959777,0.5728833
0.02425122,-0.05954905,0.05761366,0.16824128,0.38833243,0.09998135,0.06786816,0.040753804,-0.08987039,-0.02453916,0.37821296
-0.063708186,0.13835268,-0.022258956,0.10238318,0.08481065,0.052977573,0.09463998,-0.2293679,-0.20696874,-0.04934537,-0.1940704
0.046491884,-0.0064147096,-0.008198838,0.051246997,0.26579177,0.1362882,0.04504809,0.15076846,-0.096760206,0.03593817,0.60083354
0.040321097,0.16300634,0.027594635,0.06420583,0.010824338,0.11397995,0.08999665,-0.090954505,0.11748167,-0.050412677,-0.07000671
0.03848107,-0.067161314,-0.107266314,-0.1367895,0.102594085,-0.7119604,-0.04475189,0.25016543,-0.070224985,0.05169172,0.69075876
-0.0050563654,-0.06217698,0.03083913,0.03044306,0.13916638,-0.0632091,-0.1968888,0.03286197,-0.05194149,-0.0738016,0.32479298
0.014207953,-0.45287424,0.07745044,-0.2052273,0.06728947,0.06754887,0.08041864,0.12039869,-0.12960812,-0.02860447,0.3604414
-0.039626513,-0.035138607,0.015642643,0.12906341,0.089506194,0.0716629,0.037632562,0.14221418,-0.00984763,-0.060151044,0.4749883
-0.039717413,-0.039084107,0.02669633,0.15270387,0.08162786,0.07633757,0.09698577,0.078632265,-0.07068835,-0.056304917,0.43047148
-0.010880914,0.0655222,-0.0029379935,0.060915634,0.11970791,0.009366194,0.021987345,0.18043345,-0.08977567,-0.01964675,0.37126687
-0.04885786,0.21388286,0.008019109,0.050381158,0.008588189,0.04513253,0.07467554,0.027345857,-0.037019286,0.089568004,-0.17175497
-0.027451122,0.17895378,-0.03445849,-0.23188622,0.032949977,0.15424226,-0.022394296,0.06515347,-0.11025939,-0.06875326,0.03431572
0.059436884,0.058155995,0.020698655,0.011595614,-0.0009118253,0.022941088,0.042405725,0.15245499,-0.116505064,-0.11630729,0.23346666
0.06626449,-0.035896156,0.11458664,0.18117966,0.019255463,0.08238177,0.09700678,0.21375065,-0.0056529474,-0.0030513303,0.49961448
0.05068498,-0.052503616,0.06170508,0.21778634,0.079537205,0.11194793,0.15039468,0.1932617,0.0043823095,0.032455616,0.5211113
0.06262103,0.013941877,0.063290484,0.22755224,0.0679688,0.10501626,0.16814265,0.12901556,-0.035416927,0.0861021,0.5475367
0.044483915,0.09717404,0.026480952,0.1005476,0.07126867,0.10419033,0.03969213,-0.17262886,-0.02463688,-0.094189726,-0.08355299
-0.040772825,-0.10353955,-0.1849089,0.0770318,-0.13574608,0.069894746,0.015762858,-0.004805228,0.041054945,-0.042317275,-0.062457312
-0.028213933,0.34631175,0.047789603,-0.010352826,-0.10066103,-0.056864534,0.11193874,-0.081600055,-0.004540568,-0.017762458,-0.24157768
-0.12746444,0.069144204,0.010912077,-0.23874007,-0.049534734,0.046829484,-0.032643165,0.004889038,-0.117574304,-0.23759276,-0.03638348
0.043447644,0.008749384,0.013306826,-0.24570505,0.086102,0.0598163,0.06418175,0.17341763,-0.1541275,-0.07165992,0.34582365
-0.12771295,0.10505071,0.015802559,0.13222523,-0.01310181,0.058811594,-0.0014016387,-0.0112770945,-0.22121106,-0.02889753,0.2057435
-0.09698226,0.27865472,0.051968794,-0.22222835,0.05059965,-0.06931966,0.019184656,-0.02079568,-0.0105526345,-0.062008098,-0.20746651
0.031009713,0.4968641,-0.00047414255,-0.13352905,0.019194823,-0.016304638,0.042761814,0.22644712,-0.030128276,0.035075095,0.15150519
0.040827528,0.07077412,0.03722179,0.15624122,0.0152786365,0.0857166,0.077925935,0.02702887,-0.07402878,-0.045963034,0.11545651
-0.11759743,-0.2135562,-0.0147134885,-0.095511205,-0.07198803,-0.52504635,-0.10802308,-0.14169958,-0.07817988,-0.020375833,-0.0025772383
0.029819874,0.0889199,0.009665404,-0.16737133,0.086503685,0.09084419,0.09496279,0.19555743,-0.12632926,-0.076512925,0.5632452
0.05904754,0.21004985,0.055948272,0.07486676,0.00880997,0.107981145,0.080865726,0.034931786,-0.03054636,0.023166753,0.097741194
0.033192348,0.17385975,0.045499608,-0.08913494,0.04993997,0.08876191,-0.027091144,0.0011829613,-0.05458463,-0.07635863,-0.090897396
-0.047441576,-0.02413734,0.04333198,-0.0754222,0.07992741,0.08591765,0.06362079,0.24161765,0.12770015,0.11421233,0.41029438
-0.026272781,0.028899241,-0.007477103,0.03839938,0.062686376,0.13293529,-0.00043897398,0.13947853,-0.06899442,-0.041142672,0.14758591
-0.046221513,0.22192085,0.076504104,-0.21762277,-0.0043940092,-0.7073897,0.070345886,0.060572397,0.016290803,-0.01197729,0.06911665
0.04495366,0.07224545,0.030651033,0.026363285,0.06424655,0.08104333,0.090298474,-0.001566059,-0.08333686,-0.009923099,0.04603277
0.0019626638,0.057271432,0.045526814,0.20337659,0.037416715,0.075245515,0.14203745,0.04285911,-0.04110749,0.047368187,0.13263689
-0.037891258,-0.061350655,0.0060712975,0.13410133,0.10010666,0.08702463,0.1170586,0.09867327,-0.21309566,-0.04797474,0.4838828
0.029591506,0.046744063,0.031234039,0.13991328,0.049549434,0.09122683,0.099879585,0.07182083,-0.07345617,0.014086134,0.26185888
0.019097723,-0.030464534,0.07609815,0.11240971,0.09488719,0.08251887,0.023644336,0.19835582,-0.07376677,-0.007905945,0.5097059
-0.037910696,0.01574553,0.035943467,0.0012748148,0.10417912,0.06561429,0.07780226,0.1634673,-0.08023461,-0.03833815,0.7056704
0.017627085,-0.0700937,0.028865369,0.07647386,0.08909124,0.06067403,-0.16891289,-0.21934852,0.07684364,-0.044668198,-0.32629856
0.01510316,-0.027741868,0.08026118,0.0893686,0.07757999,0.07089573,0.007542797,0.15474169,-0.048741985,-0.021600492,0.52315605
0.025589686,-0.06357727,0.002700875,0.20037457,0.08823348,-0.0073475204,0.07544642,0.15006715,-0.0799943,-0.044154108,0.6935266
0.02420691,0.07771704,0.017794337,-0.1604465,0.02734923,-0.08191084,0.06734218,0.02375323,-0.074709445,0.1284498,0.026097653
0.014219486,0.029510941,-0.06851009,-0.08431117,-0.013422268,0.10800699,-0.06198826,-0.080655746,0.056244392,0.064611614,0.025361039
-0.032851823,0.044062465,-0.0045883968,-0.012458416,0.02127072,0.046483476,0.019085487,-0.3278898,-0.015175897,-0.087257184,-0.15314777
-0.030830113,-0.13042685,-0.16161874,-0.010271339,-0.13792256,0.087481566,0.008538,-0.06243362,-0.0032232306,-0.0006181794,-0.3009243
-0.0068841316,-0.062208373,0.05500871,0.23728247,0.005882942,0.09351435,0.028180897,-0.04245727,-0.045329135,-0.053162143,0.34646192
-0.0036288102,-0.010151431,0.042904455,-0.39903492,-0.013759292,-0.02801087,0.021672707,0.10805462,-0.02302794,-0.118985005,0.21546766
-0.010050252,0.17198312,0.03470148,0.012093636,-0.022043139,0.13869949,-0.0018203141,0.042568274,-0.11477062,-0.04963005,-0.055049457
-0.0038590843,-0.047448575,-0.21689491,-0.072327495,0.0785861,-0.14351872,-0.031034695,0.17886212,0.088083416,0.0036379169,0.36782262
0.015615135,0.3546757,0.07013406,-0.15695548,-0.093783684,-0.046495765,-0.050897345,0.16087767,-0.046133973,0.029914144,0.13154744
0.027637262,0.2405199,-0.08764156,-0.1938065,4.084854e-05,0.09250909,0.0055887965,0.06335893,-0.15743436,-0.050732426,0.13254872
0.03923824,-0.18467769,-0.0554852,-0.07121426,-0.11600831,-0.64665127,-0.043021526,0.017556095,-0.035705335,-0.0020317018,-0.20614327
-0.026417376,-0.003707355,0.053729035,0.0137468185,0.07824939,0.09919943,0.07955513,0.21715458,0.015859572,0.023480097,0.7107415
-0.1965039,-0.13162649,-0.08104566,-0.04326485,-0.30244425,-0.2629102,-0.06839496,0.14832759,-0.12828864,-0.008274795,0.32645893
0.011739488,0.061971918,0.019083323,0.25827107,0.05394643,-0.56383115,-0.016972197,-0.12633233,0.004331329,-0.0117987245,0.5613635
0.054686185,0.15462448,0.035647906,-0.14374407,0.02229236,0.09540552,0.07381937,0.12673324,-0.14553474,0.05807171,0.17447105
-0.06651397,0.14419767,0.067651086,0.029916024,-0.018723916,0.04048823,-0.003534626,0.12207295,-0.07237069,-0.09679288,0.13337287
0.026460813,-0.09449515,0.0013497572,0.018974328,0.02607487,0.07791437,0.040421046,0.23211418,-0.045736764,-0.035822254,0.6753747
-0.08589814,0.087778196,0.04996201,-0.035085175,-0.013762993,0.07448368,0.092347026,0.044596117,0.10655584,0.025421731,-0.16028525
0.014303739,-0.08987521,0.027289405,0.052015655,-0.053476542,0.10192461,-0.100635104,-0.12793103,-0.005593438,0.010362311,-0.24708243
0.012333033,-0.07931724,0.03707178,0.061745625,-0.10096976,0.08284701,-0.12828012,-0.10528348,-0.013757675,0.019353969,-0.2795961
-0.037859287,0.028826868,-0.00051830354,-0.14496851,-0.008903473,0.13348898,0.11807121,0.061380576,0.1882451,0.1053138,0.12546828
0.050645404,0.31460893,-0.0055485372,0.039283536,-0.022837,0.12196739,-0.0059585357,-0.10935988,-0.07994922,-0.04269112,-0.28119883
0.027767165,0.06573647,-0.005915802,0.18643142,0.0718795,0.006959119,0.013703966,0.06675963,-0.13100913,0.03983758,0.06862333
-0.023632355,-0.16184798,0.040637203,0.42616472,0.012415674,-0.77466446,-0.12487097,-0.09040291,-0.033007078,-0.09755926,0.44943288
-0.010348754,0.048452225,0.044309605,0.1235055,0.046754986,-0.033096403,0.04410427,-0.043694142,-0.06948148,-0.12654871,0.2413103
0.04446623,0.03937415,0.027287664,0.0016788632,-0.1260414,-0.06066339,0.04172669,0.049869794,-0.00252329,-0.030857265,-0.0564146
0.035477526,0.01766872,0.042710193,0.13477965,0.0655389,0.074744575,0.048861533,0.100170955,-0.05242199,-0.040293034,0.42809477
-0.00976722,0.049309887,0.027930189,0.070174806,0.05326432,0.096353605,-0.0008130959,0.09275148,-0.07405309,-0.044333443,0.14998418
-0.04835872,-0.08441564,0.06501873,-0.02009779,-0.08449905,0.08116907,0.04777352,0.00093850616,-0.020774312,-0.033257857,-0.23319334
0.033869866,-0.04868757,-0.045108184,0.019131966,0.08425322,0.088247724,0.062319636,0.14931214,-0.050274193,-0.040864028,0.46091413
0.02356114,0.18154536,0.002914641,-0.23983558,0.041334826,0.04691724,0.08182858,0.1413462,-0.09567076,0.013207821,0.09270682
-0.007242197,-0.052264076,-0.023652423,-0.16169967,0.062183768,-0.064821824,0.08744935,0.30713275,-0.0350743,-0.014198168,0.46705747
0.03341324,-0.046852775,0.044758186,-0.09586581,0.07310901,0.15058596,0.056403138,0.18118514,0.096228324,0.08045841,0.21029207
0.013673671,0.0033126208,0.13197036,0.15227155,0.18216111,-0.08979758,0.00088750286,0.050966565,-0.084582634,0.11825024,0.58878404
0.026194114,0.05761563,0.026764339,0.11414769,0.06803564,0.093701474,0.08243129,0.03592031,-0.08219171,-0.026164629,0.103505485
-0.03453509,-0.04943662,0.059480328,0.03357451,0.07600916,0.105861984,0.032147728,0.16009545,-0.10751785,-0.030091757,0.15122084
-0.0064792177,0.028331637,0.023726556,0.069736026,0.05464862,0.09028322,0.0038928299,0.086135164,-0.08130473,-0.028607136,0.15880725
0.038352147,0.27405602,0.00079922366,0.060704876,-0.0041045505,0.10948743,0.037058994,0.0628417,-0.070606925,0.0045851083,0.12564789
0.018438604,0.06851577,0.024554182,0.14470081,0.02018219,0.122086324,-0.06780282,-0.16167305,-0.015781196,0.0179341,-0.17685844
0.03348614,-0.014613104,0.01281309,0.10319345,0.040937945,0.09675412,0.032008927,0.17664456,-0.019578999,-0.014448551,0.5643707
0.0062097646,-0.017879827,-0.14452927,0.10619123,0.13968103,0.12825505,0.06371327,0.21558423,0.09324581,-0.014497521,0.33805835
0.020923663,-0.10940174,0.014623576,-0.002624171,0.007230443,0.09303736,-0.25410852,0.022204593,-0.16471176,0.006873821,0.115030244
0.08948961,0.32915914,0.08560509,0.34598854,0.015427703,0.06665966,-0.061486736,-0.15008317,0.0081829475,0.030668871,-0.21963698
0.0074118553,-0.05799136,0.040823065,-0.1498778,0.070346914,-0.0007021347,-0.011911831,0.17733206,-0.098891,-0.06847982,0.62088734
0.017867299,0.3833956,0.08073604,0.17616825,0.013068205,0.060797714,-0.041612145,-0.060024437,0.02623664,0.033657253,-0.17746624
0.044660334,-0.008094434,0.06070276,0.044191334,0.06843871,0.11644959,0.10336522,0.15703878,-0.046716247,0.13115424,0.58497936
-0.047095757,0.05001963,-0.2612297,-0.09184898,0.10636519,0.123140424,-0.10384968,0.04902593,0.10947106,-0.057329956,-0.2191939
-0.27270827,-0.04260478,-0.29802427,-0.13612519,-0.037432726,-0.08900773,-0.030444976,-0.31898725,0.039637297,-0.14469391,-0.92857915
0.013784892,0.0010897032,0.023165554,0.20892386,0.080182396,0.082340814,0.0034804493,-0.051968846,-0.03729381,-0.027154878,0.23519497
-0.0675274,0.080397725,-0.15508035,-0.053792156,-0.008315384,0.091135345,-8.997123e-05,0.028519684,-0.059799884,-0.059516862,-0.053360738
-0.017749287,-0.088541225,0.06233216,-0.022054544,-0.2008878,0.04338499,0.082796335,0.15825921,0.05991688,0.005493741,0.55550754
0.015800327,-0.13783269,0.046083555,0.06635139,-0.16984433,0.06787712,-0.07215344,-0.16790818,-0.020390702,0.046067506,-0.29224318
-0.009639168,0.22733809,0.052730847,-0.13008203,-0.0019651751,-0.073587656,0.058781754,0.0062123598,-0.040061295,-0.04362907,-0.12452859
0.04836401,-0.08270153,0.04981792,0.12812296,0.018406669,0.03571948,0.088960454,0.09822147,0.05019896,0.08536074,0.3767052
-0.013345664,0.072200336,0.05628678,0.038385514,0.010575849,0.11240261,0.049358245,0.15613264,-0.05671889,0.09667481,0.11491538
0.008707116,0.0237739,0.042860817,-0.056631036,0.066106886,0.11641092,0.09017092,0.17047484,0.10244495,0.012024165,0.25036973
-0.09997826,0.045137342,0.029080752,-0.10166483,0.061702985,0.075712524,-0.0044891597,0.019449407,0.21484338,0.10134841,0.104439795
0.016530782,-0.24666722,-0.28880087,-0.30667427,-0.028604858,0.049264736,0.04494179,0.0068895556,-0.08023891,-0.057318572,-0.19739904
0.055707265,0.04836371,0.056560643,0.11517642,-0.019173104,0.106318355,0.026635354,0.19459175,-0.0426404,0.03608247,0.43143693
0.0136764385,0.24236657,-0.007004511,-0.08118141,0.012296935,0.0081346845,0.070540026,0.19580291,-0.052620616,-0.02722397,0.17392617
0.03362461,0.20952617,0.06223106,-0.12229123,-0.061558288,-0.012835972,0.016902274,0.06797044,-0.03800809,-0.019753065,0.13621505
0.042455036,-0.090358436,0.043225877,-0.016943177,-0.23397762,-0.110986084,0.07141898,0.16109172,-0.032322776,-0.00858132,0.5425118
0.04616504,0.4271097,0.041250303,0.02827629,0.08494192,0.14366283,0.121414855,0.040945046,-0.049387433,0.05777056,-0.099950634
0.046753217,0.18665577,-0.15198238,-0.008155667,0.017455427,0.05975882,0.016844226,-0.03985893,0.022895744,-0.010136533,-0.18533634
-0.04508708,-0.04098178,-0.0694649,0.10814111,0.07461385,0.07059246,0.04014414,0.08920953,-0.21330811,0.067314975,0.3819578
0.04674562,0.09538051,0.050719004,0.016863039,-0.0028642311,0.10457242,0.11125348,0.16880164,-0.05209514,0.071084864,0.06812685
0.040452767,0.082986824,0.052955814,0.024444522,-0.0036170052,0.11013989,0.11095923,0.15619949,-0.06572735,0.105879106,0.08835785
0.0071057295,-0.077719614,0.043000363,0.057467993,0.03338123,0.10132667,-0.1395612,-0.089501396,-0.059156198,0.0066419435,-0.28579587
0.0025610148,0.008228608,0.022187093,-0.26715776,0.0015330708,-0.47951567,0.032925356,0.06559985,-0.028318515,-0.01302692,-0.0050761737
0.019613698,0.39415735,0.09047654,0.039600573,0.05926652,0.04968658,0.083773084,0.3090704,-0.049123615,0.07363368,0.6822358
0.008049718,-0.08734455,0.039732132,0.062220145,-0.031932198,0.072574966,-0.11989453,-0.118919134,-0.05162215,0.0047796345,-0.28600186
0.04654616,0.14330973,0.055751137,-0.052295227,0.006455561,0.07423863,0.08182649,0.15718518,-0.12106018,0.05965078,0.17910637
0.04123727,0.04535889,0.06570423,-0.09888466,0.021578392,-0.16449876,0.08154155,0.02683072,0.19977425,0.030798616,-0.112780415
0.0066970424,0.008834393,0.029272765,0.059545822,-0.019694557,0.07550603,-0.1202698,-0.13188517,-0.05154009,-0.03411149,-0.3035619
-0.029752553,0.0004883986,0.035445414,0.0010443574,0.065180466,0.11950774,0.027545018,0.15900208,0.15197906,-0.063419156,0.2721911
0.03597394,-0.04857045,0.04266279,0.18945749,0.09552271,0.08546704,0.046377175,0.097166605,-0.0551088,-0.075614944,0.5007575
0.023077734,0.005370102,0.03973867,0.17144991,0.052125458,0.043298207,0.03834136,0.07470164,-0.03224344,-0.081425555,0.39500597
-0.009557843,0.024580581,0.04973713,0.09692853,0.0658734,0.08737318,0.09571875,0.16338614,0.007625571,-0.039284974,0.60945326
-0.057922274,-0.04010916,0.029348359,-0.067383975,0.07887866,0.099738754,0.025218545,0.17420231,0.021091375,-0.06962476,0.6547722
-0.00041794803,0.064624034,0.06251288,-0.062351994,0.038761742,0.059284985,0.10133772,0.1450347,-0.055170994,0.04612282,0.6046004
-0.26159653,-0.039700065,-0.112059884,0.03435132,-0.008935857,-1.2525423,-0.29483724,-0.15790263,-0.22732991,-0.051291782,-0.092180826
0.01524776,-0.100775346,0.06194229,0.17293648,0.07589219,-0.09277362,0.10412865,-0.10338899,-0.057243325,-0.021406643,-0.104694135
0.025032837,-0.03294368,0.06510443,0.110370435,0.051285997,0.09196036,0.1353364,0.1340036,-0.07039807,-0.04366111,0.5027104
-0.004963201,-0.06065241,0.055745702,-0.010635216,-0.04534827,0.071257144,0.02136675,0.18233322,-0.07408076,-0.054697204,0.65020365
-0.075981826,0.0759793,0.06183604,-0.104913756,-0.016764896,0.19626456,0.038887244,0.08453928,0.124929465,0.16693334,0.12658937
-0.046814524,0.03620987,0.047794472,-0.1796289,0.046869617,0.07710823,0.10899421,0.19155844,-0.06243255,0.10856792,0.605601
0.046390854,0.3711461,0.06825383,-0.110062845,-0.010399467,-0.012003203,-0.09473009,0.17575435,-0.04121149,-0.0048235115,0.26425675
0.022764334,-0.13819173,0.03013914,0.08774525,-0.0548533,0.0881454,0.02431957,-0.13806665,-0.012741012,0.03184718,-0.28322762
-0.013767631,0.12945136,0.017049173,-0.1852045,0.030203002,-0.05255368,0.037036505,0.28073707,-0.02626944,0.018156217,0.3985317
-0.05848689,0.080298536,0.011334278,-0.20621577,0.026684377,0.034956455,0.11262532,0.19296978,-0.08121879,-0.0001922564,0.16853012
-0.0010293571,-0.083713606,0.04784971,0.11729792,0.010336896,0.07400148,0.039163087,-0.0050000036,-0.08840018,-0.042982593,0.15092288
0.04140787,0.16174707,0.05170252,-0.059142224,0.0140519375,0.0342107,-0.0070620957,0.17031255,-0.056919646,0.16008496,0.41289818
-0.093530945,0.026285509,0.04566894,-0.09465815,-0.022954844,0.08219555,-0.019375129,0.014127332,0.09332577,0.0014128054,-0.022910943
-0.046670493,-0.16413034,0.0026840966,0.02345995,-0.10891426,0.066612475,0.078803934,-0.2430649,-0.035678018,0.016464764,-0.08968077
-0.035,-0.060707495,0.06357535,0.03376084,-0.0039316816,-0.17842539,0.0034744446,0.26814064,-0.0037449843,0.015365857,0.45935252
-0.092388086,-0.013639823,0.047309883,-0.09110764,0.0683578,0.12515424,0.034218404,0.14427456,0.17625494,0.01174827,0.41676027
0.022441328,0.119753115,0.06594105,-0.09966171,0.046968807,-0.12198153,-0.0025693297,0.14151336,-0.07463155,0.01733859,0.2297243
0.03337431,0.1728702,0.048946377,-0.0980762,-0.0038924003,-0.23269473,0.022192346,0.06229727,-0.06122134,0.015168482,0.15713952
0.03399088,0.006630856,0.05501546,0.08617643,0.069759764,0.116334155,0.11069749,0.17572956,-0.023386434,-0.0499124,0.51738185
0.033085924,0.19877216,0.05487928,-0.09371406,-0.014708936,0.117807426,-0.16429766,0.010419804,-0.04072903,-0.063307926,-0.11974126
-0.0020572874,0.23329085,0.09626521,-0.12182023,0.06476593,-0.20978819,0.10705395,0.1164138,0.20912218,0.16106103,0.011973142
0.012649543,0.007133438,0.047776397,-0.26702923,0.03259932,-0.15028179,0.046041615,0.16399387,0.04619266,-0.061259247,0.11874948
0.044791907,0.07676386,0.033733103,-0.09513044,-0.010902745,0.07961367,0.07289439,0.16288894,-0.1031455,0.020652851,0.11902221
0.02810734,0.09476295,0.046082757,0.054951474,-0.0033996482,0.08589909,-0.15911897,-0.114988774,-0.017454939,0.0041115,-0.14786012
0.019153647,0.090151526,0.04600629,0.05966766,-0.015433037,0.10116575,-0.012444957,-0.08318699,-0.020802815,0.0088460585,-0.05867413
0.050058056,0.053193834,0.06821989,0.07266632,-0.0009148877,0.08510673,0.013567303,0.09980197,-0.04462394,-0.055780593,0.3969243
-0.050520852,0.20068108,-0.20260449,0.00326558,-0.020631514,0.08859304,-0.0114906505,0.023355376,-0.03733419,0.057402007,-0.1698181
0.03359329,-0.10819585,-0.021438496,0.032146286,0.07148459,0.020585403,0.02807367,0.16509914,-0.061534118,-0.026292186,0.16438161
0.025646312,-0.1771484,0.09230245,0.18761417,0.0019049518,0.09448129,-0.06283144,-0.0913063,-0.005646084,0.09594104,-0.24558882
0.03329304,-0.10844626,0.08702262,0.29273638,0.013083074,-0.44386426,0.004671255,-0.14560278,-0.016328702,-0.013328485,0.078228086
-0.026817266,0.27289295,0.083590984,-0.019203361,-0.06283665,-0.05490998,0.10030839,-0.07840223,0.00095463794,-0.017234249,-0.22441384
-0.012085282,-0.07352025,0.056516524,-0.1649876,-0.029937629,-0.14922182,0.07454814,0.17173392,0.07206015,0.006648315,0.42989486
0.037838608,-0.018388385,0.054419305,0.0936062,-0.079696745,0.055155657,0.008036347,0.029547298,-0.06916251,-0.027446015,0.16170473
0.030124895,-0.1351168,0.09626537,0.17746696,1.8560102e-05,0.08931281,-0.059497014,-0.091239914,-0.0062873554,0.09156762,-0.24515007
0.01924543,0.2685499,-0.032618675,0.06790291,0.0032062351,0.10503562,-0.10154803,-0.08332657,0.0036973162,0.008571171,-0.0781121
0.02241983,0.27636218,-0.03470012,0.117500484,0.006588093,0.103046924,-0.10208388,-0.06079037,0.0029706615,0.006227401,-0.07947543
0.030585574,0.24858914,-0.15535009,0.030719431,0.00992044,0.09463789,0.0033686168,-0.07711147,-0.046370342,0.0039746095,-0.031583156
-0.0006417885,0.18487908,0.07065208,0.10075476,-0.028741539,0.011876394,0.039680913,-0.14036788,0.08118767,0.032070324,-0.18517473
0.035633616,0.088591136,0.06565943,0.124130115,-0.11439523,0.10263659,0.02014185,0.051706094,-0.04281783,0.03642922,0.11362827
-0.074294135,0.015901092,0.053730503,-0.15634152,0.049482804,0.100277245,0.081873864,0.17655472,-0.0806945,-0.07032974,0.4715098
0.04630159,-0.061793376,0.05030429,0.12740722,0.061169714,0.08062026,0.01974828,0.0731002,-0.1346773,-0.039992776,0.47980717
0.025848253,-0.094144575,0.048537124,0.17510839,0.06725891,0.09392946,0.0005204873,0.06827554,-0.08530446,-0.037251994,0.48219755
-0.064960055,0.05921888,0.040078193,0.23828934,0.061631165,0.117652185,0.04627515,-0.03540113,0.0603657,0.053827304,0.24905771
-0.036905475,-0.06151182,-0.18054366,0.15279476,0.021441167,0.027966358,0.08234792,0.04174244,-0.069266155,0.014369493,0.45484158
0.013431758,0.13418564,0.067538574,0.16178392,-0.024106564,0.09370911,0.011832247,-0.11141106,-0.059758503,-0.06950131,-0.037331495
-0.042052083,0.062218282,0.055783458,0.25244576,0.07899941,0.02294362,0.12828133,0.09774974,-0.04570709,-0.02227142,0.12924412
0.030859098,0.2064268,0.06312718,-0.15813904,0.07543707,-0.08000144,0.037788887,0.21597977,-0.0697577,0.0062852525,0.18470667
-0.04430798,0.041389454,-0.0113185225,-0.19069032,0.010230553,0.037422284,-0.12185318,0.20543753,-0.07621961,-0.052059,0.07711223
-0.005386996,0.061252624,0.00940945,0.058806263,0.06579254,0.06396717,0.0025463162,0.17647582,-0.07435141,0.041158665,0.416409
0.0037013988,-0.057888836,-0.18623434,-0.21105455,0.043389585,0.047915496,0.014870434,0.18097211,-0.078109406,-0.05183455,0.36264792
-0.035443425,-0.06256574,-0.033420082,-0.14820352,0.074476615,0.059327442,0.05759739,0.17520057,-0.04905851,-0.066157706,0.60247433
0.039039716,0.18652068,0.06525176,-0.08774256,-0.012330865,0.10150773,-0.062443938,0.017070571,-0.01696898,-0.063458994,-0.092444584
0.06430563,0.07361197,0.07305477,0.27978987,0.059148137,0.090224564,0.09679767,0.1045443,-0.062406503,0.020487396,0.08037625
-0.1023076,0.18960752,-0.012762264,0.0063337665,-0.11981067,0.091924034,0.04248373,0.04432448,0.16171092,0.006766754,0.14267199
0.050456543,-0.065638706,-0.02772114,-0.008590424,0.08783303,0.122435376,0.075209126,0.18831503,-0.06258917,-0.06469306,0.64806974
-0.09763369,0.14970785,-0.21428989,-0.08470811,-0.017590912,0.083286926,0.034603145,0.05756274,0.035265505,-0.075007066,-0.22751
0.046915784,0.112520434,0.00571961,0.12514836,-0.034580488,0.08296105,0.024935758,-0.14472485,0.011167307,0.0324346,-0.080159776
0.027085025,-0.095303185,-0.017394617,-0.081407905,-0.07394808,0.124291025,-0.107014455,0.038230274,-0.05634499,0.04603488,0.15214187
-0.047493123,-0.026654392,0.06803071,0.12303848,0.06891289,0.17779423,0.047833152,0.19329359,-0.05458346,-0.04449293,0.4833495
-0.055110876,-0.13356492,0.009260875,0.12761818,-0.011945165,0.009920596,0.046093576,-0.20728691,-0.10937677,-0.028101163,-0.28826734
0.05570885,-0.041356888,0.043906,0.04101375,0.0060469857,0.117287226,0.09927199,0.18792637,0.041826468,0.019026482,0.46431983
0.051636335,0.19154733,0.0340959,0.1454826,-0.006039442,0.10751678,0.10609172,0.040925212,-0.03527361,-0.043345198,-0.010441434
-0.0032696943,0.07155642,0.050085396,0.017260427,-0.032651644,0.11840492,0.011112395,0.019032126,0.17630185,0.042881362,0.11467051
0.023022138,0.09957903,0.036500767,0.07970136,0.024467457,0.105376676,-0.12770085,-0.09594095,0.010769049,0.0643698,-0.07611203
0.009100662,-0.06295609,0.044411976,-0.0770416,0.06381602,0.066423565,0.09912065,0.12318982,-0.06047027,-0.03754766,0.30753607
-0.1214375,-0.111200675,0.069394365,-0.032832682,-0.24784233,0.019743893,0.020313343,0.17803772,-0.12087338,0.02273245,0.4708602
0.023979131,0.06392061,0.055951666,0.18390997,0.10415147,-0.3000977,0.007414045,-0.08265151,0.009190193,0.027796365,0.5884155
0.048754014,-0.058783878,0.03865048,0.15341058,0.009780966,0.07345717,0.0688049,0.045051355,-0.056443404,-0.034278683,0.46819156
0.074607335,-0.03979148,0.043372676,0.20843114,0.069529675,0.12205769,0.1075154,0.18832588,-0.041451,-0.017672116,0.4615085
0.032200024,-0.1201409,-0.021106713,0.14460272,0.061153624,0.0866305,0.028518874,0.028188596,-0.07634268,-0.06932272,0.45917073
-0.0216573,-0.05552802,0.012882494,0.15316279,0.068046674,0.07700971,0.08591038,0.046248533,-0.18829061,-0.034185484,0.40963268
0.010178655,0.0063607707,0.032826345,0.050356112,-0.0062429365,0.07437892,-0.12808579,-0.13234693,-0.04031988,0.013786654,-0.31168872
0.01172283,-0.0556615,-0.016090699,0.056853946,-0.0132493125,0.08215557,-0.12150797,-0.14680363,-0.039606377,0.033778064,-0.3131315
0.01875519,-0.11182873,0.065661214,0.15969096,0.09777737,0.11562179,0.03602404,-0.058828782,-0.03345548,-0.022746185,-0.09024066
-0.030263225,0.19030567,0.05666774,0.008862851,-0.0007120546,0.07815719,-0.11453739,0.008930563,-0.03501419,-0.051082008,-0.09276095
-0.056660004,-0.12736847,0.035062503,0.057402883,-0.15382102,0.09530254,-0.1493047,-0.1694885,0.108275734,0.067705214,-0.26638812
-0.03193728,-0.08472425,0.049799915,0.14783831,0.08877665,0.029580804,0.098529376,-0.0066521643,0.027392939,-0.005875356,0.18586788
-0.019837454,-0.053812105,-0.14530575,0.0076950947,-0.10699379,-0.13356294,0.062093925,-0.0749257,-0.008811918,0.008003891,-0.018450584
-0.10394319,0.09115461,0.026450014,0.011747494,0.053828046,0.021561323,0.0777675,-0.0017250809,-0.22769384,-0.02841464,0.032992497
-0.15199697,-0.06643532,-0.08246903,0.006011234,0.06262452,0.09952642,0.014395208,-0.030017782,-0.330467,0.019418797,0.0057495497
-0.010681589,0.1823472,0.07527749,-0.16375704,0.010816219,-0.45665184,0.08885101,0.16313645,-0.021133723,0.048233125,-0.009315866
-0.027562741,0.26778987,0.047078166,-0.19845608,0.03894504,-0.11136006,0.05440778,0.08474446,-0.0516369,0.022371905,-0.08779069
0.029873287,-0.1597365,0.046561196,0.11996137,0.019789008,0.11682387,-0.11330737,-0.15298699,-0.011714793,0.01260834,-0.13273253
-0.0722493,-0.052306958,0.008639204,-1.2439196,-0.2770847,-0.13522284,-0.040249288,-0.021780398,-0.014219856,-0.09196673,0.0050226543
0.03864397,-0.048705716,0.04835924,0.041028365,0.12171079,0.098686844,0.016590634,-0.044036053,-0.051549356,-0.02400947,0.16800807
-0.069920845,0.2102786,-0.14323701,0.0045340895,0.07635104,0.08683383,0.107427664,-0.05688335,-0.044411294,0.08080398,-0.17437096
0.0230597,0.06932257,0.06874263,0.08522661,0.014210425,0.11782688,0.002595741,-0.14554048,-0.026655354,0.035972487,-0.12318746
0.0392499,0.15243694,-0.033973064,0.23558241,-0.04786265,0.06995498,-0.12088505,-0.17822546,-0.04772562,0.09856747,-0.17022243
-0.0805552,-0.021356136,0.028835574,-0.022782696,0.09446923,0.13562877,-0.032209758,0.21586955,0.19447021,-0.08056228,0.5395645
0.022307789,-0.09218967,0.039319523,0.13930458,0.10129004,0.071898215,-0.037889965,-0.14215446,-0.030809885,0.037714515,-0.19242935
-0.045595337,-0.8134766,-0.010895875,-0.32501557,0.03524781,-0.2661948,-0.016805178,0.22146082,-0.14622012,-0.05329461,0.58241653
-0.067969605,-0.16717343,0.012507789,0.07436226,-0.15161039,0.07511087,-0.02122927,-0.20098056,-0.046141528,-0.036383256,-0.35554197
0.039530326,-0.07345038,0.08125512,0.095774874,-0.029948873,0.10550139,0.10057005,0.24443595,-0.045876537,0.08274733,0.61644745
0.024468653,-0.04064489,0.07317946,0.0945596,0.06936742,0.02299405,0.019756956,0.29115123,-0.042677477,0.059484873,0.7040856
0.033625845,0.30980316,0.038585007,0.22896469,-0.089951746,0.08255954,0.0009630062,-0.21187085,0.043448295,-0.024105936,-0.26650995
0.046687584,-0.05149122,0.046220828,0.05472466,0.08899936,-0.26445204,0.075435214,0.117777385,0.15412185,0.02487114,0.38522404
0.031400017,0.28845772,0.024794795,0.2250709,-0.00529511,0.08267001,-0.00045978787,-0.22384788,0.049883462,0.0013701846,-0.26248825
-0.061410975,0.043758113,-0.013209928,0.11871885,0.06272105,0.1172193,-0.030682443,-0.05657868,0.12722403,0.00961756,0.1479419
0.025242543,0.29178208,0.028495716,0.06440519,0.0054679047,0.077611506,-0.007067852,-0.20290172,0.023849132,0.036780432,-0.22765589
-0.053998925,-0.088748276,0.038233932,-0.0023319256,0.020285632,0.09670955,0.046235304,0.088011,-0.15333943,-0.16434598,0.15742114
0.0053532985,0.005378177,0.050055243,-0.18428954,0.061741132,0.078103654,0.05827607,0.18711543,-0.06806885,0.0790627,0.6373074
-0.103988074,-0.0787267,0.058525942,0.07578412,-0.14496852,-0.13225304,0.050246507,0.14278485,-0.07872267,0.010429924,0.3537046
0.0404291,-0.014695676,0.04872873,-0.20735201,0.05213503,0.047461517,0.02283836,0.21203387,-0.015646515,-0.11037642,0.3643651
0.021779468,0.0583659,-0.21388443,0.14947826,0.024513107,-0.12078832,0.1017804,0.023536807,-0.058085732,0.07039076,0.070596874
0.016950995,-0.121941485,-0.15224978,0.06344792,-0.12614532,-0.030917471,0.07540279,-0.10866079,-0.055078674,-0.032915723,-0.28370896
0.002018269,-0.17989637,-0.024637166,0.033448108,-0.09508117,0.060374778,-0.059855048,-0.16953206,-0.012562556,0.00043827842,-0.2668073
0.026211819,0.10301423,0.04692047,-0.15888354,-0.014680799,0.04840876,-0.0028105895,0.09371335,-0.093096,0.0012720964,0.17246817
0.013667435,0.00922776,0.06175063,-0.2741859,-0.0044754758,0.08101767,0.021849476,0.0324784,-0.09777252,0.0058548506,0.116422206
0.029481618,-0.08091136,0.06826488,0.07633354,0.07928212,-0.08452182,0.0732311,0.20929207,-0.03848105,0.008105434,0.31758675
-0.04056376,0.12580897,-0.17783365,-0.07948435,-0.0066571888,0.05594424,-0.012146952,0.14802887,-0.08604308,-0.06964168,0.11062792
0.002018269,-0.17989637,-0.024637166,0.033448108,-0.09508117,0.060374778,-0.059855048,-0.16953206,-0.012562556,0.00043827842,-0.2668073
0.042756055,0.2674986,0.046469867,0.09877865,0.0800691,0.24372694,0.11952574,0.047461823,-0.047591895,0.099405296,0.42225772
0.05988405,-0.14198954,0.043170806,0.10379574,-0.051792007,0.075725265,-0.106085055,-0.10585452,-0.024054015,-0.02318677,-0.07649715
-0.07609849,0.1958105,0.06261236,0.1065156,0.014265622,0.056147356,0.1367927,-0.102345966,-0.0055648796,-0.044585027,-0.24992578
0.008057281,-0.04830238,0.054205745,0.08878224,0.08822137,0.109515004,0.03928463,0.17803715,0.032823883,-0.054409657,0.69632375
0.06764584,0.038962644,0.06115198,0.087695755,0.057405256,0.10202046,0.013502828,0.18139453,-0.116728775,-0.024375215,0.09385014
0.016895989,0.07590922,-0.010593141,0.10507361,-0.042543843,-0.3574119,0.026418721,-0.20214844,-0.024612254,0.041685056,-0.18627745
-0.019007396,-0.07309171,0.052967038,0.16088307,0.06980851,-0.021252722,0.06641965,-0.017041657,0.021546407,-0.007953017,0.18969062
-0.06151788,-0.208947,-0.34309694,-0.2144026,0.049596913,0.08189944,-0.0038570038,0.12801865,0.01399839,-0.15575099,0.4328106
0.052044276,0.031422477,-0.037561174,-0.2870392,0.01620782,0.048024457,0.020447409,0.1789081,-0.10880075,-0.036884535,0.3353775
-0.032641366,-0.16323005,-0.25547445,-0.22328006,-0.017349426,0.09049595,-0.06101163,0.107150115,-0.06413514,-0.016238255,-0.08732331
-0.08911104,0.29523942,0.046183325,-0.12137935,0.11695588,0.09903452,-0.008339111,0.18363994,0.2593714,-0.06335789,0.20482497
0.00010140886,-0.041319612,-0.09808901,0.005034906,0.15373236,-0.147685,0.056378413,0.3164122,0.17546645,0.09518961,0.6465735
-0.0108666085,0.1082363,0.10486819,0.10018273,-0.02704346,0.12142394,0.024895975,-0.18897581,-0.015579366,-0.06828664,-0.2687503
0.03138116,0.23220137,-0.0018742426,0.07873168,-0.070588425,0.112478755,0.0034106204,-0.098844685,-0.07752098,0.05153823,-0.04421642
0.041383095,0.06397425,0.063614845,0.08397595,0.030869296,0.54073435,0.010287529,0.106151044,-0.034338318,0.12953672,0.15768246
0.009503672,0.10382042,0.028242657,-0.07329362,0.0073431334,0.08245029,0.009743522,0.122181654,-0.122860536,-0.07677365,0.56309056
-0.025499072,-0.037008844,0.04025496,-0.10022077,0.08932632,0.10049793,0.016585907,0.1654827,0.005189266,-0.048549127,0.63286227
0.024500277,-0.12702043,0.036547564,0.056975752,-0.016480774,0.09736505,-0.04723888,-0.10697522,-0.019598128,0.017651897,-0.25301248
0.035085022,0.081691705,0.038430784,-0.07088912,0.0021409069,0.098231435,0.008491697,0.11811793,-0.0011411258,-0.074913874,0.5693184
0.020878518,0.02765164,0.0843861,0.102150194,-0.010200544,0.05919396,-0.121394664,-0.17789292,0.009094226,-0.029507384,-0.29114592
0.05891826,0.19257343,0.13752529,-0.11127393,0.046528872,0.05343346,0.11837579,0.2628185,-0.10325203,-0.06488323,0.6937057
0.04174759,0.20788333,0.04407859,-0.06444011,0.0013427921,-0.08547597,0.031662636,0.01607238,0.061496552,0.07917949,-0.08463869
0.045053847,-0.062519394,0.06312649,0.0850863,0.07222051,0.12917425,0.14485808,0.17651725,-0.043399066,0.13779673,0.62233436
0.058216445,0.14514549,-0.14451247,-0.068116896,-0.062458232,0.046811413,-0.072289914,0.038119115,-0.030369014,0.022033216,-0.19335663
0.0065912087,-0.07471151,0.05712937,0.106772095,-0.108369626,-0.02915397,-0.09368211,-0.15248494,0.014274695,0.039232146,-0.26708153
0.044400964,0.024006799,-0.022731576,0.15597384,0.08742756,-0.031853374,0.04079717,0.3845665,0.008582979,0.24609542,0.74362636
-0.013357827,-0.06636075,-0.015599816,-0.082759716,0.06896125,0.122381344,0.0041185627,0.111296296,-0.061898686,-0.040473267,0.33152544
-0.042338964,-0.056255225,0.06755399,0.08691657,0.061373606,0.09114865,0.10572424,0.16330397,-0.056103453,0.07593952,0.6687095
-0.09466609,0.051297557,0.03239723,-0.1789454,-0.026580367,0.043216057,0.033218488,0.021945562,-0.010707349,-0.074379556,-0.048459966
0.09716619,0.07473169,0.07266151,0.1841805,0.113631226,0.008765985,0.03477257,0.35729417,-0.06961721,0.15736295,0.7544378
0.0391863,-0.014262435,-0.0023945284,0.13422942,0.09460402,-0.11947067,0.0051689968,0.17838363,-0.006408766,0.12423368,0.67368907
-0.0072360365,0.12417836,0.046875425,0.016123196,-0.0302141,0.12033392,0.057621814,-0.06746544,-0.015343647,0.011196132,-0.07944806
0.026716817,-0.10539675,0.04800765,-0.24959098,0.025444364,-0.09305099,0.08519464,0.16701144,-0.04712734,-0.004148558,0.16086105
0.023554802,0.08766902,-0.17592593,-0.09845359,0.034947656,0.027367292,0.052089337,0.15187451,-0.09277824,-0.03351007,0.1012225
0.051038697,-0.07786581,0.09583089,0.37201056,0.043176845,-0.41741675,0.13185973,0.13939372,-0.014858529,0.0035732412,0.15170574
0.03574614,0.036837984,0.027079884,-0.24255078,-0.005129984,-0.04089208,-0.023160564,0.059546567,-0.030753778,-0.032112632,0.10683738
-0.036189687,-0.067467585,0.06310657,0.21803021,0.10032455,0.083300576,0.03780867,-0.021317497,-0.053573586,-0.034088515,0.62939954
0.03246789,0.047061514,0.044657588,0.07370481,0.017771875,0.12382386,0.102073,-0.12158474,0.17192177,-0.0015438602,0.09677765
-0.01692567,0.02682243,0.058812924,0.015857523,0.0043738373,0.07398267,0.015506254,0.16068262,-0.05670322,-0.038107537,0.1327806
-0.051789414,0.04056211,0.05906994,0.09740118,0.07257657,0.20657025,0.05474179,0.114135906,0.094696455,0.02904861,0.17840506
-0.011705248,-0.036080033,-0.13801958,0.10457021,0.07902599,0.07524012,-0.058575474,-0.25039622,0.061160143,-0.011365882,0.39348364
0.033433825,-0.13616471,0.04118697,-0.0661712,-0.15841112,-0.14508449,0.06686635,0.05926684,0.17071758,0.0076570283,-0.069246985
-0.04740385,-0.040913995,0.029494246,-0.0062041422,0.09342335,0.102854095,0.087283514,0.20058164,0.06310504,-0.056511946,0.6517453
-0.013477369,-0.16823094,0.0130698215,0.28766653,-0.12023989,0.0759149,-0.08097762,-0.18039776,-0.04642217,0.04464739,-0.31171167
0.030521568,-0.084430404,0.07084604,0.07939414,0.015950117,-0.057656027,0.07924487,0.2064979,-0.0806968,-0.0010105142,0.6398727
0.07218043,0.12770368,0.04018595,-0.08281124,0.040253263,0.091019884,0.046745528,0.171423,0.19852859,0.08950006,0.13686554
-0.0662716,0.01888985,0.042320564,0.033453044,0.08530847,0.05057198,0.10124787,0.14628412,0.18932109,0.08753956,0.122639805
-0.018731788,-0.10650967,0.062552504,0.034725685,0.022525515,-0.07326699,0.038676474,-0.08916538,0.21165031,0.04097985,0.09775449
0.039964095,-0.0017025494,0.06510243,0.011526817,0.0805982,0.08165988,0.07302817,0.20177983,-0.08356687,-0.056774586,0.6590464
-0.011572101,-0.037854128,-0.01848684,0.13029575,-0.014635684,0.14397149,-0.10224038,-0.13774963,-0.038383015,0.054104313,-0.18241692
0.041558802,0.11973899,-0.023844717,0.14029458,0.016386803,0.009925919,0.0065461625,-0.07408338,-0.024793325,0.08405103,-0.039274305
0.051057752,0.16148163,0.06150901,-0.09198807,0.00039379683,0.017452274,0.08733156,0.1636304,-0.07006059,0.019153496,0.13902189
-0.01154833,0.026919663,0.050905325,-0.21118265,0.009968802,0.09169011,0.08294031,0.061424326,0.19513611,0.09231243,0.12325596
-0.08326652,-0.12268544,0.060668178,0.18854739,0.09191742,-0.29050255,-0.30186015,-0.016179763,-0.063805744,-0.023615256,0.56867284
-0.0332261,-0.099217676,-0.17233013,0.16325773,0.03932141,0.053640366,0.057626218,0.06713867,-0.13921969,-0.04926289,0.59523803
0.04046011,0.14218093,0.05883879,-0.18853892,0.02168316,0.014488861,0.06906823,0.18896055,-0.046667263,0.04809245,0.3740783
0.01675169,-0.068830684,0.0342981,-0.0604071,0.014267657,0.22242676,-0.04787762,0.19380145,0.004150084,0.012759018,0.7507919
0.036813978,-0.064913414,0.055829044,-0.08144222,0.08053005,0.08421221,0.011976989,0.17316633,-0.05149115,-0.057302915,0.65249497
-0.030542435,0.06394705,0.004074659,-0.24888156,-0.06096545,0.0010680594,0.01352105,0.055435788,-0.06772056,-0.0045863786,0.093318366
0.013225543,-0.06925056,0.0070802323,0.15922181,0.060314476,0.12515952,0.052973334,0.092975624,-0.09469161,-0.05712037,0.6710948
-0.10992365,0.04269704,-0.15818141,0.09156726,-0.027547624,0.06896599,-0.09298164,-0.11716947,0.003108365,-0.11506614,-0.30288076
-0.05912578,0.035831794,-0.08153234,0.053773236,0.068867795,0.19493046,0.046119355,0.14664423,0.05568659,0.003111373,0.17088768
0.01160532,-0.15005198,0.032672126,0.06395441,-0.032232292,0.08542802,-0.12543243,-0.11587628,-0.04689212,-0.029930433,-0.29203284
-0.048207894,-0.015691826,0.042209134,0.114146546,0.098800495,0.07458678,0.028643562,0.06954094,0.18962704,-0.041886833,0.21032502
-0.10159114,-0.046822157,0.046777073,-0.39175513,0.096946865,0.046699077,0.13932419,0.13685566,-0.1393209,-0.14429727,0.3673161
0.00040738168,0.057912875,0.07392929,0.09404772,-0.117208235,0.15401833,0.008409748,-0.18702845,-0.0076602018,-0.0886822,-0.22456047
-0.043916307,-0.71534735,-0.36476588,0.02946105,0.06624819,-0.12999724,-0.3443119,-0.07919252,-0.0672651,0.029840197,-0.09052916
0.044922374,-0.009090099,0.055110104,0.015432818,0.08939555,0.08474907,0.031006837,0.13943388,0.03465967,-0.03820236,0.64819926
0.01713044,-0.15778597,0.03676949,0.061374094,-0.031085769,0.08391423,-0.1382818,-0.1245052,-0.054791305,0.0024117364,-0.26077667
-0.014290911,-0.07423372,0.014599533,0.06295019,-0.022709722,0.06920634,-0.11720265,-0.10612908,-0.051052444,0.00017885257,-0.3139222
0.008919825,0.06384878,-0.04459794,0.06979416,0.055598825,-0.15561087,0.005147655,0.027052633,-0.035821658,-0.070876144,0.16759549
0.0053633484,0.07343851,0.07010954,0.18949603,0.0076117623,0.077422634,0.010002611,-0.26101843,-0.042650945,-0.07939452,-0.13560107
0.029894313,0.066498086,0.051863667,-0.06597266,0.056930494,0.0987769,0.07952403,0.093117185,-0.05886162,-0.014826984,0.10269485
-0.0017750384,-0.062888816,-0.03461113,-0.1528451,-0.09482445,0.050295252,0.026939854,0.036616784,-0.05014328,0.007734516,-0.09733565
0.038741745,-0.03777678,-0.037177924,0.087731734,0.08173996,0.16372326,0.11609006,0.19526905,-0.06959216,-0.047761235,0.44351754
0.014562533,-0.1009095,0.0544042,-0.24904492,0.054265223,0.03766893,0.016746882,0.24212116,-0.10373707,-0.060216196,0.53061545
-0.029299602,-0.08585342,-0.04264423,0.0007888875,0.0978977,0.046811063,0.026829839,0.13334952,-0.113640636,-0.046809785,0.6065954
0.010995155,-0.0092155915,0.04653721,0.057894357,0.085615665,0.12096018,0.09147123,0.09712904,-0.07901444,-0.08021841,0.15382844
0.017531317,0.06432108,0.033538118,0.05843239,0.07432599,0.07904286,0.004826732,-0.11861773,-0.045896754,0.0051018484,-0.27320257
-0.05252093,-0.037280224,-0.19084603,-0.07184324,0.110816814,0.102826454,-0.0030857017,0.016301474,0.25183246,-0.007570521,0.1654842
0.07888654,0.20111607,0.09249716,0.119845614,0.015666539,0.0412576,-0.065910876,-0.12806594,-0.0049676406,0.013811535,-0.19170034
0.07888654,0.20111607,0.09249716,0.120456144,0.015666539,0.041262034,-0.06655388,-0.12806594,-0.0049676406,0.013839581,-0.19170034
-0.010222664,0.0009608715,-0.17469057,0.15894209,0.095436364,0.008423403,0.05459145,0.043787837,-0.06758629,-0.05550774,0.53716344
0.014633248,0.24443845,0.05428779,-0.14451447,-0.0026731826,0.14575413,0.06748413,0.00071657705,-0.07546539,0.08270588,-0.18367213
-0.009923094,0.08194551,-0.14001158,0.23514208,0.039583575,0.06751651,0.08008387,-0.17022666,-0.06438137,-9.5662544e-05,-0.2470013
0.004283052,0.0595729,0.043870684,-0.28325683,0.02901583,0.0825595,0.053001404,0.13522482,-0.17110322,-0.077244654,0.043803476
-0.063953444,0.22686206,-0.15726729,0.034657292,0.0023846827,0.0047622165,0.06338102,-0.033169,-0.028306568,0.08974341,-0.1706418
0.008968014,0.053621005,-0.20757963,0.20984784,0.1273468,-0.1287722,0.07814342,0.03898287,0.10589457,0.0077830227,0.3546712
-0.05778847,-0.124086924,-0.06168659,-0.11472968,0.0051618638,-1.0720311,-0.20465401,0.06312562,-0.06853719,-0.040514123,0.18400748
0.022831768,-0.60256207,0.06309856,0.045103233,0.09245599,-0.21055758,-0.0125602,0.17517906,-0.045141734,-0.0034191727,0.6370017
0.027368687,-0.13209723,-0.17094173,-0.013926549,-0.09452914,-0.0020228128,-0.046976652,-0.066329405,-0.007373289,-0.096326776,-0.24691835
-0.03006236,-0.017017808,0.030418787,0.0008325731,0.08428703,0.0725513,-0.056310102,0.13019587,-0.14127074,-0.046930254,0.51410687
-0.010065965,0.021757815,0.03961328,0.1276154,0.07327469,-0.12495584,0.0068583437,-0.08634422,-0.053658966,-0.024618568,0.14047757
-0.011383374,-0.07995098,0.06984511,-0.0065509356,0.089712314,-0.70162076,0.050884563,0.16310467,-0.037736934,-0.008623962,0.5974042
0.028465964,-0.03226207,0.059432626,0.057588287,0.07544453,-0.051539924,0.0039468547,0.19044106,-0.010079652,-0.008726333,0.15608026
0.026727017,0.26305825,0.050795164,-0.19227657,0.05767553,0.055916544,0.10188355,0.14373384,-0.057836786,0.06468091,0.10383657
0.0008220699,-0.547056,-0.25988233,0.00321224,0.04484168,-0.6053756,-0.23192592,0.0029853138,-0.009847847,0.034442704,-0.077064596
-0.0014070913,-0.08714062,-0.022003334,-0.10273846,0.10937946,-0.10073381,0.0013142695,0.14489342,-0.07532541,-0.0003387631,0.3128749
0.012827927,0.19872233,-0.15586154,-0.09076673,0.060928248,-0.070177086,0.07721815,-0.07717856,-0.055383164,0.0008726175,-0.11157876
0.04320335,0.13123775,0.06367837,-0.19895232,0.08404109,0.050328635,0.07088492,0.17042184,-0.077026986,-0.027821248,0.11915986
0.042841118,-0.10968269,0.016997337,0.17595367,-0.0029184136,0.056028627,-0.055254385,-0.27022883,-0.053675,0.0410603,-0.17460936
0.0630896,0.053305037,0.067627735,0.015842412,0.07218363,0.13617526,0.10217782,0.14845265,-0.06966316,0.09286258,0.12864149
0.024097305,0.03653769,-0.17060786,-0.27092314,-0.04179519,-1.0585418,0.052751783,0.022763735,-0.02673239,-0.051854573,-0.064526506
0.011181791,0.04939675,0.052201334,0.24023521,0.11988297,-0.06498763,0.06980788,0.09255227,-0.11209219,-0.0048958734,0.14180075
-0.050334275,-0.08758454,-0.20423342,0.04266206,0.05683039,0.05470657,0.029107455,-0.03910176,-0.26027188,-0.08766873,0.04662741
-0.0045794235,-0.024093676,-0.040235728,0.1967593,0.13523896,-0.19977337,0.084499046,0.033080537,-0.06927237,0.024125032,0.59187233
0.0019166193,-0.07659629,0.053950433,-0.093594186,0.053896524,-0.17305538,0.0065393723,0.22538075,0.046069607,-0.04238958,0.40922242
-0.040964838,0.08957614,0.04325803,-0.09806978,0.0051190318,-0.20657377,-0.021313537,0.021354463,0.020468587,0.01829975,-0.026353674
0.04309058,0.014526932,0.041629136,-0.259259,0.04778827,0.10961885,0.0100385975,0.173889,-0.07813811,-0.0481226,0.112651885
-0.050567437,0.0046352926,0.072322235,0.075725086,0.028154371,0.12066388,0.024007656,0.10930633,0.2067508,-0.05892588,0.0635531
0.06547145,0.23258837,-0.10288729,0.27009368,0.033700693,-0.010202364,0.07108155,-0.1605907,-0.13696453,0.01870134,-0.20048535
0.039578043,0.09957051,0.039637953,-0.12241918,0.03503035,0.07246391,0.018868648,0.10941075,-0.094631575,0.060314085,0.18549907
0.018730486,-0.07178098,0.034580953,-0.13901351,-0.17098373,0.046429884,-0.17743185,0.034726832,0.052946772,-0.055081964,0.015954964
-0.037829235,0.007299526,0.06820281,0.046029143,0.021283988,0.12693873,0.020824444,0.09751389,0.20379028,-0.0646149,0.06717879
-0.037279245,0.0045055277,0.071416885,0.072088204,0.028626371,0.1217437,0.0246325,0.10583567,0.2012594,-0.06139911,0.06320659
0.041293837,0.21036744,0.05172064,0.13800061,-0.015282975,0.072703265,0.015392162,0.027745152,-0.022576522,-0.041863058,-0.00039361895
0.05040261,0.15959696,0.057544712,-0.19466291,0.030227613,0.0705394,0.080969386,0.14152373,-0.0062238765,-0.036221158,0.35870197
0.060946185,0.10694623,0.057731777,-0.15445131,0.040276885,0.11241849,0.019771924,0.16376792,-0.09844702,-0.0011015852,0.18965024
0.022586292,0.17983463,0.07105692,0.07065568,-0.008114319,0.093430616,0.02147487,-0.09091323,-0.06650635,-0.057995904,-0.060090344
-0.08089201,0.0058569713,-0.065838374,-0.112859294,0.072077945,0.25281852,-0.001770881,0.13339265,0.18423888,0.08957338,0.44683748
0.02288154,-0.11766527,0.043283258,0.07886953,-0.107737206,0.0930211,-0.051834624,-0.120091654,0.05602873,0.071803786,-0.2881992
0.028634645,0.4023925,0.047506057,0.20328513,-0.053992353,0.05981248,0.06309695,-0.18843164,-0.01930814,-0.19029382,-0.16509463
0.04534525,-0.09512278,-0.041453857,-0.05414367,0.09542483,0.11168282,0.062163986,0.033715427,0.21252783,0.08580723,0.018221812
0.02847271,-0.0032164298,-0.042468093,0.10415744,0.11201828,0.115328185,0.054612692,-0.10908451,0.1667084,0.077627644,-0.00072568835
0.04883979,-0.08262816,0.0373473,0.19774231,0.13859269,0.10667016,0.106007256,0.071867906,-0.06680508,0.10859834,0.6044581
0.02907379,-0.011905649,-0.17258263,-0.023924936,0.11242888,0.06425945,-0.074497886,0.21847884,-0.20160508,-0.0662534,0.41889948
0.010694292,-0.12083281,-0.02549276,0.06267606,-0.0750658,0.05565849,-0.018153004,-0.19037734,-0.03731784,-0.027447354,-0.31561288
-0.0013281313,-0.14461647,-0.035304103,0.055410646,-0.039161533,0.07376443,0.008669998,-0.17094727,-0.031870432,0.088829964,-0.32444236
0.043505415,0.20058036,-0.21023671,-0.10800643,-0.012308105,0.09019238,0.08692336,0.028340228,0.041400366,0.022070773,0.10341583
0.0817764,0.29044437,-0.0044784793,0.37393293,0.021664478,0.007118736,-0.03874593,-0.19272277,-0.016542893,-0.044216197,-0.2430239
0.039056554,0.20997044,-0.19203137,-0.06368217,-0.01803068,0.09163986,0.08223476,0.005280285,0.018670734,0.041928012,-0.0016169831
0.03210217,0.0105868485,0.05566402,-0.21713158,0.01758373,-0.2403847,0.08429636,0.22335476,-0.08267485,-0.017714364,0.3332142
-0.028350731,-0.16086483,-0.0825402,0.08681308,0.014208993,0.093254164,-0.09150835,-0.22087534,-0.08047275,0.023146706,-0.3282616
0.019949827,-0.10055759,0.047928207,-0.3417729,-0.022487562,-0.07060949,0.030326165,0.13807082,-0.07488178,0.021191925,0.078135364
0.045970276,-0.07763003,-0.025975289,0.19479431,0.051034514,0.12958308,0.11302047,-0.13935398,-0.014332789,0.06656146,-0.18500379
0.0044307224,-0.08274883,0.08365227,0.1471842,0.12966435,0.06281772,0.09090672,-0.20573503,-0.02206921,-0.025092363,-0.14868155
0.009312289,0.14431988,0.0009491073,0.009372882,0.006176951,0.4235196,0.0686175,0.039268795,-0.014505022,0.17726445,0.023488546
0.015052227,-0.008822746,0.05437696,0.13606577,0.10497698,-0.18635988,0.07159293,0.19813028,-0.07347659,0.042618398,0.6933298
0.008109369,-0.10991982,-0.14983548,0.024577184,-0.056250498,0.10051246,-0.10500901,-0.07353228,-0.06337372,0.015678005,-0.2522889
0.008421509,-0.14433408,-0.13816217,0.012417752,-0.046317924,0.0959759,-0.05291159,-0.0641024,-0.060383886,0.024775477,-0.25139356
0.010796015,-0.10401315,-0.13949253,0.034940254,-0.033863503,0.11562683,-0.00021558265,-0.08172736,-0.05945723,0.0067179925,-0.25530422
0.028381625,-0.11031504,-0.04303226,0.087993786,0.090862535,-0.042428143,0.096317835,-0.056875564,-0.03765663,-0.017370475,-0.04395639
0.043359533,0.0918606,0.012256569,0.21922019,0.009798559,0.053332064,0.094816975,-0.18226938,-0.028985042,-0.03486132,-0.25940016
-0.010449783,-0.06443557,0.0701119,0.15146987,0.37396988,0.14404467,0.056895237,-0.024412539,-0.047241367,-0.005163297,0.16752817
-0.050589018,-0.34312016,-0.32309544,-0.17596154,0.34991848,0.08419561,0.051487256,0.12845697,0.084896065,-0.052018665,0.4458695
0.06284583,-0.022061806,0.038961098,0.002508159,0.3331433,-0.168074,-0.087989554,0.23945907,0.095006295,0.1838948,0.22912298
0.011588526,-0.05244695,0.062345248,0.025399711,0.3795858,-0.03282331,0.12880254,-0.017876482,-0.06812783,0.023750084,0.16513373
0.042855203,-0.05966549,0.058746137,0.01303664,0.096540906,0.121014446,0.06590011,0.14154181,-0.048251994,0.08642073,0.45665094
0.05727079,0.2711604,0.06221486,-0.017678944,0.07227419,0.06392298,0.027581278,0.036189575,-0.034648553,-0.024135843,-0.19221507
0.040162075,0.17136694,0.058464196,0.0070895455,-0.02353909,0.1045506,0.07381814,0.010558279,-0.037738215,0.036684588,0.08053014
-0.022531496,0.052874155,0.022547768,0.0061303214,-0.10112391,0.14560756,0.05406549,-0.090329766,-0.05363373,0.17898777,-0.06102072
0.0046038795,0.044264726,-0.16387291,-0.05163308,-0.010127617,0.096916616,0.027561195,0.16681643,-0.0355459,0.021765761,0.10418412
-0.07556649,0.0808413,0.06630949,0.080645256,0.035994396,0.08109405,0.03316663,0.07170273,-0.050655108,-0.04251344,0.12528686
0.029243905,-0.07505544,-0.14537098,0.033822943,0.07757617,-0.4028592,-0.0139386,0.25805995,0.002957935,0.04362321,0.39128926
0.036207832,-0.06949555,-0.013501478,0.023298688,0.054647956,0.09734914,0.100833476,0.2028496,-0.12102923,0.07821244,0.58708483
0.036344953,-0.10299323,-0.05562701,0.06857822,0.08031264,0.07210907,0.013430629,-0.02921706,-0.20744789,-0.031826284,0.08751924
0.0480375,-0.052223098,0.0069713867,-0.1112162,0.0732045,0.09363652,0.10501528,0.13920137,0.035864137,-0.06036659,0.42383578
0.016121335,0.1418701,-0.046972007,-0.096553355,-0.015874034,-1.025959,0.016528243,0.047734227,-0.1375386,0.03226274,-0.0702538
0.013944817,-0.15902512,-0.095599964,0.18272698,-0.07612481,0.06805872,-0.047052544,-0.15615329,0.021486823,0.0007097768,-0.27372178
0.056070156,0.37063143,0.056877647,-0.10887911,0.082414426,-0.17419586,0.009968104,0.0038751024,0.021079082,0.070039146,-0.25515532
0.042370293,0.20982389,0.0369973,0.1084941,-0.036472496,-0.17282568,0.025428072,-0.15414542,0.15709257,-0.041340858,-0.059489682
-0.002552291,-0.042748857,-0.015468551,0.11826117,0.0708488,0.053632166,0.08040617,0.1898268,-0.060843993,0.012834507,0.7464193
0.044218797,-0.066767685,0.054606397,0.17906046,0.11261646,0.022671849,-0.065856434,0.06336768,-0.041803304,-0.019738968,0.46790302
0.03472017,0.28998318,0.03272414,0.29855525,0.15437718,0.11942942,0.20405346,0.0168427,-0.0468562,-0.032547552,-0.0016951008
-0.05326782,0.013528027,0.04443815,0.053599097,0.021521088,0.096361235,0.013792534,0.034148116,0.18426031,-0.050133012,0.04851952
0.03573977,0.023852048,-0.06194024,0.052299447,0.085274674,0.09322828,0.103568755,0.21239215,-0.05251035,0.048806336,0.8297509
-0.027981758,-0.033798978,0.06409085,0.10708476,0.09400627,0.13552074,0.078712665,0.26320446,-0.06842874,0.0719318,0.709499
0.06515595,0.096197434,0.06963505,-0.14893202,-0.027222602,-0.00939924,0.026071789,0.07979966,0.16263762,-0.056763764,-0.1566367
-0.025547625,-0.6766822,-0.21840768,-0.13162704,-0.14569262,-0.30547205,-0.04560875,0.004176836,0.13700409,-0.024983002,-0.04923543
0.02730498,-0.02880057,0.05688582,-0.16498476,0.05956926,0.18553136,-0.0083063785,0.17515779,-0.1002962,0.026761215,0.46898654
0.091146335,-0.031757392,0.19058387,0.16629507,0.1159661,0.13267982,0.056397624,0.23333551,0.026449513,-0.024301564,0.7558896
0.025053909,0.11334901,0.020891013,0.117576055,0.077921756,0.18501638,0.036880642,-0.08316643,-0.031794883,0.086522624,-0.03890611
0.03236943,-0.08943002,-0.021414058,0.24604958,0.024736429,-0.8384926,-0.024524877,-0.12249739,0.021118976,-0.021945596,0.06614471
-0.09698749,0.033956237,0.03459273,-0.09281456,0.094095126,0.101235114,0.031110212,0.20666103,0.23883453,0.048677873,0.52094245
-0.036292747,0.08165545,-0.17835051,0.10437413,0.013576822,0.09892026,0.007959413,-0.17095017,-0.041633487,0.009741949,-0.26899827
0.028303899,-0.06515311,0.03588042,0.1263832,0.045344777,0.085617416,0.08015833,0.16682477,-0.076455474,-0.006174137,0.6860719
0.06403553,0.060378175,0.04812078,-0.02827301,0.0741903,0.06247754,0.035121325,0.31052136,-0.0799674,-0.063866064,0.7621054
-0.00444711,-0.04920921,0.04142011,-0.15507343,0.09460864,0.051611103,0.08590824,0.2654658,0.08440387,-0.043326534,0.6838756
0.05260624,-0.11296389,-0.17994674,-0.11959751,-0.12801097,-0.0041411147,0.055954035,-0.004980857,0.06263505,0.04106196,-0.2902151
-0.05303438,0.045654215,-0.13777518,0.03399894,-0.017792597,0.0946099,-0.017679565,0.077651665,-0.00966001,-0.060326666,-0.0060146675
-0.0010703608,-0.049177133,0.04172996,-0.15507907,0.09469147,0.05168279,0.08593126,0.26780528,0.08436518,-0.043326534,0.68679374
0.008953386,-0.32987726,0.059880175,0.14379169,0.10598549,0.09166919,-0.032483656,0.009903564,0.059371267,-0.045636553,0.5038758
0.024620015,-0.0032521666,-0.021563346,0.09983621,-0.23967177,-0.07805297,-0.012042744,-0.1940012,0.013332475,0.0007549906,-0.24294555
0.05261494,0.121175274,0.06459134,0.13936324,0.08046236,-0.108181566,0.012758249,-0.069459334,-0.008881941,-0.018947762,-0.061943196
-0.007721296,0.362631,0.029147929,0.17786017,0.01208046,0.07548934,-0.07076057,-0.18091953,-0.04548418,0.050072946,-0.1076117
0.097642235,0.04733104,0.012011084,0.2718456,0.1513584,0.1005077,0.1142173,0.06975489,-0.004294225,-0.05380974,0.4454483
0.035279576,0.21901374,0.004458112,-0.11194503,-0.032891568,0.10518645,0.08035426,0.1639982,-0.05368753,0.20134456,0.1259305
0.028972046,-0.0723436,0.031888593,0.14634115,0.09032773,0.10621989,0.10112312,0.06609531,-0.045104213,0.07021676,0.59450686
-0.054204818,-0.15421656,0.013453689,-0.09385172,-0.1605967,0.007765941,-0.14814773,-0.04818718,0.0004573249,0.023221705,-0.23858108
-0.09514641,0.14418149,0.052863467,0.06068307,0.048774187,0.051006883,0.09453953,-0.10447022,-0.051604275,-0.1874247,-0.07390968
0.03085885,0.03148619,0.032641042,-0.028550046,0.0050136223,0.12800156,-0.15018786,0.0722143,0.03472648,0.06609585,0.4098995
-0.030475123,-0.0017556385,-0.063914604,0.093574256,0.15709823,0.09001971,0.02005412,0.19443381,0.072924145,-0.047429617,0.18892683
0.027277108,0.054009613,0.002476501,0.14036642,0.14210804,-0.020202601,0.047225483,-0.012917215,-0.10416176,-0.015484847,0.1082237
0.016055016,0.23253734,0.021053668,-0.12179809,-0.09034833,0.18531317,0.015506034,0.12276281,-0.070303164,0.10735845,0.11826401
-0.0077951835,0.36269102,0.029101467,0.17796728,0.012693743,0.07700184,-0.060480624,-0.18091953,-0.04538314,0.055466443,-0.10641056
0.002618498,0.05263042,0.03156941,-0.21857859,0.026123568,0.049595334,0.09724686,0.13015603,-0.074653395,0.07608404,0.080634914
0.031608503,-0.14052881,0.0725185,-0.091752835,-0.12969735,-0.0378248,0.017115345,0.023325482,-0.023778545,0.00039269865,-0.16130137
0.027494831,-0.090648554,-0.13711312,0.14071442,-0.08759192,-0.03920369,-0.0005050845,-0.19647256,0.0037995214,0.006471966,-0.28424817
-0.040225714,0.042178567,0.07301175,0.21261458,-0.06710547,0.011195902,-0.055675317,-0.1552609,-0.011591288,0.011829612,-0.24052121
0.05478435,0.203913,0.03981602,-0.18772113,0.010689915,0.08738849,0.047149938,0.16952454,-0.17958407,0.004375984,0.067419305
0.029321201,-0.051093984,-0.011364289,-0.1030716,0.0040752445,0.086193405,0.08456194,0.12117673,-0.08272278,-0.06505388,0.5232716
-0.039607555,-0.1160075,-0.05227836,0.09442988,-0.16726053,0.09620684,-0.07818652,-0.17275997,-0.111506365,-0.0037906717,-0.32025617
0.013258238,-0.12733828,-0.26215363,-0.12293453,0.04884029,0.09509719,0.040791046,0.0037466977,-0.06212895,-0.051809184,-0.14447172
-0.0038497539,-0.38441938,-0.24279791,-0.19414741,0.19758955,-0.80189806,-0.1694622,0.29094046,-0.0061389953,-0.11212664,0.55562425
-0.03364049,0.1713376,-0.17319843,0.14009298,0.0020597577,0.05718093,-0.017358972,-0.16419564,-0.011943049,0.047976516,-0.2620906
0.014067962,-0.118944004,-0.15563083,0.0918801,-0.012668842,0.057870068,-0.077457555,-0.1648835,-0.00054427236,0.011995643,-0.34552643
-0.21475689,0.061595697,0.031888556,-0.21349557,8.348502e-05,-0.031402566,0.047398455,-0.031638443,-0.44398227,-0.14969467,-0.15776727
0.047226116,-0.028598838,0.03342198,0.09779827,0.12994213,-0.04548708,-0.13795656,-0.16546361,0.21081817,0.011343017,-0.28575715
0.030365054,0.06369183,0.00043227713,-0.25118095,-0.003958124,0.062919766,-0.13783504,0.0967173,-0.076086484,-0.11755556,0.08529056
0.004070094,0.26108637,-0.040790193,-0.030282225,-0.096581414,-0.06872815,0.054274227,-0.041378114,-0.013027668,0.014893071,-0.22381625
0.003691746,-0.11097014,0.034562815,0.051076144,0.05475599,0.087339155,-0.15687326,-0.11263768,-0.07321168,-0.0070147663,-0.25879887
-0.0042113466,-0.0008576348,0.056520786,-0.00712832,0.1598373,0.11025429,0.042191118,0.13921297,0.19996622,0.08840905,0.34436774
-0.016037863,-0.15579283,-0.13239296,-0.054865543,-0.15559947,0.057358015,0.038935784,-0.05691574,-0.038200837,0.04329227,-0.23129168
-0.01596856,-0.17669636,-0.13128033,-0.052639913,-0.15932256,0.0790003,0.042086516,-0.056559373,-0.0381156,0.042006917,-0.2311588
-0.04670022,0.015055301,0.059716806,0.12867907,0.10851327,0.09909671,0.01734515,0.034001775,0.18891162,-0.051320754,0.051485207
-0.057226807,-0.007895563,0.036317807,-0.18846107,-0.15788917,0.07932772,0.08818352,0.16250351,0.1833955,0.06580844,0.14600892
0.005710032,-0.043666873,0.05333295,0.16515994,0.10104915,-0.29197726,0.060611878,0.044912573,-0.06613741,-0.04970231,0.40624216
0.013132376,0.09302078,0.045821946,0.008169191,0.09379873,0.062269207,-0.005572789,0.1808498,0.17804252,-0.02381406,0.19972728
-0.025590625,0.033655602,0.06621554,0.058786612,0.103074126,-0.07404169,0.004680145,0.16975993,0.11528195,-0.059155125,0.5588415
-0.047633246,-0.076383546,0.03261355,-0.19137567,0.0069052097,-0.3868327,0.108433485,0.031245792,0.007857586,-0.029012507,-0.10813796
-0.0055474984,0.08979494,-0.10013046,0.18252689,0.07825201,0.056534268,-0.09298639,-0.13751367,0.00066640094,0.019597981,-0.26372018
0.044514537,-0.082029074,0.010819793,0.17633225,0.0050970945,0.10887674,-0.008810562,-0.06356464,-0.03634015,-0.07693468,0.1983138
0.043721724,0.06768952,0.033559788,-0.09519859,0.027949734,0.08936735,0.06966351,0.1561743,-0.052258477,0.094087705,0.35312986
-0.097330794,0.004127436,0.055963017,0.20531368,0.0043291207,0.0602752,0.09780799,-0.2053674,0.00603578,-0.087963834,-0.49752408
-0.05047021,0.017135052,-0.08107343,-0.0531896,-0.23187038,0.037210543,0.047089327,0.19960976,-0.06421958,-0.04161283,0.42902145
-0.0005567621,-0.109298296,-0.19038388,0.054955,-0.13858543,-0.3346364,-0.0832323,-0.01790073,-0.078311734,-0.219382,0.3691063
0.038859203,0.14330289,-0.13634528,-0.05620016,-0.06144638,0.088637434,0.05769176,0.031428568,-0.082984015,-0.020182617,-0.2542626
0.03032169,0.0063883536,-0.15955545,-0.09857683,0.101733714,-0.108168855,0.054313455,0.041476898,0.08995958,-0.064036615,-0.057777476
0.107417986,0.46300772,0.11329575,0.3852028,-0.063326105,0.076752715,-0.040746864,-0.1820737,0.0047678347,-0.026854854,-0.14611608
0.015854707,-0.06629185,0.061761122,-0.07917449,-0.00026885112,0.09703833,0.067387044,0.13172552,-0.13896088,-0.035911817,0.27543986
0.05724099,0.15611036,0.0642308,0.122181445,-0.06841284,0.07751563,-0.07366615,-0.15232441,-0.0025032195,-0.008492539,-0.21914677
-0.027533596,0.014419526,-0.04231646,0.12327047,-0.075979345,0.06952525,0.011882016,-0.19739321,-0.016204782,0.023273971,-0.35146725
-0.0010060717,-0.04451207,0.04481472,0.08022042,-0.1612425,0.08617057,0.049253464,-0.08172781,0.22505231,0.078900516,0.17422767
-0.031855322,0.17884296,-0.20072687,-0.04805356,0.044517666,-0.38652024,-0.00981504,0.020338263,-0.015425072,0.002183411,-0.12294899
0.0316781,-0.013062591,0.019119628,-0.12820663,-0.0007259069,-0.020074248,-0.17409056,-0.006065401,0.010441931,-0.047594544,0.02689832
0.032903958,-0.050129585,0.028098116,-0.13139334,-0.005720078,-0.062362593,-0.1795937,-0.0036098657,0.009818799,-0.044412788,0.016428536
-0.0014638666,0.062377445,-0.056570247,0.0294457,0.13706744,0.10110133,0.08019059,0.25158226,0.25295696,0.15009125,0.79839325
-0.05274694,0.10530625,0.048011955,0.12876152,0.07119477,0.09916237,0.07911777,-0.0021957355,-0.18785563,-0.012110862,0.103306934
-0.04481973,0.03613109,0.041596785,0.07314104,0.1055437,0.107174434,-0.02219799,0.051596846,-0.17251775,0.001159368,0.115361206
-0.049014073,0.13975002,0.057555653,-0.006200011,0.07711657,0.055157434,0.118529394,0.19982688,-0.051504556,-0.012617875,0.18178383
-0.008483959,0.12971924,0.026742186,0.10020305,-0.03288209,-0.31560585,-0.059268307,0.011359129,-0.28781855,-0.0050580674,-0.03869819
0.017791994,-0.15923579,-0.08548812,0.008442522,0.0063726595,-0.034093753,-0.04698407,0.10789406,-0.17259547,-0.04938436,0.17466703
0.0014611774,-0.16368994,-0.16234548,0.16626984,0.096487805,0.060663063,-0.08915539,-0.1757277,-0.017592333,-0.004111222,-0.28916368
-0.039109983,0.037079003,0.049731612,0.18888777,0.07280738,0.1006462,0.015286214,-0.10973471,-0.057907116,-0.05049799,-0.06488421
-0.0627545,-0.118355475,0.03911159,-0.04027583,-0.32379866,-0.31243187,0.007473453,0.076785885,-0.27399325,-0.025691671,0.22867545
-0.061021376,-0.017518297,0.06905492,0.09164417,0.017941311,0.15537709,0.12819517,-0.10330346,-0.057684615,-0.044485375,-0.10176845
-0.04043072,-0.5784965,-0.35487947,-0.30022794,0.07048293,0.11045947,-0.025918901,0.13789347,0.027946316,-0.124990635,0.6356021
0.00424247,-0.14062954,0.046267767,0.09785582,0.02378168,0.09764611,-0.17082931,-0.15968525,0.025103185,0.090381645,-0.24844223
0.038826536,-0.04228761,0.032973107,0.12731124,0.17213005,0.105,-0.017730728,0.0952814,-0.15040037,-0.108237654,0.4417927
0.025624927,-0.10672529,0.042490523,0.12991172,0.0049817143,0.0825491,0.026121555,-0.010314441,-0.055921588,0.037686672,0.49521104
-0.014093801,0.15048486,0.04909183,-0.119931266,0.08026757,0.08753611,0.05068871,0.13371864,0.2488603,0.062432546,0.11324044
0.041687157,-0.08440626,-0.025118288,0.13907054,0.047626227,0.12531593,0.08015714,0.093645476,-0.06271949,0.032081924,0.5696915
0.021457527,0.03303903,0.049950518,0.14424066,0.20771544,0.07295847,0.028920379,0.03722797,-0.09055038,-0.10089679,-0.0057968097
-0.042378377,-0.09127299,0.051444728,0.16763344,0.21093687,-0.028913144,0.026913906,-0.0855729,-0.05206191,-0.054435924,0.15582642
-0.023538612,-0.066042855,0.03413873,0.055481516,-0.08782982,0.08150609,-0.14066033,-0.12281796,-0.047281846,-0.00302756,-0.2631838
0.04697494,0.0026500185,0.070223555,0.101768285,-0.16881786,0.08091389,0.020306874,-0.17283037,-0.024299677,0.025351753,-0.12210564
-0.052628387,0.08476801,0.060950022,-0.014560235,0.14517935,-0.19136634,0.033573568,0.19626096,0.13308161,-0.024041997,0.60737103
0.044152193,-0.1343513,-0.029678669,0.18532091,0.06184872,0.070468485,-0.10606392,-0.22966042,-0.076642886,-0.09316184,-0.36881557
-0.019637134,-0.1177483,0.01608518,0.05578513,-0.0011101505,0.080194205,-0.13220863,-0.116678946,-0.06312171,-0.0022152336,-0.26115388
0.006665845,-0.055533025,0.01848253,0.054446556,0.028678276,0.08958542,-0.13445875,-0.12544161,-0.068901986,0.0064355684,-0.26308826
0.005040571,-0.03619372,0.021079024,0.05716497,-0.0189774,0.086162955,-0.10517261,-0.12479351,-0.051788796,-0.023349633,-0.2697473
0.015887149,-0.046006843,0.030010376,0.059079334,-0.12511274,0.06522219,-0.15185152,-0.11789137,-0.05219804,-0.021222502,-0.2687332
0.015996585,0.04013616,0.04382534,0.10404297,0.010605426,0.13203037,0.02739727,-0.10786477,-0.06874488,0.08319836,-0.03399157
-0.012858136,-0.14429985,0.012278017,0.113659285,-0.01246289,0.12951571,-0.008745913,-0.15122657,-0.047850758,0.06130668,-0.20068896
-0.03872146,0.06806561,0.037284125,-0.06705917,-0.007120027,-0.061968748,0.05430068,0.028454695,-0.053053822,0.002735259,-0.18113664
0.014436073,0.40396482,0.07902717,0.28030983,-0.07024001,0.051270127,0.115686275,-0.18374966,-0.015970921,-0.026742432,-0.28353217
0.016702728,-0.20682435,-0.13956921,0.113167986,-0.16989517,-0.24858247,0.018015468,-0.123683594,-0.02243797,0.0019041168,-0.26977074
-0.01736342,0.07057105,0.018644901,-0.074841514,-0.051277205,-0.09683866,0.016131075,0.03522339,-0.09466347,-0.008527925,0.06585842
0.024107106,-0.08828829,0.05990687,0.009037913,0.004718272,-0.08434799,-0.18851161,0.0360507,-0.06666233,0.009269621,0.16269994
-0.042226616,0.2269682,0.03571625,-0.19036123,0.017248338,-0.59934765,-0.093289,0.04903892,-0.10123207,0.07789994,-0.07504432
-0.066831395,0.24550484,0.058876432,-0.13721861,0.030657804,-0.031183532,-0.10254318,0.14394951,-0.07760066,0.021625934,0.095311835
0.030322917,0.20660475,0.03488666,0.0746856,-0.007113964,-0.12870115,-0.016234975,0.006162919,-0.07478449,-0.014935552,-0.043069854
0.039976854,0.15677243,-0.026802639,0.093792655,-0.001598474,-0.6034164,0.010569518,0.051091418,-0.088229865,0.0075263754,-0.059950225
0.032679185,0.14337282,0.013891556,0.109845154,0.02846362,-0.59603554,-0.011746945,0.049473617,-0.08419798,0.010041682,-0.06277855
-0.026830396,-0.09444391,-0.030192032,-0.2637484,-0.28124607,0.036054786,-0.063845016,-0.2861852,-0.16419552,-0.011814415,-0.14011292
0.0047827275,-0.07879262,0.017333096,-0.08649547,-0.16383664,-0.027374484,0.0020466554,0.14526987,-0.04382665,-0.013709334,0.15849596
0.020081291,-0.14758426,0.06767833,0.122384936,-0.031836506,0.07145914,0.0019252078,-0.1844999,-0.058923203,0.010515175,-0.13331953
0.021092525,0.0017559631,0.041538958,0.18003757,0.009447106,-0.19415504,0.01957981,0.113854215,-0.024672708,0.058234673,0.6574327
0.0066649085,-0.14833121,0.04191054,0.06420822,0.0057620597,0.06173498,0.042980764,-0.11605405,-0.044467073,0.051668372,-0.2373659
0.012663513,-0.054492712,-0.04953659,0.07569991,0.064907305,0.11358148,0.0527191,0.091243565,-0.10328148,-0.044493537,0.17110424
-0.036189772,-0.034041744,-0.01614675,0.16530657,0.11555877,0.09778526,0.09748436,0.093818046,0.18482214,-0.041736457,0.1926404
-0.0028906523,-0.11036651,-0.16315043,0.04300002,0.061281845,0.07668387,0.03701867,0.09680863,-0.088521905,-0.038885288,-0.008702018
0.0210121,-0.08143027,0.06437917,0.16445713,0.022960173,0.13731916,0.028558906,-0.102618486,-0.07619843,0.034557194,-0.050475243
0.028985668,-0.054487042,0.049029175,0.092204824,0.07378073,0.10273992,-0.31115344,0.030795932,-0.07539354,-0.0046946914,0.4458887
0.015571699,-0.045952547,0.03911391,0.055619225,-0.12874265,0.072108336,-0.1387669,-0.112020835,-0.047881953,0.0026757699,-0.2690199
0.050746802,0.03273757,0.05887713,-0.0012279314,0.016393388,0.103368826,0.0045726406,0.17827016,-0.092192076,0.032594666,0.12021436
0.007148943,-0.023071248,-0.12907197,0.045691136,0.07172684,-0.27968392,0.014445415,0.19160432,-0.0015603352,0.00038138457,0.65304494
-0.020121558,0.019536713,-0.23694229,-0.2316924,-0.14714457,-0.15538526,0.0175981,0.199874,-0.07124608,-0.05659824,0.124167785
0.010982917,-0.0062610907,-0.14515024,0.09072943,0.089810595,0.010295333,0.044394404,0.19865274,-0.06704422,0.053424105,0.7410947
0.042294424,-0.016632272,-0.24083164,0.21566784,0.13628303,0.0003389662,0.03670619,0.035727352,0.23687172,0.100175604,0.1865831
0.03662956,-0.14374024,-0.1737449,0.0012867321,-0.16853464,0.06272389,0.07875844,-0.0066389665,-0.10798247,-0.0058673546,-0.21042143
0.07459076,0.41071332,0.08151058,0.14846307,-0.06283676,0.07535665,0.047024656,-0.17373857,-0.010288956,-0.057674047,-0.19044381
0.020952778,-0.13000755,-0.14077504,-0.02136932,-0.11064186,0.090970926,0.03692341,-0.08178512,-0.054954268,0.06706934,-0.30109096
-0.0048172264,-0.15593812,-0.16431779,-0.03427604,-0.12700781,0.087061256,0.08562668,-0.034824975,-0.051216796,-0.010629533,-0.42300564
-0.008003211,-0.061698228,0.048838373,-0.23971428,-0.10382679,0.09626464,0.0075767813,0.14744763,-0.07592934,-0.0542174,0.38048002
0.022647459,-0.059596103,-0.051258642,0.008686194,0.101945914,0.025904957,-0.0007125574,0.157181,-0.0794906,-0.029743612,0.1976837
0.041108087,0.07668419,0.06842469,0.09530076,0.042465113,0.07642973,-0.10455649,0.024746837,-0.1891383,0.036192693,0.08865294
-0.032819577,-0.014968916,0.046453636,-0.1125295,0.062386498,0.07132751,0.006871167,0.14570966,-0.13273858,-0.032006342,0.26884183
0.006790212,-0.048156306,0.06368723,0.0719706,0.113087356,0.13339293,0.047299575,0.16693836,-0.06122984,0.036691334,0.7123723
0.009585428,-0.15349962,-0.12361221,0.053429097,-0.07675866,0.056856796,-0.11647202,-0.18953545,-0.009290085,0.008879926,-0.28762853
0.018266449,-0.0015014029,0.035114452,0.1517229,0.08591167,-0.14796348,-0.011213761,-0.003473238,0.08364276,-0.07504547,0.4302723
0.0065301848,-0.16412415,0.0026983991,-0.05562257,0.03293892,-0.008640428,0.097227365,0.022997588,-0.059026863,0.01945144,-0.057399962
-0.034441203,-0.1858656,-0.0070866775,0.10365881,-0.036877457,-0.24311881,-0.011407949,-0.2169103,-0.0393805,0.06128096,-0.110329166
-0.10676558,0.026111618,0.016723989,-0.024639672,0.0667177,0.073171556,0.09002802,0.17812932,0.24612673,-0.013777088,0.60107243
-0.10297119,-0.008835008,-0.22791483,-0.10136649,0.052283004,0.084702045,0.08258796,0.1271941,0.15693954,0.00867608,0.18109891
0.059345964,-0.05410604,-0.009397364,0.055923168,0.10305894,0.07719139,0.11332793,0.06289704,0.2382172,0.06419512,0.49624333
-0.12765902,0.09729826,0.02323279,0.026772842,0.008112294,0.06415658,0.040116154,0.024156779,0.099715404,0.036207378,0.34061384
-0.07200179,0.06540438,0.05036465,0.08155088,0.012054747,0.093634285,0.026573656,0.10296539,-0.059420947,-0.06755268,0.13000494
-0.058388032,0.14933822,0.036488276,-0.014924092,-0.027425934,0.07400148,0.039536916,0.05224668,0.1687628,0.051059153,-0.033847556
-0.106703795,-0.030690653,0.020119429,0.10491158,0.05843451,0.06190189,0.032848462,0.15203515,-0.0014998409,-0.123541735,0.47741878
0.06721652,0.004087228,-0.008046841,0.06305502,-0.026176587,0.07211241,-0.09802776,-0.1666147,-0.011395715,-0.040763814,-0.272999
-0.036017984,0.11573627,0.06955545,0.12354271,-0.1074273,0.2210255,0.03867241,-0.18106449,0.012705941,-0.05229364,-0.2310174
0.041284684,-0.06270598,-0.16388275,0.053470477,0.010539935,0.24717751,0.010044236,-0.015130419,-0.0410927,-0.07258122,-0.16037954
0.03392587,-0.09384111,-0.1440196,0.0650997,0.058287166,-0.2160585,0.08042817,0.17480876,0.002108088,0.01244165,0.62060064
-0.042399574,-0.066788636,0.0046881298,0.06948699,0.0118744895,0.105707064,-8.867821e-05,0.15832788,-0.07522174,0.06837997,0.65959287
-0.013838408,0.068288594,0.055516787,-0.14444357,-0.025269061,0.18188503,0.069868974,0.059800297,-0.06921224,0.073135264,0.114690274
-0.051648602,0.12103871,-0.05620586,0.13253759,0.01985701,0.035258498,0.028632281,-0.17771173,0.03221445,-0.05250267,-0.22022201
-0.07615159,0.0784683,0.06532607,0.07288435,-0.06544889,0.12278437,0.025598094,-0.109978065,-0.034540974,-0.055952996,-0.09272978
0.061544202,-0.1973141,-0.023166372,0.19189267,-0.104830526,-0.06815372,-0.10305786,-0.17939788,-0.045702923,-0.015994249,-0.5741956
-0.053362843,-0.13779311,-0.014787776,0.09523637,-0.18412144,0.07702278,-0.06361211,-0.18938203,-0.07092552,0.014147433,-0.32515028
0.013169324,-0.060567718,0.018356146,0.053102866,-0.15681106,0.07005331,-0.13122651,-0.1120094,-0.012101141,0.0024898008,-0.2524371
0.066519715,0.15461403,0.07289399,-0.056093022,-0.0149424365,0.14719094,0.12915905,0.043951504,0.019581633,-0.050532326,-0.16414818
-0.10083719,0.049671475,0.07196365,-0.025113352,-0.098984286,0.05344658,0.007829838,-0.29101628,-0.025562108,-0.08779965,-0.10700871
0.017699935,-0.108734295,0.05819459,-0.101351716,-0.16763858,-0.07627556,0.097196005,0.15407245,-0.075840026,0.007268033,0.14430547
0.016506758,-0.13210551,0.066069335,0.09973831,-0.14605655,0.071397714,-0.031676043,-0.18554926,-0.034382146,0.007153988,-0.28475532
-0.015688417,-0.73935133,-0.2511801,0.012570691,-0.11266025,-0.022935856,-0.33494517,-0.0716449,-0.04621425,-0.056207325,-0.08588003
-0.015554191,-0.095365964,-0.025450831,0.22660187,-0.011190956,0.070426576,0.06953783,-0.18645069,0.003894031,-0.015538139,-0.28889874
0.034790285,0.119413875,0.0032077532,-0.10087067,-0.017213505,0.04182801,0.005453001,0.011035431,-0.06859969,-0.008977079,-0.015542061
0.024803618,-0.1116102,0.04676256,0.15645032,0.015318419,0.07175357,0.021171458,0.008818268,-0.038333774,0.02450156,0.48632842
0.0058814087,0.0324141,0.10684537,-0.0418235,0.069324344,-0.1287318,-0.13740608,0.17972133,-0.029705359,0.0494735,0.35334855
-0.019812496,-0.055875994,0.0073907645,0.08830674,-0.03386121,0.10880066,0.12679411,-0.08173893,-0.065351985,-0.04725037,-0.020435924
0.033839345,-0.1622776,-0.017383566,0.11285056,-0.00076116266,0.062410202,0.098054014,0.0075854254,-0.08272038,-0.064757444,0.14704834
-0.08177235,0.04691379,0.03554722,0.057873722,0.08128203,0.08877349,0.11744444,-0.054565687,-0.056920122,-0.05330079,-0.062396575
0.010541457,-0.18355525,-0.20341802,0.016998615,0.0034752241,-0.11863124,-0.27799958,-0.080674745,-0.028280348,-0.02433577,-0.23208025
-0.01116496,-0.005627881,-0.18475373,0.12601173,0.061117083,-0.052761383,0.036772,0.060370788,-0.091750965,-0.047883384,0.42368305
0.052786455,-0.013077935,0.06188156,-0.018237159,0.19924635,-0.20042287,-0.042640474,0.13914146,0.040399853,-0.038193524,0.3538815
0.007705689,-0.019289566,0.046179958,0.06195219,0.062374413,0.099423,-0.15030687,-0.100934386,-0.057284243,0.043610994,-0.04645566
0.040475756,0.074303545,0.036593582,0.15660861,0.05372779,0.1565229,-0.08176003,-0.1076459,-0.04574657,0.06324309,-0.060472712
0.022090439,0.05654151,0.050191015,-0.14292525,0.076711975,0.19211283,0.042044032,0.07944572,-0.062472884,0.07100516,0.12114036
-0.034864224,-0.49194446,-0.27177063,-0.19223925,-0.049777128,-0.8595304,-0.24736895,-0.029029628,-0.007605612,-0.053486858,0.40854856
-0.0027983552,0.099916466,0.002730403,-0.022548314,-0.11401431,-0.09039824,-0.1139418,0.18989737,-0.10330399,0.020053945,0.12954766
-0.006784021,-0.069289826,0.003253161,0.0043146624,-0.07850186,0.03855969,0.015985932,0.18389963,-0.024212768,-0.026711702,0.15535516
-0.00022279163,0.011201426,-0.104883015,-0.03406309,0.08525923,0.060667627,0.008873146,0.21196087,-0.042439226,0.22371206,0.7432459
0.049754076,-0.055863664,0.054094713,0.0498494,0.064342126,0.09959771,0.052000422,0.16753697,0.032288447,0.11061584,0.48526755
0.035705984,-0.08699061,0.047090102,0.026372785,0.06611252,0.07631236,0.06526765,0.20129642,-0.04608024,-0.028748976,0.7190292
-0.0028830601,-0.06833607,-0.05617109,0.085693665,0.0643242,0.10468871,0.049160127,0.111496635,-0.06861031,-0.037397936,0.15392503
-0.014554078,-0.033241853,0.031208033,0.10103109,-0.013374952,0.061279666,0.02629852,0.12802352,-0.09333189,-0.06497241,0.7106545
0.021946335,0.097454175,-0.009014414,-0.069994256,-0.012037228,0.12755825,0.028189853,0.04617214,-0.066022426,0.005692717,-0.25443566
0.010297239,0.010133226,0.053187378,-0.10825219,-0.123159155,-0.040657986,0.013654403,0.032230806,-0.079072885,0.010866825,0.15526746
-0.004172307,0.011511534,-0.105326064,-0.033743482,0.085274555,0.06026206,0.0139904795,0.21236166,-0.04264005,0.22042336,0.74537045
-0.028264858,-0.09513871,0.0029079458,0.04932593,-0.056829724,0.08114342,-0.1200246,-0.10393408,-0.052846443,-0.009967288,-0.29283848
0.015757995,-0.004986915,0.058100704,-0.10264898,0.0695055,0.07466834,0.07735581,0.18215092,-0.050151356,-0.05243595,0.6404723
0.036458064,-0.07175297,0.05091013,-0.15413627,0.07319739,0.047758885,0.027371598,0.18262073,-0.0811983,-0.04775349,0.61755306
0.0073541217,0.012026429,0.015158352,0.004706909,-0.08805299,-0.024828272,0.016966863,0.107539065,-0.07223027,-0.0015503946,0.13190873
0.06097494,-0.16654351,0.017498843,0.11791147,-0.09900435,0.07686244,-0.07489466,-0.20630802,-0.03520981,0.049327537,-0.1727441
-0.08822166,-0.1445937,0.044010963,-0.19443516,-0.013718945,-0.10079512,0.011301296,0.036525626,-0.10567208,-0.015225465,-0.09624681
-0.11255567,0.09907361,0.01920814,-0.2199872,0.0025498928,0.041506153,0.066354625,0.03794095,-0.32727662,-0.16698365,-0.07119718
0.05185587,0.3321452,0.068522476,0.08693476,-0.057122108,0.08862119,0.047195688,-0.09572304,-0.04536599,-0.12832573,-0.1845622
0.04384496,0.025597092,0.048447937,0.0064149005,-0.02815332,-0.11464536,-0.054963548,0.14462487,-0.07055605,-0.14605394,0.15531003
0.02550761,-0.1855397,-0.048766717,0.07059943,-0.17357066,0.03739227,-0.065100946,-0.18063627,-0.019481225,0.012042709,-0.2766374
-0.021664983,-0.056337167,0.008732021,-0.15282461,0.064636506,0.022178022,-0.0077049346,0.15281825,-0.09006706,-0.04263336,0.3653929
-0.004150051,-0.049380083,0.061996736,-0.11411445,0.07526962,0.040796723,0.012092222,0.1805142,-0.08277943,-0.05375526,0.6186814
0.052016594,0.10007279,0.06582888,0.1327312,-0.056639172,0.12833655,0.088317096,0.033846825,-0.049044494,0.11200576,0.12387802
-0.18541765,-0.17731033,-0.2969962,-0.034104783,0.026779817,0.048346233,-0.36743632,-0.103658736,-0.21943356,-0.010727578,0.022546692
0.018348705,-0.055252768,0.05316964,-0.18597724,0.007690578,0.023574838,0.035049304,0.05062351,0.035185017,0.012144199,0.042429
0.0003756937,-0.1781316,-0.10680464,0.16035867,-0.005985922,0.07293665,-0.10413792,-0.19149995,0.0027244678,0.04744531,-0.29764614
0.00088006386,0.060033247,-0.022671185,0.08254768,0.02402943,-0.18847542,0.03339784,-0.12539129,0.18892634,0.084650576,-0.036911085
0.021809757,-0.12100947,0.044485033,0.03536431,-0.08363275,0.07349446,0.0006886024,-0.105496846,-0.039252304,-0.019397851,-0.29297504
-0.012861807,0.11041591,-0.0003120227,-0.17067832,0.016045023,0.07689646,0.07036758,0.14784075,-0.25774008,0.09802296,0.1210796
-0.009073854,-0.053958103,0.044472925,0.06382242,-0.01364307,0.102206565,-0.006092966,0.0057298597,-0.062981464,0.0963822,0.13524152
0.015157021,-0.13714682,0.02393261,0.082126796,-0.12765,0.06768812,-0.00042511235,-0.17940904,-0.045538526,0.017392589,-0.3112912
-0.033478692,-0.09318007,0.023555137,-0.20348279,-0.107045725,0.043293804,0.032255955,0.08112526,-0.09564078,-0.04118793,-0.13389881
0.01626648,0.03319194,0.035202764,-0.12215412,-0.1401418,0.006505986,-0.005087675,0.009430245,-0.079215705,-0.03325143,0.14610806
0.011184052,0.15376659,-0.12943536,0.0393537,-0.008930369,0.014606429,0.0692678,-0.07437387,-0.017149374,0.08669006,-0.15587962
-0.03466263,-0.044613622,0.04332336,0.0651041,-0.0123541225,0.10108205,-0.033681862,0.0051531103,-0.05944861,0.09466168,0.14026569
-0.0690608,-0.048612203,0.03552456,-0.007563779,0.0031774766,0.091087714,0.09768861,0.13300447,0.06999672,-0.060402572,0.4135366
-0.05787491,-0.04002275,0.035754927,-0.019015992,0.0033053784,0.092652805,0.034294534,0.20716628,0.041089695,-0.06470855,0.5320846
-0.07219211,0.16141835,0.050332945,0.0030442192,-0.02173429,0.009651032,0.0050804927,-0.1058357,0.0107193,-0.05916925,-0.30205816
0.019409819,-0.16360976,-0.09770922,0.16954972,-0.14378281,0.053691305,-0.038613953,-0.19386727,-0.018989734,0.014039931,-0.2712321
0.07669748,0.12196902,0.043946974,-0.0050150636,0.009325138,0.046787594,0.086362556,0.12621166,-0.2277931,-0.025229705,0.06748045
0.026115073,0.11888074,0.04881286,-0.13411467,0.06046778,0.1661643,0.08800075,0.07185929,-0.041157242,0.06385896,0.038625475
-0.0033511666,0.050697166,-0.19338419,0.029020593,-0.11111401,-0.0630739,-0.0073244455,0.041083477,-0.08141467,-0.053026035,-0.08024954
-0.06164123,-0.106352575,0.06542957,0.022431413,-0.016259624,-0.19590671,0.027360452,0.05033366,-0.05102453,-0.004745125,0.36520565
-0.050515313,0.1942577,-0.16780637,0.07943435,-0.032141183,0.06818824,0.03938717,-0.05772829,0.013630955,-0.053021982,-0.23559065
0.01120716,-0.17593786,-0.022799117,0.12042152,0.014950952,0.103697985,-0.0110308705,-0.15266995,-0.060005266,0.042795215,-0.23418722
-0.048835766,-0.13857359,-0.05419194,0.09418187,-0.18393093,0.081321105,-0.018150467,-0.18332738,-0.0729752,0.017085113,-0.30039954
0.02255831,-0.29224882,0.045524403,0.14229393,0.096429594,0.12640682,0.09018465,0.15363824,-0.08911256,0.050137296,0.76025987
-0.025851158,-0.029433697,0.046294224,0.039811064,0.019307008,-0.21983634,0.050877117,0.23888996,0.17536235,-0.054859616,0.36413133
-0.049854368,-0.18801798,-0.050985385,0.14494202,-0.04333685,0.09945001,-0.10165331,-0.21435493,-0.07212081,-0.014140325,-0.3467783
0.0023240165,-0.15844215,-0.24525839,0.026331201,-0.11609323,-0.17021772,-0.054711115,-0.07327544,-0.065313995,-0.009776192,0.105450206
-0.03849973,0.1944412,-0.16553542,0.07963896,-0.03617319,0.06956223,0.04077244,-0.05760168,0.013964511,-0.052869294,-0.23488435
-0.03593541,-0.06429547,0.008134299,0.06377254,-0.012892123,0.05716335,-0.14810957,-0.12982257,-0.05386727,0.015138398,-0.2925646
0.013143471,-0.121106654,0.015275056,0.057721995,-0.009666202,0.06584674,-0.11438814,-0.12418407,-0.060339577,0.015590198,-0.2655627
-0.0081329895,0.17167735,0.045590177,-0.0019943418,0.06004094,0.08419883,0.113123365,0.03907747,-0.07626695,0.006889904,-0.043430433
0.030170934,0.24334586,0.06206322,0.16374195,0.064391844,0.08612122,0.030607011,-0.07800804,-0.011913063,0.027740708,-0.16964792
0.027975647,-0.14842266,0.027951704,-0.04359095,-0.018779851,-0.13671924,0.109319046,0.052567977,-0.042025033,-0.017659817,-0.07290668
-0.005929368,0.035436925,0.010178097,-0.05292796,0.057155605,0.2283788,0.039106842,0.15680753,-0.061151084,0.19785275,0.30246985
0.030561319,-0.07128656,0.049464364,0.15392709,0.03279623,0.09185428,0.10677131,0.05635686,-0.08153848,0.05018276,0.70738405
0.013058318,-0.07028874,-0.051148508,0.1536544,0.07972055,-0.23425457,0.049267035,0.16479619,-0.030413553,-0.021720117,0.54010344
0.030845668,-0.09766297,0.07915138,-0.05274172,0.029605929,0.131867,-0.13465062,0.09779769,0.05222408,0.117148764,-0.05035188
0.024876304,-0.0986528,0.07207231,-0.05336557,0.10107704,0.12530969,-0.15230946,0.08993393,0.037335403,0.1193571,-0.052353475
-0.08028692,0.037376985,-0.038868442,0.047483318,0.07564859,0.08253946,0.025686162,-0.080279194,-0.07847061,-0.0630873,-0.016940271
0.012846405,0.105238624,0.07896759,0.00678493,0.050985403,0.18874191,0.087227084,0.039791096,-0.06404174,0.14343947,0.028073328
-0.02459711,0.056491014,-0.022993237,0.07694262,0.00613517,0.07767826,0.025967453,-0.069537126,-0.039458655,-0.048079487,-0.008630881
0.046026092,0.3644382,0.07139194,0.05675063,0.0033321155,0.10149977,0.036749706,-0.07830442,-0.02396902,-0.05197727,-0.1920818
0.08847177,0.0779165,0.04138387,0.24677835,0.0070544565,0.09033275,-0.09220208,-0.1965094,-0.011008899,-0.010384592,-0.26290867
-0.1105166,0.025313219,-0.20184399,-0.066474415,-0.0295868,0.098051675,0.0046298527,0.14762908,0.06529053,-0.06061034,0.13530622
0.05580323,0.15390058,-0.0060655996,-0.16493882,-0.049955565,0.04629036,-0.043335438,0.015728876,-0.08813745,-0.0284503,-0.21939646
0.04755743,0.22966464,0.06260206,0.035019986,0.025037317,0.026512302,0.095132075,0.08905688,-0.0942284,0.074982226,-0.050596017
0.037510805,-0.06328574,0.03333958,0.11817388,-0.023366556,0.111085534,0.051112108,-0.09579958,0.059826426,0.019922694,0.18674229
0.018047422,-0.04962581,0.03275583,-0.033449065,0.002950195,-0.9432541,0.080485895,0.044900645,-0.122919984,-0.002691423,0.36889037
-0.044805586,-0.0146327885,0.04719179,0.016112478,0.016064463,0.07204485,-0.005018171,0.19888261,-0.06680706,-0.06113812,0.6480909
0.018176308,0.0567374,0.04440055,0.014281892,-0.11167206,-0.021378348,0.08268491,-0.0686206,-0.08280334,0.13135697,-0.05794619
0.010120903,0.006234133,0.02563103,-0.17250012,-0.10973387,-0.08263658,0.046231795,0.05502198,-0.06622299,-0.027184254,-0.22698306
-0.020213049,0.0127054155,-0.0023212142,0.18040058,-0.121005625,0.040790074,0.16550125,-0.17570625,0.0009461522,-0.010643433,-0.29088438
0.04160939,0.21455054,0.03242443,-0.113014184,-0.0005798334,0.10421876,0.073281854,0.14978388,-0.06971389,0.06463443,0.11249474
0.04171532,-0.0754076,0.0070009823,0.07913044,0.009991597,0.10208485,0.090790816,0.18172161,-0.059355423,0.050898902,0.52667314
-0.006405271,0.20875455,0.093119055,-0.023448333,-0.0059292056,-0.40669188,-0.08834817,0.2533826,-0.035751726,0.041184872,0.36604193
0.023206674,0.12987986,0.043856114,0.0505109,-0.11557254,0.08812922,0.0131748365,-0.08428972,-0.055421945,0.07796449,-0.018362816
0.043690875,0.06879949,0.06467339,0.0057977056,0.023088157,0.112225644,0.08177101,0.08944531,-0.085953765,0.08880668,0.10303469
0.021517688,-0.1262439,-0.0061881365,0.15566814,-0.09881174,0.11139142,-0.041859094,-0.12330567,-0.002234669,0.06985554,-0.24078046
0.004912138,0.39462104,-0.068294495,0.1352568,-0.06344888,0.08492371,-0.10032508,-0.12760048,-0.040904228,0.11684569,-0.20270103
0.008559536,-0.17758322,-0.19516811,-0.0062825507,-0.05391677,-0.67612934,0.0374398,-0.07760389,-0.047231704,0.018891249,-0.23963334
0.012650841,-0.1372331,-0.034348406,0.0587906,-0.058499053,0.07802969,0.01135734,-0.17953818,-0.03900273,0.0020589472,-0.3322226
-0.05435006,0.037912067,-0.052127883,-0.067185454,0.06386436,0.0842399,0.07723178,0.15341543,-0.06275727,0.015373943,0.109088145
-0.03176099,0.3795534,-0.06949736,0.143848,-0.06757298,0.08450313,-0.100869395,-0.13148427,-0.032612443,0.11573281,-0.19828418
0.0021411013,-0.16704686,-0.24610892,0.041689735,-0.04511963,-0.67381966,-0.019599946,-0.12184129,-0.017522762,-0.03971415,-0.3783731
0.050051708,0.078887425,0.0034736611,-0.15445349,-0.095226154,0.0425999,-0.0039131413,0.024583943,-0.0620076,-0.027173197,-0.24530897
-0.030050708,0.2253999,-0.012171146,0.18608084,0.044931367,0.12433997,0.019149445,-0.17252776,-0.042279337,0.024461523,-0.051987104
-0.050192825,-0.024246076,0.06551868,0.07455997,-0.0299556,0.11787929,0.0043196473,0.14771639,0.053234868,0.039367396,0.2005273
-0.039657503,-0.06999913,-0.026784837,-0.0055489438,0.079039894,0.10534641,0.08014894,0.13133155,0.01699545,0.10722806,0.44799435
0.02475533,-0.067822315,0.003984759,-0.122052856,-0.12652542,-0.072094135,-0.13306972,0.01356273,-0.02923954,0.001394555,-0.25967994
-0.053400837,-0.00074075453,0.05095854,-0.13666284,0.049755115,0.0517645,0.07039896,0.15427622,-0.07130477,-0.05929233,0.32360503
-0.026812067,-0.04855517,0.043861978,0.123233825,0.07746023,0.069513455,0.031128552,0.016952217,-0.07511132,-0.03430381,0.16245417
0.002964818,0.07641785,-0.012037447,-0.45255208,0.024570538,0.05830898,-0.019209148,0.106819235,-0.07994359,-0.0340068,0.06756196
0.019255247,-0.12690802,0.025563188,-0.13761699,-0.08113127,-0.13359733,0.042991176,0.05438066,-0.04762944,-0.012745942,-0.22485961
0.0046885232,-0.120225586,-0.1383186,0.17373782,0.08344138,-0.14559315,0.047200948,-0.2108845,-0.004284327,-0.005512828,-0.26670185
-0.029433168,-0.015539528,0.0035521644,0.052158307,0.18740113,-0.07549212,0.075601526,-0.0036143714,-0.06435847,0.019741582,0.15315846
0.006398333,0.076916486,-0.19414167,0.090556696,0.050439566,0.09698196,-0.0663053,-0.10434036,-0.08079458,0.09371529,0.047759477
0.03442725,-0.16537105,-0.15261543,-0.11354901,-0.0100469235,0.092341244,-0.1271325,-0.00085423025,-0.059077792,-0.014129699,-0.21248472
0.035269853,-0.14581063,-0.15004076,-0.118644305,-0.0010616351,0.09775422,-0.11741611,-0.0012766697,-0.05208538,-0.039559588,-0.20732684
-0.07310788,-0.46067002,-0.23033701,-0.056336,0.046906378,-0.9056802,-0.02306105,0.11138913,-0.02273781,-0.05737268,0.30861217
-0.025852852,0.06429394,0.06962393,-0.079982825,-0.13825591,0.087168545,-0.14187494,0.07801685,-0.041903507,0.019794501,-0.25838414
-0.02457375,0.035378132,-0.15747707,0.062347822,-0.120060444,0.06382378,-0.014408027,-0.09878257,-0.040297348,-0.011507728,-0.2887433
0.089474335,0.4634699,0.12690775,0.3284221,-0.033461977,0.009409879,-0.0069477856,-0.13207723,0.00474663,-0.023194553,-0.07176797
0.08890868,0.40582982,0.11344965,0.26652873,-0.019073378,0.053722877,0.0025038023,-0.080755316,0.04933994,-0.022802902,-0.1392835
0.040148716,0.2074402,0.02595497,0.19636902,0.052659564,0.13859808,0.123440355,-0.09610968,-0.07634807,0.054294713,-0.04020218
0.030607695,0.17482507,0.07436126,-0.17466728,0.053624008,0.053486902,0.11379133,0.1433651,-0.12768635,0.06351486,0.085690096
0.04089747,-0.10548008,0.055435795,0.14979446,0.12387593,0.0076542525,0.080863856,-0.015781661,-0.15679985,-0.009470314,0.15278089
0.017521214,-0.15278888,-0.18459736,0.16934517,0.08980546,0.039123174,0.034031417,-0.08905596,-0.090823755,0.01761287,-0.03208269
0.043196786,0.1211353,0.05852176,-0.07096163,0.049321603,0.08381187,0.026702011,0.13616891,-0.0937821,0.026059903,0.07044542
0.024898298,-0.14635317,-0.24343382,0.026703743,-0.029381806,-0.06490465,-0.111661844,-0.060704004,-0.042151008,-0.038533133,-0.21449013
0.022005733,-0.05723162,0.04439076,-0.0579267,0.076464795,0.04189181,0.08524505,0.030382508,-0.089857526,0.004927448,0.14562187
-0.107994534,0.18874122,-0.19371748,-0.08513725,-0.1446725,0.059893336,0.06694452,0.023538567,-0.016484285,-0.035437368,-0.18516295
-0.06907906,-0.057871588,-0.23298113,-0.09706947,0.07355353,-0.0065170727,-0.047187343,0.15617856,0.14169408,-0.078673355,0.32026827
0.015810406,0.0036993965,0.0069603436,0.208741,0.1465562,0.13602833,0.08807767,0.031746954,0.048460465,0.020913308,0.7841449
0.019602522,-0.066041626,0.067413665,0.1201225,-0.05820423,0.10819994,-0.0009540881,0.0017967031,-0.052763876,-0.025288112,0.37858215
0.00800526,-0.13898544,0.0643992,0.061441462,-0.13090003,-0.031205926,0.0016753784,-0.112329654,-0.038200922,-0.0057511814,-0.11381325
-0.029196283,0.051582046,0.064959235,0.15241468,-0.03442195,0.09331263,0.02735526,-0.08791654,-0.057436287,-0.061969545,0.004649281
-0.048039492,-0.06345216,0.0645966,0.056591038,-0.010512713,0.07545649,-0.029941367,-0.10533427,-0.055560254,0.017750459,-0.20214428
-0.059049938,-0.0253991,0.05762299,-0.17341655,-0.004015215,0.006599977,0.013394775,0.19761027,-0.12792656,-0.0160496,0.2785239
0.015097976,0.2764313,0.028290669,0.19276619,0.01814294,0.20221584,-0.016402336,-0.14666781,-0.018874088,0.2417855,-0.053356428
0.03816277,-0.09988536,-0.15157156,-0.14241962,-0.0771057,-0.24524377,-0.005727673,-0.08607587,-0.036615055,-0.020738091,-0.30670547
0.022898562,-0.18447408,-0.19169454,0.07464578,-0.12266772,-0.19547574,-0.08245953,-0.20778863,-0.008385026,-0.03466935,-0.22505437
-0.016639696,0.017567795,0.009864723,0.19690035,-0.018598046,0.10048166,0.09325063,-0.15967503,0.011553528,-0.04349466,-0.28730625
0.011397968,-0.13307954,0.0039990917,0.099621676,-0.107115366,0.08681433,0.026121013,-0.18373598,-0.020048631,-0.036529202,-0.06756498
-0.04198199,0.016195137,-0.21650174,-0.10360575,-0.010770326,-0.062355384,0.022904476,0.12076904,0.07470702,0.08543315,0.17984538
-0.051191267,0.018154206,-0.20741247,-0.09533065,-0.0075111487,-0.059957024,0.025822392,0.10308012,0.07491464,0.059604753,0.16538578
0.0047901613,-0.019830791,0.0541723,0.07913848,-0.13610473,0.03628408,0.08786951,-0.07756633,-0.038722396,-0.018966455,-0.020433899
-0.011290411,0.027764587,0.070052505,0.1578191,-0.08890798,0.12488265,0.09205128,-0.14077123,-0.01628702,0.019783845,-0.20829472
-0.0041732336,0.016517224,0.008470091,0.20210283,-0.018343326,0.105398685,0.049922228,-0.14717104,0.010876539,-0.039597955,-0.2851437
-0.057255697,0.07325062,0.054158937,0.06850797,-0.026945392,0.06645937,0.030586274,-0.08649172,-0.041694626,0.020627463,-0.06113581
0.0012142378,-0.13712683,0.028151892,-0.16605756,-0.14700325,0.05395432,-0.14735435,0.024725756,-0.007657362,-0.04724095,-0.1706084
0.05012387,-0.08759952,-0.013003765,0.5787825,0.008336647,0.02401965,0.16414233,0.01278282,-0.0003600154,0.094465986,0.25592843
0.006627164,-0.026484378,0.06569257,0.010898456,-0.0070190276,-0.14471167,-0.0070710373,0.10473396,-0.027731942,-0.019443946,0.17920728
0.057231613,0.20916592,0.019017,-0.16502045,-0.010121229,0.05573098,0.06867966,0.016065618,-0.06095906,-0.0414916,-0.21193711
0.062328845,0.1055834,0.019776912,-0.130707,-0.032853056,0.050226722,-0.035726488,0.047669124,-0.017392552,-0.041640315,-0.18586308
0.02011019,0.020417076,0.06800673,0.029190833,-0.012237629,-0.13079417,0.009728058,0.092734784,-0.023391359,-0.011806493,0.16662242
0.02349636,-0.076631196,-0.044931162,0.009072136,-0.13878332,0.08574889,0.12747467,-0.05058241,-0.040413957,0.016514773,-0.24745528
0.03848988,0.06861882,0.06117886,0.11310618,-0.077875875,0.046952423,-0.09617754,-0.19565085,-0.028150713,-0.0051321527,-0.24912569
0.00819141,0.3208253,0.053395294,0.080757685,-0.031699102,-0.074045554,0.062577106,-0.09565849,0.0152708115,-0.0319609,-0.2317877
0.027506318,-0.13764286,-0.13318338,0.029728571,-0.061555598,-0.05233466,0.04856354,-0.0046639657,-0.037272654,-0.004801758,-0.23801623
0.02819718,-0.10892678,0.082100786,0.12100631,-0.11564165,-0.03640498,0.024256242,-0.19189651,0.002113032,0.008453323,-0.2635836
0.011416681,0.009458201,0.05576079,0.08422639,0.075890616,0.10652635,0.12746799,0.14018294,-0.062627986,0.084885515,0.6451618
-0.0065086824,0.005744459,0.03353867,-0.10493868,-0.09231351,-0.35927236,0.039487064,-0.07117992,-0.04249071,0.006432777,-0.23054463
0.039883606,0.06592989,0.03323452,0.03912447,-0.029647902,0.07948219,0.025968911,0.00756758,-0.07238447,-0.04063404,0.11003484
0.012197256,-0.121925786,-0.14795052,0.3963956,0.092110716,-0.0026821315,0.10485828,-0.06282333,-0.027340487,-0.011607225,-0.09321877
0.014272969,-0.13310151,-0.14350514,0.042383607,-0.040960725,0.10501157,-0.016359778,-0.07974877,-0.05027345,-0.04284498,-0.21635078
-0.012955209,-0.05477507,0.06838227,0.07771021,0.08893111,0.01582443,-0.005210089,0.20902206,0.056843717,-0.025452582,0.25444353
0.03512646,-0.025281044,0.063964084,0.05314242,0.06704456,-0.15885314,-0.004695732,0.19355321,0.0009632742,-0.010842327,0.46704662
0.042910725,-0.06664209,0.036366146,-0.10717088,0.0484548,0.08959707,0.097053304,0.16160393,-0.08524855,-0.02612423,0.20433326
-0.072379395,0.06536628,0.004063983,-0.26700878,-0.016669743,0.101665825,0.013360599,0.07067507,-0.093828745,0.085155606,-0.21744898
0.0039349464,-0.07403676,0.012353108,0.088679664,0.092454456,0.072966225,-0.00889902,-0.22234799,-0.030950028,-0.068894885,0.45755798
0.028878907,-0.049447708,-0.0032342111,0.0011148911,0.066255964,0.10527333,0.03777987,0.11465014,-0.09056487,-0.04557075,0.3963051
-0.030778846,0.008732176,-0.24814026,-0.01754416,-0.0073833875,0.11656229,0.036500763,0.021319594,0.03677235,0.088881366,0.13813606
-0.026619062,-0.0630295,0.049940474,-0.2624198,-0.1311724,-0.041117705,-0.16246727,0.0057302723,-0.07795127,-0.05055273,0.14964485
-0.015810143,0.04553074,-0.05873748,-0.17052168,-0.012159143,-0.105477676,0.055827986,0.1639219,0.047854383,0.050965838,0.11114672
-0.0734928,0.04708959,-0.048514195,-0.046643417,-0.004649116,0.09721624,0.13144104,0.16471955,0.037204374,0.058613345,0.12933235
-0.076528996,0.13598883,0.056390196,-0.17134422,-0.0017490083,0.032997064,0.094865225,0.14231728,0.04145604,0.077565186,0.092326015
-0.0008008594,0.04963737,0.057854097,-0.11719438,-0.017551476,0.08909975,0.009377101,0.10594014,-0.047555864,-0.037760332,0.13387175
0.03775191,-0.017718233,0.058213584,-0.266328,-0.002766633,0.05405471,0.10693155,0.16573784,-0.057835855,-0.03096958,0.25850052
0.037892852,-0.096181706,-0.09781298,0.15875888,-0.12368274,0.070743345,-0.0006317128,-0.17883389,-0.010912897,0.017705293,-0.27111998
0.047376674,-0.0060633607,0.057040107,0.05432115,-0.0076739094,-0.019378202,0.07296069,0.18612462,-0.05298881,-0.01010518,0.40531248
0.037356243,0.021237478,0.059664514,0.029107727,-0.017052773,0.055672232,0.03250603,0.1769861,-0.063044876,-0.031118974,0.40007496
0.014702177,-0.11216412,0.01689905,0.13328548,-0.029268479,0.08785019,0.07329031,-0.19988228,-0.06562779,-0.04310262,-0.3172506
0.00040781964,0.050921727,-0.10270059,0.15499522,-0.09860223,0.06753544,-0.009269916,-0.19439903,0.014226864,0.122412145,-0.27229837
0.0029977951,-0.14648646,0.004213012,0.12769657,-0.026698396,0.07847405,-0.009588535,-0.15769845,-0.02860053,0.05890706,-0.32170328
0.017912049,-0.036287736,0.05738063,-0.0071528126,-0.33261803,-0.29231283,0.03449638,0.30330154,-0.034187578,0.004410855,0.543963
-0.016636595,0.3970662,0.09379692,-0.076353066,-0.08942732,0.035392135,0.10017036,0.2547096,-0.016935386,0.009885086,0.17133078
-0.022390757,0.20229732,-0.18318282,0.0020348951,-0.019727487,0.077917166,-0.015570758,-0.06377782,-0.029061452,0.03933379,-0.18043458
-0.021325495,0.19810137,-0.17777126,-0.0068847584,-0.022665702,0.081611924,-0.015533529,-0.05778358,-0.029299045,0.039541718,-0.17851187
0.007534707,-0.17645018,0.011830454,0.048581302,-0.11553733,0.11438708,-0.14691965,-0.10296327,0.060760822,0.033795796,-0.15885466
0.020832578,-0.14860225,0.010345235,-0.010717678,-0.12874927,0.088861965,-0.13848157,-0.18270525,-0.008564237,0.055467322,-0.100561
0.033568926,-0.02142258,0.093905024,0.119911745,0.26282465,-0.11428486,-0.13771619,0.28575754,-0.08643867,0.018497447,0.64442307
0.023527203,-0.08312603,0.051866185,-0.07002511,0.06819728,-0.13406147,0.062093962,0.16548236,-0.093662106,0.023238761,0.15262942
0.041660357,-0.14851466,-0.0007342855,0.06588092,-0.026229972,0.078082524,-0.11169741,-0.19048429,0.013907278,-0.03960426,-0.29264864
0.00409483,0.028682873,0.03919737,0.111189134,0.016939843,-0.016743608,0.1010346,-0.08622922,0.142097,-0.07170362,-0.0030426262
0.0007948136,-0.07576605,0.0481363,0.15813895,0.060926184,0.054584187,0.018143363,0.075834915,-0.14748666,-0.12667803,0.42494896
-0.06243113,-0.030656409,-0.09553322,-0.0041365526,-0.054290842,0.012603435,0.031736795,0.01767159,-0.06298004,0.030152606,0.12671125
-0.05372677,-0.45548075,-0.18173704,0.051118247,0.09313641,-0.12328179,0.075936265,0.12655762,0.19794536,-0.0090874415,0.6673431
0.029081441,0.057183914,0.08767008,-0.09570049,0.002075941,-0.530162,0.05324931,0.23166233,-0.042609,-0.014450398,0.4540651
0.03602873,0.19428813,0.04239979,0.031114344,-0.04764286,0.12507021,0.031986114,0.012880839,-0.034872547,0.023710636,0.0885402
0.011197045,-0.100996554,0.049826223,0.1202192,-0.09744988,0.13991758,0.01751643,-0.11198771,-0.061832,0.086913526,-0.04242256
-0.058447976,-0.04429949,0.04991442,0.09036912,-0.14716263,0.0964308,0.04400425,-0.0659079,0.016654992,0.011938178,0.029355131
-0.049280886,0.037096787,0.06072245,0.086157866,-0.057582498,0.10027596,0.049302977,-0.072822034,-0.068634585,-0.13027659,0.09232596
0.011155687,-0.03001894,0.054540604,0.1204568,-0.08934166,0.14102776,0.0013823386,-0.12115137,-0.0504652,0.08292912,-0.04044586
0.08727016,0.50191104,0.09247448,0.17239295,-0.109972365,0.091654845,0.12197767,-0.195055,0.0016692396,-0.010660656,-0.1676092
0.0075216,0.26653418,-0.033429086,0.22975089,-0.07187791,-0.3261304,0.033998594,-0.08948742,-0.00335174,0.029931866,-0.14005892
-0.00086955214,0.009139895,0.043024357,-0.11464852,0.06452503,0.0634797,0.06508064,0.20696743,-0.044459105,-0.028503316,0.6117698
-0.013620047,-0.21706194,0.030796666,0.1733141,-0.0005594478,-0.5001313,-0.017974416,-0.07897948,0.007893352,0.02780084,-0.2400866
0.038018636,-0.008701492,0.033302914,0.029425621,0.078700684,0.09751944,-0.23127817,0.08236082,-0.061756153,0.013632038,0.42948854
-0.061932534,-0.102904715,-0.011454624,-0.093304925,-0.02073648,0.08526958,-0.1188043,0.026576187,-0.047709268,-0.04094662,-0.23219334
-0.030466104,-0.1261123,0.030334577,0.03980881,-0.03382014,0.110830046,-0.12041521,-0.11077367,-0.055323,-0.029881585,-0.27214772
-0.03419447,-0.10642923,0.018606253,0.035850294,-0.029459674,0.091286086,-0.11056079,-0.108292475,-0.05977992,-0.032054357,-0.273608
0.099296734,0.48671725,0.10098215,0.34777272,0.04713718,0.04967334,0.001136411,-0.12858905,0.005322172,-0.035804946,-0.0674739
0.015618306,-0.046432506,0.0042360146,-0.100947574,-0.10715255,-0.2725006,0.05772748,0.048188012,-0.06415152,-0.01242429,-0.05209551
0.026044477,-0.15196009,0.019834181,-0.06162917,-0.12146988,-0.3024728,0.06395784,0.073352486,-0.05907974,0.01833989,0.010108205
0.046139058,0.068037905,0.048948456,-0.10570131,-0.053998947,-0.010034116,0.099769354,0.15594001,-0.06267732,0.013504949,0.2628383
-0.059965763,0.0098025035,0.047765184,0.015140319,0.030440502,0.05327459,0.0037093144,0.14458558,-0.046182185,-0.04950395,0.39016473
-0.0025976163,0.13385215,0.057898156,-0.046802893,0.0062456992,0.09438759,0.07875802,0.24600212,0.11470329,-0.057762522,0.6677953
-0.08426978,0.045631513,-0.013173539,-0.12767933,0.044272486,0.09591478,0.009763165,0.12953094,0.073917724,-0.058703877,0.3043045
0.045845125,0.0329931,0.048402965,-0.122299366,0.05837185,0.11168102,0.075534105,0.18792066,-0.10928267,-0.05851457,0.49188304
0.0362787,0.036567837,-0.010220032,-0.11048395,-0.005645897,0.059625555,-0.018767994,0.1160158,-0.09716283,0.011904245,0.20098472
0.025483284,-0.090028234,0.06351063,0.050032113,-0.064225465,-0.16665007,-0.00044828537,0.00871897,0.06230317,0.00569632,0.26212287
0.03234861,-0.15498227,-0.09036196,-0.04909443,-0.02263874,0.06748644,0.06622181,0.021018952,-0.09573477,-0.0042319684,-0.25607765
-0.025343835,0.04533181,-0.10381854,0.10797503,-0.06261724,0.12772195,-0.07669009,-0.15399939,0.013436697,0.11999179,-0.2964904
0.023107072,-0.031765625,0.04371532,0.04451122,-0.009079447,0.02939223,0.01681641,0.13714556,-0.065238655,0.007723358,0.17632148
0.021585492,0.12216931,0.048276115,-0.002690722,-0.0055241967,0.16195919,-0.02189316,0.02343636,-0.05162732,0.099571005,-0.08789271
0.009516033,0.045043208,0.04027187,-0.07832434,0.07663366,0.07259012,0.10074614,0.039410505,-0.046593502,0.07551954,-0.039549883
-0.075880475,0.08857027,0.057335597,0.075980276,0.05090352,0.090722695,0.037187483,0.16292362,-0.05208206,-0.04401529,0.12251293
0.02387131,0.043870587,0.030487705,0.027568527,-0.085093774,0.020953223,-0.13469177,-0.19717082,-0.017904883,0.013988703,-0.27144977
0.032887973,-0.17447448,-0.008773648,0.17834707,-0.12815788,0.06880368,0.08508694,-0.17702004,-0.026056943,0.018498193,-0.321812
0.049169876,0.03659236,0.062168077,0.05707149,0.028343113,-0.09272842,-0.06636371,0.10366392,-0.11124424,-0.00048136117,0.13400911
0.00593188,-0.12247768,0.024538103,0.11607148,-0.037816457,-0.19718911,0.031398095,-0.15676345,-0.008032147,0.05142811,-0.20347315
-0.014729927,-0.06178929,0.060627334,0.0067753736,0.013416719,0.10407782,0.076843776,0.19666225,0.07675036,0.09434728,0.33188894
0.013207361,-0.06322844,0.07042219,0.07924428,0.004449917,0.0139249945,0.05264171,0.2168816,0.011451035,0.09560307,0.60206985
-0.09806071,-0.08242667,0.040029723,-0.22484653,0.012956311,-0.07572468,-0.034729477,0.05620984,-0.09220612,0.034590133,-0.09397167
-0.08055466,0.0058555235,0.036172085,-0.07522504,0.06415874,0.08272443,0.013974141,0.16116787,-0.07205783,0.027928136,0.3905293
-0.040455837,-0.067391455,0.047293704,-0.18933445,-0.026293151,0.020843351,0.07064632,0.18671015,0.1186793,0.07016663,0.17888694
0.009954541,0.061693747,-0.190508,0.005644956,-0.15016776,-0.07966798,-0.03314909,-0.085066274,-0.007064579,0.005367265,-0.22511128
0.028854676,0.07004814,0.050823506,-0.076503195,-0.011812789,-0.07318882,-0.1349869,0.22515088,-0.072369784,-0.06753169,0.2543638
-0.013592465,-0.0712434,0.033743292,-0.24707581,-0.0912347,0.070061035,0.010629481,0.09349672,-0.058205567,-0.046186276,0.11462608
0.03909088,0.12602381,-0.04596605,0.066564575,0.010392495,0.044829145,0.040085025,0.04991067,-0.030844424,-0.062591754,-0.06279282
-0.03859726,-0.06082993,0.06010606,-0.22649297,-0.0197858,0.027927564,0.016753264,0.16749023,-0.103482455,-0.049909197,0.3706828
0.068213075,0.05304223,-0.008914538,0.055148613,0.026852949,0.06300997,0.081435814,0.33978567,0.0242876,-0.030001173,0.74347407
-0.032552887,0.017337963,0.043489587,-0.15311876,0.0316679,0.034629744,-0.09844243,0.24592173,-0.10074785,-0.1413296,0.43517432
-0.006928686,-0.12950918,0.006074734,0.0673815,-0.150822,0.060120188,0.005527495,-0.093150355,-0.059444305,0.004031325,-0.25772023
-0.01999777,-0.15629828,-0.016895926,0.18475246,-0.025016468,0.055145912,0.009447262,-0.22418843,-0.10215145,-0.040333804,-0.30244148
0.0009162475,0.018058881,0.05363684,-0.26486802,-0.0032207675,0.05593596,-0.035381824,0.15975529,-0.10145987,-0.057516746,0.36281377
0.026042713,-0.03926358,0.055689514,0.021214105,0.071763165,0.059913352,-0.0014245426,0.16226986,-0.07367767,-0.06956163,0.2155444
0.036885522,0.01373473,0.037518073,0.032884073,0.01796548,0.10208051,0.075676166,0.12939937,0.018027786,-0.05998378,0.5956826
0.00010958224,-0.14071617,0.02718745,-0.13460673,-0.14196631,-0.010936901,-0.17280307,0.026639296,0.015892128,-0.048234563,-0.19328244
0.030127738,-0.013194226,0.020758674,0.15521348,0.026662247,0.09479763,0.03234052,-0.07812007,-0.039407343,0.026273336,-0.09757471
-0.009694903,-0.1382589,-0.13823533,0.37508214,-0.098652154,0.07958398,-0.0007315662,-0.23445512,-0.06903117,-0.053808365,-0.124482125
-0.049958073,0.04407111,0.04672083,-0.1669582,0.07523819,0.13947178,0.04925559,0.19393843,0.22587188,0.064307116,0.09543057
-0.025182975,0.020464532,0.05679379,0.0050701546,0.07312843,-0.059222177,0.037668318,0.14081003,0.0058274204,0.0027916655,0.16535042
0.0490942,0.012516787,0.053240854,-0.10406282,0.074331835,0.027215341,-0.010185933,0.14733645,0.07331828,0.08307243,0.24409765
-0.038520057,0.2455421,-0.15290065,0.02333133,-0.054502446,0.018144913,0.028047448,-0.07583914,-0.022582676,0.03871169,-0.18888037
0.021216905,-0.16766725,0.028783739,0.12622574,0.033535786,0.075756796,-0.09457254,-0.14355482,-0.044457506,0.015837863,-0.19442049
0.01577272,-0.19639249,0.0075603956,0.008017552,-0.12754652,-0.33636367,-0.028967531,-0.2902915,-0.08557149,-0.043637056,-0.35847825
0.029482188,-0.24836804,0.011872311,-0.08674832,-0.032542318,-0.83489513,-0.09648817,0.0324051,-0.05386351,-0.008648223,-0.17700197
0.015026589,-0.14267422,-0.02457776,0.12504262,-0.048370086,0.06726788,-0.058566805,-0.14972213,-0.0018046745,0.016400857,-0.25083512
-0.05036976,-0.14636071,-0.27786148,-0.022021297,-0.13660905,0.023314154,0.03868181,-0.0056508463,-0.0419877,-0.14812689,-0.30798933
-0.009194353,-0.082875155,0.026391225,0.050229568,0.018265605,0.08344405,-0.07858959,0.0671075,-0.1789745,0.04618098,0.41416076
-0.045453653,0.14050648,0.05998551,-0.20472242,-0.0042692455,0.06393535,0.08877016,0.13865222,-0.048799153,0.027189635,0.081499815
-0.018555595,-0.061007235,0.028234925,0.13733773,0.07471127,0.06986441,0.021988118,0.044958904,0.017984865,-0.058789834,0.44499093
-0.06752247,-0.13094456,-0.3050754,-0.16118158,0.050367393,-1.0383366,-0.24561812,0.07563231,0.050862703,-0.03291818,-0.052129697
-0.059539314,0.02512326,0.050249517,0.14211886,0.08522689,0.049299136,0.047123935,0.17452645,0.017747078,-0.061682645,0.40211892
-0.02790626,-0.12599902,0.04790103,0.06661283,-0.09021172,0.0849418,-0.14464383,-0.10746948,0.004620899,0.035091236,-0.12031616
0.033065528,0.007416124,0.13628231,0.16380899,-0.042977862,0.23077263,-0.019361518,-0.0756003,0.023910563,0.11573319,-0.026489984
0.010996404,0.13480096,0.061395608,-0.005984828,0.0030405028,-0.066676974,0.1252982,0.093665786,0.16160196,0.021295892,-0.09003794
-0.013860082,-0.11790628,-0.11319442,0.18289267,-0.010111687,0.086785756,-0.11401382,-0.12755248,-0.018915698,0.0579872,-0.17604116
0.03340776,-0.02807031,-0.024203023,0.058127932,-0.017739724,-0.3045694,0.047650628,0.099298395,-0.050486248,0.040298313,0.10320974
-0.015297892,0.118076935,-0.101206884,0.0032472834,0.019927947,-0.3002887,0.05688961,0.040480744,0.015635975,0.08945748,-0.07787453
-0.017817838,-0.04953958,-0.0036049727,-0.007103517,-0.24305306,0.07344316,0.061866146,0.17247483,-0.048021164,-0.044759642,0.46310565
0.0016322918,-0.101289496,0.04343587,0.20731463,0.0575782,-0.38427594,0.006581771,0.06420167,0.018084845,-0.08868461,0.39977387
-0.0002551552,0.06914756,0.0389924,0.101096645,-0.13496381,-0.06072257,0.059261844,-0.07818264,-0.04387751,-0.022761287,-0.048141584
0.0032435006,0.0950073,0.038900193,-0.07474963,-0.095069006,-0.06798046,0.06306188,0.030873131,-0.067135826,-0.05104833,-0.043284398
0.008564874,-0.13520005,-0.18756491,0.15003912,0.04489474,-0.03862264,0.06032701,-0.20630948,-0.04432108,0.0019659377,-0.26868704
-0.06929615,0.107830524,0.025845204,-0.26132047,0.018591816,0.0054169917,0.04494217,0.009682748,-0.102124214,0.04754996,-0.07100105
-0.034331728,-0.053063996,0.09798349,-0.031745974,0.04246901,0.11241777,0.09505718,0.15532301,0.055138487,0.33736366,0.32201937
0.018494908,-0.02160956,-0.031233532,0.14725147,0.0252441,0.10607691,0.10348694,-0.14754374,-0.01562558,-0.052607927,-0.12961355
0.007987747,-0.045688383,0.06145769,0.021253804,0.08507443,0.17948073,0.03308681,0.03779044,-0.072852485,0.084906176,0.118854046
-0.045613326,0.10867325,0.059123576,0.063666366,0.06851243,0.19831252,0.050859656,0.09072327,-0.039639715,0.14946066,0.009393622
0.02040195,-0.043126162,0.0023500922,-0.06398679,0.22267157,-0.01265547,-0.036090527,0.15095617,-0.08879668,-0.019498087,0.2671235
-0.07098044,-0.15067124,-0.017960357,0.177534,0.08820865,0.07852165,0.08001565,-0.23656356,-0.094293386,-0.007231722,-0.31935564
-0.06816282,-0.14184023,-0.031804163,0.1822595,0.09431565,0.072510295,0.074432574,-0.23079215,-0.094618455,0.0043940777,-0.31334507
-0.051665697,0.06547454,0.004232943,-0.033674557,0.04952261,-0.036885224,0.07230091,0.18456756,-0.036476724,0.003260159,0.31438527
0.04159875,-0.11479182,-0.021050239,-0.05432391,-0.097861014,0.018742586,0.103137776,0.031585183,-0.039307956,0.0073439963,-0.13806693
-0.08885817,0.16406734,-0.20119895,-0.07960757,-0.022165459,0.032576323,0.076786384,0.14105901,0.014756163,-0.05385846,0.1330045
-0.061484184,0.062108308,-0.13271584,0.01332094,0.0091438405,0.09373639,-0.027206333,0.054802176,-0.03672822,-0.05791679,-0.00071457075
0.01940811,0.43111202,0.03209348,0.22737809,-0.13682601,0.05925618,0.13638364,-0.23369911,-0.027543768,-0.17289901,-0.1899567
0.04114687,0.08158322,-0.06739682,-0.051249906,-0.0077614724,0.09216438,0.10507366,0.056971807,0.045917023,-0.05447332,-0.18055455
-0.034211323,-0.17765008,-0.35046998,-0.19939375,0.04062985,-0.42502597,-0.063710734,0.1569382,0.05619919,0.024592075,-0.027718395
-0.03310698,-0.1351235,-0.056047,0.09001311,-0.108961694,0.0008581335,0.042524554,-0.088562965,-0.048517797,-0.026855538,0.05132012
-0.0070345146,-0.13195755,0.007806515,-0.0010341604,-0.13791402,-0.11328719,0.058865614,-0.07991008,-0.036906067,-0.022112368,-0.26492983
-0.055010084,-0.060884234,-0.19187182,-0.15211363,0.051104594,0.06778848,0.05140774,0.1666683,-0.17141375,-0.12249841,0.21172315
-0.054138582,-0.05513309,-0.17983523,-0.15092485,0.065126844,0.048951246,0.06682727,0.16570967,-0.1595425,-0.106595755,0.34218648
-0.030866161,-0.071310766,-0.31281677,0.18982144,0.14584075,-0.11852488,0.08281943,0.013444499,0.07057187,-0.061094455,0.40944582
-0.0020243495,-0.038607337,-0.19759573,0.08663307,0.05401716,0.08337699,0.0009245379,0.080868736,-0.07427499,-0.041255917,0.14136522
-0.018482624,-0.04907241,0.070544146,-0.0001311964,0.009424619,-0.0743297,0.06909927,0.27561182,0.061520673,-0.02501449,0.46352875
0.008082569,-0.12406167,0.06652191,0.14402393,0.06363516,-0.020872714,-0.053918358,0.0023798626,0.047885485,-0.046650052,0.5196796
0.0019917819,-0.2403526,-0.22822315,0.12382179,0.074941896,-0.11923199,0.01755985,-0.03795317,0.036814526,-0.040028706,0.4528753
-0.07596751,0.027539488,-0.20598798,-0.13945374,-0.01226676,0.07022496,0.04128646,0.14071326,-0.05833959,-0.079061545,0.29945272
-0.021876995,-0.049348768,0.06994676,-0.00012996998,0.012239368,-0.045556787,0.046092942,0.2741316,0.027240844,-0.026421025,0.4789428
-0.04389951,0.011499236,0.054160237,0.016229996,-0.00027295813,0.044918783,0.0002520826,0.134782,-0.054999165,-0.04256064,0.37544867
0.0123223765,-0.16247185,-0.1495453,0.20516008,0.024521517,0.059701588,-0.07956432,-0.16584684,-0.013311134,0.001954317,-0.28900576
0.021276059,0.11868234,0.04700638,0.095017284,0.013796956,0.11854565,-0.10027199,-0.10933675,-0.0044496753,0.013185801,-0.16047035
-0.0019894622,-0.15689872,-0.13965996,0.099548355,0.009725227,0.069116145,-0.11010227,-0.17656425,-0.013574602,0.014657152,-0.27495235
-0.038672764,0.06778137,-0.15672405,0.20795855,0.034813557,0.058284514,0.10293337,-0.17420278,-0.042239208,-0.042974196,-0.2502237
0.009832542,-0.028766505,-0.17773499,-0.008511706,0.20669001,0.06766299,0.05495946,0.2408603,0.2505044,-0.07391939,0.6932629
0.039616793,0.12460406,0.018268012,0.02167022,-0.10656263,0.070191815,-0.12960228,-0.09848479,-0.008868838,0.021510202,-0.10437797
-0.068483904,0.18101738,0.036338195,-0.050413687,-0.013113673,-0.93234676,-0.09415478,-0.023427516,-0.015796643,-0.073011205,-0.12918913
-0.015639562,0.023028508,0.073771745,0.104424514,0.02681757,0.064720936,0.024144173,-0.25055158,-0.04927117,-0.0772771,-0.08473549
-0.0069701993,-0.06761813,-0.051981267,0.026566304,-0.16311465,-0.050023988,0.07535973,-0.18866892,-0.053364076,0.009722032,-0.14898498
-0.041629713,0.10157254,-0.004662431,0.14460449,-0.024045201,-0.014507384,0.088713065,-0.00070300966,-0.044184648,-0.021090735,0.116754584
-0.04493055,-0.08465109,-0.1516434,-0.08663857,-0.023462703,0.050544064,0.059799332,-0.011600193,-0.039631072,-0.035911616,-0.18062909
0.05084389,0.16324493,0.044603646,0.052296836,0.046935882,0.008855915,0.04675597,0.050342888,-0.16063775,0.052484736,-0.07782536
0.04855449,-0.029804641,0.079246745,0.11817543,-0.00541907,0.06859174,0.091500856,-0.14706413,-0.08007462,0.025565004,-0.21410494
0.023200545,0.11737231,0.03660614,-0.010818051,0.021437097,0.058938254,-0.13538341,-0.20720279,-0.03058838,0.031169238,-0.28013262
0.03239586,0.07412351,0.050665352,0.046830904,0.0029546556,-0.107057974,0.06844043,-0.016334547,-0.06651672,0.009433973,0.103043705
0.028511805,0.089647405,0.07141708,0.09174071,-0.033017706,-0.0990968,0.0597185,-0.12074203,-0.047993306,0.014574617,-0.06107543
0.04331447,0.07489478,0.03765088,0.11246633,0.0633141,0.084972695,0.021640131,-0.10699476,-0.044568133,0.014385214,0.08459323
-0.011371391,-0.042618036,-0.29761738,0.22171918,0.08294073,-0.2915273,-6.388273e-06,0.0031987648,0.14792843,-0.059172455,0.37495294
-0.015968317,-0.081842534,0.048338644,0.045401987,-0.066890925,0.09782038,0.019258933,-0.09395586,-0.006943379,-0.00020488836,-0.27856344
-0.0098979045,-0.12041044,0.04560179,0.04249373,-0.14313589,0.1205294,0.022354644,-0.097677745,-0.0071430323,-0.001614353,-0.28254676
0.02425938,-0.12884285,-0.15107915,0.08355099,-0.21357107,-0.030782266,0.030586457,-0.13914096,-0.013737076,0.02980187,-0.25416622
0.014621588,-0.13813874,0.034389045,0.15286663,0.103353746,0.03954955,-0.106556706,-0.12997217,-0.04981329,0.015561016,-0.19317718
0.027103368,-0.034134567,0.052042708,0.08088053,-0.008446183,0.08168516,0.060693134,0.13895997,-0.08289202,-0.15292656,0.44492206
-0.040029548,0.042687528,-0.053895827,-0.06400945,0.011151225,-0.03418101,0.07726758,0.053892728,0.19513825,0.09475407,0.11621831
-0.02754851,0.033809554,-0.045224145,0.08656258,0.031043025,-0.08691361,0.08811847,-0.12171435,0.1422659,0.06686826,-0.01130868
-0.05721825,0.055976212,0.064041086,0.07504758,-0.098101795,0.09855549,0.033476394,-0.088534795,-0.06396656,-0.06145683,-0.021515016
0.07373267,0.05324246,0.05159699,-0.075113386,0.06400312,0.115596406,0.10220599,0.0643265,0.24399646,0.077205226,0.1451738
0.004910955,-0.0376768,0.066905506,-0.043495987,0.06806108,-0.14814208,0.021913903,0.1914435,0.13431744,0.07470989,0.2877794
0.043714557,-0.05711554,-0.051975995,0.022597462,0.05690562,-0.2866343,0.08587974,0.03704364,0.13888967,0.028620167,0.42765543
-0.032239385,0.08314951,-0.032709006,0.08661077,-0.12106513,0.10470406,0.021043843,-0.095983505,-0.040985674,-0.059437893,-0.07134647
0.024579933,0.0019799827,0.05719153,-0.0942944,-0.028662033,0.058130465,-0.024134468,0.1516628,-0.05556804,-0.17548072,0.27777666
0.03366127,-0.058100116,0.06012555,-0.05265717,0.0039217426,-0.11220335,0.024214722,0.19433123,0.10547863,0.03171059,0.17093632
-0.0006760148,-0.020823764,-0.20765243,0.2127724,0.07651164,0.007568508,0.06739839,0.10867788,-0.05617071,-0.02088435,0.34657502
0.014291583,-0.013511333,-0.044160582,0.09642884,0.076403484,0.09972131,0.08038354,0.16253397,-0.040455956,-0.047099903,0.6892953
0.0028293417,-0.43711457,-0.14258073,0.12689106,-0.20527673,-0.107695594,0.08529921,-0.1890958,0.0065825745,0.012875164,-0.2133452
0.036538474,-0.014798884,0.0069348076,-0.065238334,0.05148684,0.15003048,0.02732853,0.21341586,-0.063030854,-0.043160632,0.4879691
-0.022304572,-0.05149179,0.036758095,0.03946004,-0.059461284,0.072884165,-0.12447029,-0.10643686,-0.037056033,0.011458324,-0.27289623
0.012595291,-0.07723997,-0.14213048,0.123169616,0.1046239,0.045656953,0.016851272,-0.03903207,-0.041020922,-0.029680803,-0.059363924
0.014327893,0.257436,0.054281797,-0.19132188,0.019334204,0.14800054,0.100501016,0.013578481,-0.07749909,0.104217194,-0.04569501
-0.08330337,-0.061127763,0.0075931116,0.011829469,0.06947105,0.085997835,0.035678063,0.16407298,-0.24451436,-0.041007735,0.09912586
-0.10757865,-0.009389112,0.059264183,-0.24029358,-0.0026178616,0.100676045,0.052490722,0.13817342,0.16802137,-0.069104515,0.09112399
-0.027498087,0.03806069,-0.008702875,0.036398303,-0.12096566,0.06664015,-0.13709246,-0.10898741,-0.007498389,0.0068844343,-0.275264
0.015817279,-0.16850743,0.038436454,0.068333626,-0.12744309,0.07189466,-0.013144996,-0.17994778,-0.020228125,0.0060566254,-0.3111149
-0.009992577,-0.09084673,-0.23982453,0.0939408,-0.01957624,0.06182869,-0.00063323544,-0.0831881,-0.082026996,-0.006552614,0.09730635
-0.02889974,0.06223066,-0.0006757722,0.038114678,-0.115597494,0.06591758,-0.104894176,-0.11503297,-0.004273979,0.010898377,-0.28800458
0.15467075,0.43580925,0.13810933,0.45157683,0.047444355,0.08345318,0.014839938,-0.15766661,0.03892775,-0.03444679,-0.023492172
0.034132175,0.124644265,0.07352887,-0.04772617,0.045496017,-0.16006102,0.2026517,0.0943846,-0.03330412,0.11297296,0.015731208
0.027283352,-0.090742275,0.031405933,0.10621196,-0.11606694,0.06498762,0.021204142,-0.16757514,-0.049701948,0.07660061,-0.13410582
-0.06759,-0.049422525,0.031641323,-0.14113031,-0.16585924,0.09108027,0.05145171,0.12409827,0.18100879,0.10190261,0.13420808
-0.05265073,0.055440605,-0.021431288,-0.07572568,0.08061681,-0.08977411,0.006663697,0.03223899,0.15741624,0.07619318,0.010705908
0.04757361,-0.06424652,0.023465157,-0.11009373,0.027071599,0.06539383,0.0408254,0.04501559,-0.09175647,0.0056016115,-0.24842916
0.033877436,0.054283764,0.03585543,0.026849438,0.072870865,-0.055795737,0.009524108,0.03913453,-0.057979923,0.0014659412,0.121650524
0.037250105,0.06794939,0.049983718,0.024586543,0.06929086,0.21440455,0.0047582835,0.13341688,-0.08991892,0.05602917,0.120251425
-0.060875475,-0.16965291,0.0020343775,0.18407036,0.0270715,0.12973097,-0.0013885507,-0.24348152,-0.07799036,-0.029618638,-0.31019926
0.04210441,-0.16220684,0.08664167,0.100283846,-0.20225462,0.067175,-0.101691656,-0.14542177,-0.026888777,0.010319492,-0.26237345
0.049951006,-0.053888667,-0.0427322,0.046509795,0.0020068653,-0.28920224,-0.021400606,0.23581892,-0.21392389,0.027703429,0.5870068
-0.0061193197,-0.06400702,0.05694778,-0.01793583,0.054227155,0.06685129,0.02062566,0.17262378,-0.070296966,-0.060252413,0.5612944
0.02231805,-0.08466625,0.023957489,-0.083425485,-0.1248968,0.064684175,-0.020513574,0.03508028,-0.080791965,-0.046672005,0.00843689
0.052706994,0.19262093,0.04888728,-0.117113136,-0.052448843,0.04506356,-0.054091793,0.071187586,-0.022935951,-0.032450955,0.11086016
-0.0058461824,-0.09458133,0.06496021,0.12391814,-0.03363223,0.09005504,-0.027259301,0.0059245666,0.062243246,-0.039535616,0.22266456
-0.019272977,-0.11437,0.049179077,0.015955621,-0.027647153,0.07895056,-0.14412689,-0.017408187,-0.0046434803,0.009959888,-0.10919706
-0.05574331,-0.017482305,0.03545025,0.014923669,0.012692985,0.10535741,-0.21216042,0.16003628,0.061353456,-0.01490501,0.20135577
0.02241606,0.066800304,-0.15076418,0.04369815,-0.07837868,0.059237547,-0.11026342,-0.10093601,-0.0412699,-0.008335998,-0.2561489
0.021911787,-0.12515831,-0.12330857,0.023788044,-0.08589996,0.08846873,-0.102091976,-0.08386109,-0.029365325,0.00083783315,-0.20941575
0.044393454,0.03774636,0.044824455,-0.13469845,0.030588746,0.079740405,0.038032707,0.097848,-0.055489894,0.057899375,0.18739587
-0.020116495,0.0064917863,0.048353463,0.0006940036,0.06022785,0.08812467,0.059819184,0.114803486,-0.032534264,-0.058839668,0.6049447
0.021969499,-0.14759198,-0.019038856,0.12183602,-0.035320275,0.06615111,0.020476473,-0.18827637,-0.049878668,-0.05113391,-0.25686315
0.008005502,-0.094749935,-0.2341436,0.13570502,0.009792801,0.086795785,0.104956076,0.018797338,-0.07398932,-0.05939442,0.099793024
-0.03825405,0.19232087,0.057489336,0.06944072,-0.09848332,0.051589265,0.0063075945,-0.1136726,-0.1776826,-0.04870651,-0.2210938
-0.023199173,-0.059114292,0.06599567,0.00479304,0.07757096,-0.12864181,0.03444408,0.17130187,0.003594631,-0.04050013,0.4661425
0.038665425,-0.10176607,0.044580653,0.14351101,0.015305883,0.09318877,0.057601992,-0.0836009,-0.068404846,-0.018109808,0.06369242
0.04850794,0.10394071,-0.18802638,-0.009106385,-0.16510165,-0.14634763,0.031919315,-0.059203852,-0.019363342,-0.0021679322,-0.20995952
0.029941527,0.082952514,0.07194313,-0.010150692,-0.13231967,-0.18913738,0.051755313,-0.06965564,-0.049862217,0.01836627,-0.23823392
0.034575053,0.031169137,-0.19921039,0.021125147,0.05658935,-0.009346722,0.059585173,0.08014443,-0.061211366,-0.028351758,0.10463025
-0.041229628,-0.032088652,0.062063262,-0.115657814,0.004846948,0.00976981,0.09276377,0.18532889,-0.06161745,-0.048455633,0.3703864
0.0064896657,-0.110204116,-0.15113904,-0.024672793,-0.12670903,0.05647105,-0.028686827,-0.0012419014,-0.046666943,0.002711225,-0.26651978
-0.04127789,-0.0963719,0.040129572,0.031549513,0.014163882,0.07885152,-0.12382108,0.007716175,-0.064548545,0.016763631,0.16320911
0.0050847204,-0.10804507,-0.1385594,-0.0044887858,-0.0019071234,-0.09761576,0.04836894,-0.07643141,-0.05640644,0.0010928817,-0.25010332
0.02951542,0.33158526,0.054690454,0.014406446,0.06667025,0.04044032,0.0059671965,0.10357303,-0.051674377,0.03202138,0.099881895
0.020391937,-0.17777522,-0.094345406,0.051331148,0.009137639,-0.36928046,0.087075174,-0.12793806,0.026025206,0.00592431,-0.21130905
-0.041330505,-0.1084138,0.057679053,0.12076596,-0.1400948,0.07427998,0.036861394,-0.007610876,0.06613461,0.00787842,0.22199021
0.02208984,-0.08628743,0.066449866,0.09437464,-0.030762369,0.04543892,0.02780078,0.039551146,-0.050183844,0.02603118,0.5016489
0.035892062,0.0352421,0.010001282,-0.08081366,0.00798335,0.08864287,0.052407928,0.13037075,-0.05613798,0.005595182,0.13405782
-0.018652732,-0.04225456,-0.14735389,0.047594387,-0.086222604,0.0841522,-0.11566738,-0.097118534,-0.040935766,-0.009891348,-0.26738173
-0.051315274,-0.019312948,0.054026738,0.045042202,0.0022191822,0.10668403,-0.020372424,0.018589754,0.043686043,-0.017409539,0.17389606
0.021394975,0.065615244,0.052074596,-0.2339447,0.029944416,0.060823362,0.09825599,0.1425507,-0.07760967,0.10988628,0.06548302
0.027107468,-0.028474852,0.06569168,0.14784369,0.111756,0.075691804,0.080077834,-0.09728155,-0.025695408,-0.0155896945,-0.29063064
-0.02724222,-0.0843567,-0.24479245,0.0531415,0.004853954,0.086137556,-0.0046124742,-0.0001417964,-0.08517868,-0.16223082,-0.07905084
-0.017363599,-0.008403132,-0.0063703875,0.00789189,-0.11588682,0.04450957,-0.03488471,-0.21985224,-0.03055958,0.015886467,-0.28820243
0.082631625,0.12329607,0.01626392,0.026788477,0.0028783986,0.07017527,-0.18705124,-0.182873,-0.004760048,-0.022223668,-0.24506277
-0.03815996,0.1949087,0.07380114,0.10387073,-0.03471595,0.052491322,0.026687695,-0.25127733,-0.015364544,-0.15243259,-0.09930573
-0.044448175,0.08380074,0.0059396084,0.16461632,-0.042852927,0.09169041,0.038742285,-0.09061288,0.024741169,-0.14144784,-0.032289293
0.027856167,0.04285039,-0.13101456,0.1496918,-0.09456892,0.053817518,-0.0029642098,-0.16594164,-0.017611383,0.083158806,-0.27996582
0.029092373,-0.10652218,0.010917732,0.09749573,-0.09273244,0.12400347,-0.06513196,-0.15609065,-0.012288146,0.10435143,-0.21692754
0.02134881,-0.14067866,0.042566016,0.17495383,0.010272785,0.08224214,0.031046154,-0.10772182,-0.1278124,0.057728544,0.46379986
-0.0017184031,-0.1167109,-0.0010428356,0.08159065,-0.012728546,0.092614695,-0.14253394,0.14538401,-0.0764008,-0.044461124,0.51126075
-0.07961795,0.111054525,-0.028807888,0.038558535,-0.15245315,0.055347558,-0.1274008,-0.0060593677,-0.029530589,-0.030623224,-0.22017992
-0.037935093,-0.083029196,-0.14323384,0.05671321,0.0124767935,0.062295973,-0.14598076,-0.08713259,-0.056638822,-0.022769606,-0.2711921
0.007155825,-0.054362625,0.042954065,0.023618354,0.0751442,0.07242853,0.025344169,0.19102786,-0.07730536,-0.032320794,0.6952332
0.013748454,0.16712065,0.069378376,-0.0047889207,-0.0062902416,-0.04095038,0.06284304,0.16815552,-0.12342164,-0.02665801,0.12141648
-0.008392795,-0.086023055,-0.14380926,0.054527353,0.013034437,0.063637376,-0.1451767,-0.081592485,-0.055571783,-0.02162775,-0.27252764
-0.078203656,0.041709796,-0.03836891,0.030559657,-0.14349551,0.03671755,-0.13125014,-0.0800731,-0.012365724,-0.011475566,-0.2381429
-0.02964849,-0.06653724,0.007886604,0.08091957,0.065936744,0.01180502,0.019684281,0.21224844,-0.05432741,0.07078122,0.6808172
0.04480799,-0.06441252,0.064920984,0.2230465,0.02396425,0.017464584,0.089617886,0.059634216,-0.047393717,0.0021318719,0.1304806
0.013297844,-0.16229837,-0.1485504,0.09321899,-0.15635054,0.046187736,0.012030219,-0.22761081,-0.006279755,0.005732183,-0.26099795
-0.078203656,0.044957783,-0.03834364,0.030762779,-0.14349551,0.03813605,-0.13183406,-0.08148219,-0.012365724,-0.011656775,-0.22738308
-0.01595263,0.07526472,0.064920105,0.012376524,0.009380954,-0.0449375,0.08504078,0.055702303,-0.05574163,-0.0052907746,-0.06434656
0.049866892,0.09059932,-0.12493554,0.25778553,-0.0035978088,0.06089454,0.07398766,-0.19262534,0.01860586,-0.034869645,-0.24214351
-0.058070038,0.10038316,0.04241599,0.046302952,-0.009980457,0.09468331,0.077419095,-0.0710364,-0.054206613,0.02457083,-0.18489252
-0.017417518,0.1048099,0.04814659,0.044342484,-0.028865708,0.053616285,0.07827483,-0.07047869,-0.052715167,0.01769182,-0.18475713
-0.0018970041,-0.15373692,0.018533003,0.15664446,0.028763412,-0.0078042387,-0.113404274,-0.13012144,-0.018378938,0.058200262,-0.20413361
0.025991004,-0.025885975,0.06363052,0.09182302,0.045498505,0.08567509,-0.058067497,0.11285462,-0.06416482,-0.05027593,0.4685304
-0.050744615,-0.083008036,0.025883097,0.029460577,0.003655818,0.122244805,-0.033453707,0.09172891,0.034767643,-0.05241824,0.0013304036
-0.008712517,-0.17489032,-0.044417605,0.21039918,-0.10456142,0.07038055,0.014251431,-0.20537215,-0.10947856,-0.0276158,-0.33755192
0.014272462,-0.123901956,0.08196049,0.018316848,-0.015328523,-0.15635774,-0.21118897,0.28242114,-0.07849729,-0.043618497,0.6452449
0.017373763,0.01639954,-0.013652829,0.07639853,0.05267946,-0.18192513,0.091991775,0.16532904,-0.052615635,-0.016098034,0.42375293
0.002647006,-0.43052915,0.016249575,0.13794477,-0.1225966,0.088598266,-0.08641823,-0.19031,-0.04718304,-0.018242123,-0.25566235
0.019888423,0.040106352,-0.06857609,-0.07017261,-0.0041256933,-0.13331376,-0.033356786,0.019391166,0.016216611,0.0035503667,0.14967826
0.030397633,-0.12484525,0.0410176,0.14583834,-0.12724386,0.0027437476,-0.027217379,0.016702078,-0.10422591,0.024121715,0.17000805
0.041019898,-0.08115566,0.073139,0.025840001,-0.15283044,-0.19560899,0.054006085,0.038709957,0.14947394,0.05779847,0.33544156
0.030397633,-0.12484525,0.0410176,0.14583834,-0.12724386,0.0027437476,-0.027217379,0.016702078,-0.10422591,0.024121715,0.17000805
-0.09594872,0.048806813,-0.16341804,-0.097757824,-0.033497646,0.085759625,0.025753105,0.013365442,-0.06346922,-0.0717205,-0.020087004
-0.004716159,-0.15897387,-0.14971335,0.01969601,-0.024815844,-0.21891098,0.08091219,-0.09060066,-0.024604196,0.0038508398,-0.2514475
0.015753705,-0.15229154,0.06709662,0.11973363,-0.12773845,-0.021234771,-0.0042806757,-0.1936606,-0.012012834,6.235539e-05,-0.24634668
0.02860634,-0.06269618,-0.039208595,-0.24590829,0.04648128,0.07520447,0.01831065,0.17928122,-0.091725215,-0.0675052,0.39233938
-0.027104074,-0.035479005,-0.08992663,0.08198303,0.11717193,-0.0045453855,0.06163004,-0.007702981,0.17428416,-0.040913388,0.16868821
-0.07288595,0.039166972,-0.33193162,0.0010732869,0.13584661,0.075947955,-0.022232318,0.17186885,0.15282865,-0.094497584,0.6870633
0.02828837,-0.065186694,0.061621062,0.0013349904,0.06106649,-0.15435238,-0.014676273,0.2132537,-0.034138292,-0.03181365,0.44746253
0.028941927,-0.16203423,-0.021734737,-0.020552445,0.010052965,0.09067904,0.087215975,-0.010969168,-0.07603294,0.020018496,-0.11083462
-0.0099845175,-0.06448955,-0.16032304,0.15777978,0.07811149,0.09668184,-0.004197155,-0.06881103,-0.079346314,-0.038652077,-0.0076350854
0.013285258,-0.12941839,-0.0015433084,0.17226866,0.0201022,0.10706033,0.04505277,-0.1103904,-0.05686998,0.039025534,-0.0529719
-0.014930162,-0.121594906,-0.15614888,0.04287137,-0.021625483,0.072047725,-0.11820161,-0.09270755,-0.049319264,-0.014008038,-0.26585877
0.008952783,-0.14198719,-0.1736942,-0.011042729,-0.025730254,0.07856009,-0.050135493,0.0003904279,-0.07563549,-0.043737855,-0.22817479
0.04133346,0.36822623,0.0028535342,0.24244575,-0.06823673,-0.026655363,-0.04608559,-0.14755407,-0.005583226,-0.020713609,-0.21401368
-0.0216731,-0.12558344,0.07039793,0.121290796,-0.115269825,0.04797639,-0.07789232,-0.17370406,-0.016995508,0.011924054,-0.27263644
0.036829382,-0.0143083865,0.023525024,0.023287464,0.010083513,-0.08197623,0.025689043,0.26759216,-0.10406328,-0.004321951,0.65229285
-0.058493197,0.07925767,-0.1991163,0.036250368,0.007271675,0.06409936,0.07750688,-0.08191598,-0.0040384405,0.015914451,-0.18995395
0.004309785,-0.06771409,-0.04905977,0.0197959,0.025839275,0.11122871,0.023931883,0.005904126,0.04011908,0.040727273,-0.059172723
0.012051054,-0.029635588,-0.1538725,0.0071278913,0.06509392,0.069125526,0.028621705,0.1396134,-0.07700919,-0.06645319,0.6754635
0.03235324,-0.05515297,0.040868953,-0.13485935,0.070689976,0.06376267,0.053395204,0.18679705,-0.053971503,-0.12274955,0.43651837
0.023403,-0.07909823,0.0060248184,0.04778914,-0.13446839,0.041322008,0.011001604,-0.23069386,-0.017236408,0.012963301,-0.30145296
-0.012285466,-0.08697606,-0.090103805,-0.0021873252,-0.1921664,0.081377916,0.017753638,-0.028128479,0.1534314,-0.01747332,0.15806566
-0.014288133,0.042294692,0.056645878,0.04276896,-0.11325941,0.07512687,0.012947903,-0.0650069,-0.048667215,0.0023947274,-0.09583461
-0.002524013,0.061333437,-0.06320994,-0.19645892,-0.08802369,0.05474338,0.11064806,0.15660208,-0.06163109,0.08434556,0.08755808
-0.0027619584,0.06676875,0.065982014,-0.0074879066,0.01675639,0.06861191,0.06434066,0.15478025,-0.12483743,0.05816091,0.07519941
-0.08211636,0.117252275,0.047866534,-0.2278804,-0.005805834,0.02738601,0.08323658,0.17214157,0.019733982,0.024688605,0.1000844
-0.03675808,0.0026614969,0.060710117,-0.17879051,0.03042245,-0.010103051,0.045156125,0.16580212,0.15124626,-0.07376219,0.3170712
0.01945545,-0.09743667,0.063153766,-0.15171619,0.035876438,-0.21102126,0.028618682,0.070873395,-0.09318025,-0.013904336,0.17252173
0.0122602405,-0.09853528,-0.16843227,-0.06380657,-0.1542134,-0.029312307,0.05656017,-0.011483605,-0.02595559,-0.019726789,-0.23566145
-0.01639917,0.031786155,-0.15209565,0.08885335,-0.02294919,0.11110867,0.11156646,-0.09496788,-0.046696004,-0.053261504,-0.11067907
-0.08920294,0.007583472,0.041981228,-0.08638978,0.07272674,0.081890166,0.017829904,0.165602,0.023279905,0.10045652,0.36682743
-0.074388064,-0.004401127,0.017483812,-0.194821,0.063496895,0.054487254,0.005473046,0.17242591,-0.051837936,0.012987977,0.43698078
-0.018425545,-0.14136925,0.0015509115,0.048950452,-0.09855504,0.09021008,-0.09812097,-0.10910083,-0.04941883,0.0060253968,-0.26167664
0.02057802,-0.34814817,0.010750359,-0.022783983,-0.15111838,-0.09704961,0.07655703,-0.057997905,-0.078294985,-0.019990157,-0.22479081
-0.09200922,-0.003952168,-0.016729165,-0.03735936,-0.34301025,0.051442795,0.05207605,-0.3386282,-0.037566423,-0.16052103,0.3631959
-0.025813753,-0.05451635,0.039597414,0.0007565369,0.058808498,0.06707292,0.014951202,0.13901417,-0.073270574,-0.04739146,0.45948797
-0.011123167,-0.13566434,-0.21454465,-0.15294524,-0.06801959,-0.6434353,-0.050539393,0.01301004,-0.03326077,0.05270521,-0.21367957
0.013805189,-0.34359118,0.009461177,-0.020862961,-0.15757525,-0.0961098,0.07639106,-0.057544902,-0.07876334,-0.020145696,-0.22452284
0.021892227,-0.08378981,0.053607844,-0.05077043,0.06793312,-0.2639717,0.013165079,0.22907609,0.039350454,0.038159154,0.42940444
0.013038168,0.43161237,-0.025212554,0.1061142,-0.014757614,-0.23726714,-0.0014530495,-0.11805782,-0.0124430945,-0.02461982,-0.22033629
0.02538683,0.26475093,0.046148453,-0.3344024,-0.0026167699,0.03872656,0.053198997,0.050614942,0.10435697,-0.0021054293,0.0359128
-0.0042248806,-0.073054746,0.0036394866,0.0075589693,0.0977274,0.053193722,0.072514765,0.13535833,-0.078025095,-0.044611678,0.6799879
-0.028939668,-0.0600182,0.0379271,0.018357728,0.07873153,0.058769483,0.06510762,0.16253941,-0.0699195,-0.04809774,0.1908416
0.016915038,-0.08755283,-0.13164344,0.039516933,0.04020168,-0.30069494,0.057796184,0.27349874,-0.035897262,0.027990444,0.6412306
-0.00923021,0.1838599,-0.0015698797,0.10222503,0.042002767,-0.091345906,-0.15922828,0.023546504,-0.022546487,0.027953492,0.22591439
0.013765195,-0.11919948,-0.018625097,0.11536205,0.022712963,0.11553401,-0.04515468,-0.17079692,0.15609135,0.05022806,-0.08502531
-0.023214556,0.04261515,0.04844409,-0.20233992,0.0029387535,0.051369682,0.056944057,0.14399382,-0.07231409,-0.025179377,0.13107097
0.015600239,0.10228253,0.036100376,0.030082377,-0.09101878,0.111843005,-0.13493805,-0.16784313,-0.025758246,0.0803927,-0.076399334
-0.016207276,-0.12805493,0.048348345,0.051328324,-0.1620366,0.09089623,0.005982982,-0.18044664,-0.005351415,-0.018322993,-0.29712307
0.039985288,0.12857172,-0.055961464,0.056231175,-0.13128977,-0.09418963,-0.04090743,-0.012461008,-0.049021993,0.011017038,-0.06721163
-0.0053574843,-0.074150376,-0.010753134,0.12584919,-0.15688384,-0.07628792,0.013556025,-0.019844897,0.011109823,-0.035183977,0.42542684
0.019649856,-0.07790899,0.0363781,0.024963079,-0.14179921,0.08361564,-0.13829213,0.07400851,-0.05029694,0.024140554,0.14854345
0.04879532,-0.19775447,-0.066481136,0.11203049,-0.10082595,0.07577759,-0.121674515,-0.19590528,0.09737027,0.031442046,-0.070009306
0.030758502,0.012757751,0.054831117,0.03609041,-0.08564632,0.07886351,0.0045837434,0.0950475,-0.07511444,0.013588585,0.13918051
-0.011773873,-0.3752164,-0.16497673,0.21214893,0.047158513,0.11097518,0.04458526,0.15925111,0.027160121,0.1425169,0.7745644
0.03447915,-0.14500736,-0.16605364,0.05962452,-0.1261003,-0.062318802,0.0358014,-0.08375603,-0.073767304,-0.031821433,-0.026722271
-0.0009855016,-0.08137461,-0.145108,0.02323834,-0.12637416,0.0829279,-0.024004031,-0.08463886,-0.051793385,-0.01020922,-0.102802195
0.046208773,0.12726544,0.055810716,-0.16929749,0.0055536753,0.07324183,0.040689543,0.12600733,-0.056429498,0.101038344,0.05859196
-0.024159763,-0.08740587,-0.27908567,-0.0760607,0.062510796,-0.16150874,-0.06054277,0.17622276,0.098085396,0.028580507,0.34147772
-0.10895522,-0.043832112,0.02393021,-0.008120081,0.04592768,-0.34981975,-0.10784079,0.09771603,-0.08435696,-0.09276831,0.11209419
0.030803155,0.08226211,-0.1886279,-0.12408109,-0.11201934,-0.1784925,-0.018906571,0.05251694,-0.029831288,0.008298848,-0.23446462
-0.013752826,-0.08395089,0.03254438,0.0022599886,-0.034899306,0.069973715,-0.013442841,0.18714783,-0.1348382,0.060952697,0.6680421
-0.070350304,-0.05609447,0.034830347,-0.18666388,0.07405472,0.00029325538,0.023833765,0.20595779,0.18093494,-0.055875465,0.35787418
0.022333676,-0.0774664,0.067195654,0.028006025,0.017170813,0.04960403,0.12247618,0.15678811,-0.040848088,-0.03404601,0.151559
-0.04896362,-0.10066173,-0.14094044,0.087483905,-0.11261159,0.07391489,-0.10555606,-0.15499747,-0.035349187,0.0026101677,-0.2774528
0.035838738,-0.06258271,0.009655095,0.017469123,0.060349666,0.15828715,0.10345346,0.17336129,-0.07046259,0.09424453,0.12903333
0.010968689,-0.09540151,0.063203946,-0.0033428338,0.059826154,-0.15077005,-0.032023918,0.21374442,-0.04897549,0.0009319005,0.51076525
0.04453933,0.2701748,-0.16971135,-0.005871037,-0.008781382,0.014853399,0.056410167,-0.014339376,-0.0126775745,-0.04145329,-0.17456876
-0.025740404,0.25096744,0.053732295,-0.014672146,0.027013863,-0.31522995,0.042963345,-0.07274587,0.00792385,-0.02797905,-0.13065934
-0.12044699,0.31987166,-0.16703193,0.1755069,-0.05709912,0.009142261,-0.08379705,-0.09459727,0.03492271,-0.037091516,0.23840922
-0.056624465,-0.12384731,0.046408404,0.061883822,-0.1297018,0.08106164,-0.099203356,-0.115729995,-0.03098985,-0.025386002,-0.2056011
-0.007076798,-0.10084738,-0.1644158,-0.073681496,-0.024560468,0.06470421,-0.10557793,-4.8030255e-05,-0.057240546,0.010994032,-0.25021014
-0.009532537,0.25041682,-0.032664154,0.27899253,-0.029837066,-0.061981246,0.005600058,-0.24460638,0.0053922907,-0.11705345,-0.22710416
0.031061523,0.25436634,-0.013241833,0.09074317,-0.020365229,0.10083816,0.02221418,-0.08624172,-0.028258223,-0.05318092,-0.17549498
-0.09352208,-0.04900507,-0.16754813,0.1785808,-0.076143906,0.101299904,-0.15176548,-0.088265665,0.027497642,-0.032835495,0.45336613
0.030597819,-0.075127564,-0.17622635,0.0035568574,-0.0935385,-0.07064958,-0.018788401,0.038071785,-0.0072515295,-0.0037003641,-0.20656267
0.06750357,-0.034737155,0.0070368075,0.19942841,-0.0047821887,0.11565746,-0.02984232,-0.18234448,-0.01646495,-0.027384784,-0.29935306
0.062785745,-0.105709225,0.009212072,0.1977582,0.003708512,0.107057914,-0.025516296,-0.19175759,-0.024541467,-0.027987901,-0.2966552
-0.11215635,0.29131055,-0.18163243,-0.13171713,-0.08293562,0.042700607,0.0647414,0.18802862,0.06707359,-0.029752083,0.16235778
-0.069690615,0.03216464,-0.14633182,0.10213106,-0.03535006,0.0860077,0.0896347,-0.22416772,-0.062251005,-0.16294207,-0.058230057
-0.0046883393,-0.013817514,0.05527394,-0.14744979,0.0023925381,0.057129487,0.007507309,0.14118089,-0.071651325,-0.08077234,0.37864095
0.06829688,-0.033657927,0.010390251,0.20167342,-0.013794584,0.11874503,0.012329984,-0.1896339,-0.020994829,-0.028973935,-0.29977888
0.060949896,-0.10445682,0.012416249,0.19944431,-0.007895635,0.10847119,0.019225743,-0.20122842,-0.030088654,-0.029587533,-0.29387927
-0.04574888,0.2725609,-0.004667025,-0.23307781,0.038746197,-0.7480227,0.062927544,-0.07479237,-0.063694865,0.03115308,-0.1055232
0.054287154,0.33321998,0.04143103,0.05512436,0.033696465,-0.015262108,0.02036741,-0.02229289,-0.08939924,0.016581196,0.07786487
-0.10447605,0.29616353,0.0480863,0.06501655,-0.010880101,-0.21045996,-0.2219431,-0.1714328,0.0050929976,-0.13529676,0.1355656
-0.07925737,-0.030371707,0.036910653,0.013858781,0.051741604,0.08787443,0.013808966,0.12863298,0.022126194,0.081910424,0.4964351
-0.08282118,-0.01039033,0.032843117,-0.149623,0.06697704,0.0026461456,-0.007285177,0.1911132,0.1406956,-0.071450375,0.43981382
0.016835224,-0.10665698,0.0067319972,0.094064765,0.06342041,-0.21954133,-0.09239388,-0.15526451,-0.0752716,-0.0049192207,0.1342058
-0.032850824,-0.018428588,-0.0146975005,-0.12137982,0.14279217,0.076750666,-0.06000288,0.11138924,-0.1332618,-0.13709566,0.5970758
0.048550926,0.032370016,0.055575643,-0.019930404,0.031875636,0.051676102,0.10901237,0.13902685,-0.1789357,0.06940651,0.17094433
-0.007816042,-0.07203628,0.051346462,-0.037525635,0.13989055,-0.066203244,-0.17926489,0.22114955,0.15152721,-0.0918493,0.17670871
-0.006154643,-0.14164518,-0.12710404,0.21318315,-0.03220254,0.075424746,-0.12382045,-0.24872442,0.13390619,0.07225021,-0.14611812
0.03987928,0.034968324,0.05527029,-0.08809424,-0.018767742,-0.06426668,-0.016193131,0.10093003,-0.045666248,-0.01147554,0.15148453
0.04402737,0.048878245,0.051408276,-0.085054114,-0.012401095,0.0050333813,0.061963424,0.048792124,-0.050469764,-0.02344696,0.1414702
0.0014832702,-0.22711913,0.017825117,0.13074555,0.13527335,-0.16659112,0.043875005,0.0031062295,-0.054211073,-0.023894675,0.6344226
-0.073242605,-0.030496333,0.036787998,0.012265294,0.05102939,0.087441325,0.012894936,0.12447575,0.01971372,0.08093477,0.4960458
0.016198693,-0.15200113,0.062081717,0.1171394,-0.18428418,-0.023191893,0.11005911,-0.14912374,0.0061949557,-0.005869989,-0.25644502
-0.09076885,-0.014146131,-0.0050687646,-0.08548441,0.049735688,0.061361276,0.010827365,0.049499705,0.056511648,0.04943307,0.10932453
-0.060669284,-0.07038432,-0.019110046,0.120844975,0.030660111,0.10546916,-0.08520851,-0.120960444,-0.03800526,0.08859791,-0.22096017
-0.051152907,0.013712837,-0.19130066,0.08975225,0.084706254,-0.053375892,0.06313218,-0.098271914,0.1329764,0.07257799,0.09115953
0.040195245,0.08436323,0.05135567,0.11868805,0.02958976,-0.08412173,0.04142255,-0.14243045,0.14727806,0.051835768,0.042175014
-0.034343317,-0.045449246,-0.17919618,0.031522214,0.12070543,0.09551428,-0.0187584,0.21620262,0.108549565,0.03993446,0.6521593
-0.025601571,-0.03717464,0.012738248,-0.016942814,0.03594621,-0.3927983,0.01519512,0.25586298,0.001842586,-0.00089565694,0.3591807
-0.025111185,0.13757545,0.035467528,0.19570735,0.117251836,0.0999392,0.06560171,-0.0673899,0.16951326,-0.04611419,0.031131081
0.029324438,0.0087992195,0.03680968,0.17644978,0.13701715,0.05649724,0.1312593,-0.06878997,0.22996502,-0.013795252,0.08627826
0.034680333,0.08221887,0.04047924,-0.08746414,0.06198927,0.09220612,0.103497006,0.19549844,-0.08219902,0.010390971,0.0378236
-0.071543135,-0.0660349,-0.027600775,0.07184912,0.08086913,0.01683626,-0.052712277,-0.31443372,-0.046262987,-0.010393986,-0.021182053
-0.1802485,-0.07863597,-0.023630612,0.1521459,0.060677215,0.09345541,-0.105977155,-0.06212059,-0.120259576,0.013623571,0.24840176
0.032999065,-0.09451172,0.07097617,0.043683708,-0.03919295,-0.119219095,0.048359424,0.023315798,-0.043154404,-0.03278888,0.40752974
0.015583377,0.19755298,0.0635792,-0.020229958,-0.08198211,-0.13269871,0.059659578,0.058403756,-0.03761458,0.033919953,-0.19399405
-0.02931524,-0.070476,-0.198745,-0.18525282,0.13127762,-0.10595581,0.032135222,0.25163558,0.0692793,-0.029806724,0.17348659
-0.059406105,-0.0008891791,0.05025057,-0.1451252,0.13935867,0.05111131,-0.0044650617,0.25545835,0.17296864,-0.057171997,0.36191285
-0.027249396,0.036187064,0.06690396,-0.19666037,0.08080431,0.055899188,0.09806103,0.19726862,-0.07531608,-0.058304656,0.59207964
0.023713917,-0.07341619,-0.16387118,-0.0038324103,0.056487955,0.065728135,0.042743172,0.12554616,-0.05529148,-0.031244507,0.44661006
-0.042733867,0.027052257,0.0013048765,0.18569201,0.07363322,0.1229927,0.025616897,0.16748253,-0.026418777,0.0571893,0.59952426
-0.035028275,0.014701328,-0.072489,0.029491218,0.093863264,0.051770024,0.041524727,0.17990926,0.15388924,0.07887695,0.32049885
-0.02516937,-0.1108791,0.056430187,-0.19899479,0.019600056,-0.020960523,-0.21072882,0.16816607,-0.06950683,-0.0604492,0.13415323
-0.015568006,0.35476345,0.03988032,0.17983584,-0.06372414,-0.00078705547,0.16319376,-0.15279528,-0.027904889,0.025484107,-0.16616713
-0.10358424,0.27215567,0.06911825,-0.1875312,0.034286235,0.060801476,0.13109137,0.18821865,0.23340267,0.09632431,0.21293028
-0.0748418,0.18812968,0.014720361,0.24523494,0.025589287,0.09404006,0.10475655,-0.20578675,-0.017931664,0.095523246,-0.2437646
-0.07107592,0.21947615,-0.032797173,0.30961844,0.007565101,0.08652787,0.07406849,-0.13596633,-0.019168202,0.09689923,-0.1647748
-0.056593295,-0.02092839,-0.003691663,-0.1636143,0.06706424,0.08767301,0.035393152,0.07157326,0.19297308,-0.05512538,0.19206952
0.003113215,-0.124704115,0.032967336,0.013007604,-0.0017358079,0.074776165,0.034488678,-0.07009615,-0.057196807,0.1634256,-0.081413746
-0.01812422,0.095313355,0.0219218,0.054171756,-0.076152645,0.11052053,0.011865436,-0.10361097,-0.08861402,0.015950723,-0.26721597
-0.0030530244,-0.07297574,-0.024998864,-0.060265455,-0.0016737581,-0.16135104,0.012790963,0.19037819,-0.07917848,-0.00097460067,0.17455341
-0.00504071,-0.045437273,-0.221508,0.113785416,0.11977821,-0.023822434,0.030948976,-0.028943684,0.1966381,0.062354136,0.314948
-0.025708962,-0.042678572,0.026830802,-0.2450466,0.07479485,0.068551235,0.033190574,0.19011676,0.0051204087,-0.04829782,0.40104467
-0.0013510468,-0.082483746,0.043895118,0.16062553,0.09939218,-0.029397609,0.023186563,-0.061293446,-0.012985167,-0.04083881,0.19192445
0.0068165245,-0.09726374,0.040273696,0.03333443,-0.12569937,0.088613406,0.03721494,-0.036712606,0.06347885,0.069474265,0.20011762
-0.0010435681,-0.10344738,0.05054739,0.15253878,0.01845862,0.07848877,-0.022455947,0.005820261,-0.073369995,0.0003559329,0.17734873
0.04164367,-0.10644406,-0.02510484,0.13893764,0.007840599,-0.009956025,-0.18631493,-0.052134033,-0.08185208,-0.0016163663,0.13702594
0.008607448,-0.04454237,0.044097476,0.101042025,0.05432489,0.048724044,-0.054455064,0.10988277,-0.029522153,-0.036127865,0.48186293
0.04779428,-0.08032361,0.04074797,0.2007793,-0.12353021,-0.07612668,0.0740462,-0.11792717,-0.05570115,-0.004260509,0.1763761
-0.07211574,-0.013484601,0.01499222,-0.016259942,0.08103956,0.035896868,-0.022831826,0.18665929,0.06929592,-0.070997976,0.65236145
0.030325167,-0.120940275,0.035187565,0.14398825,0.09014731,0.09586559,0.11102086,-0.07015837,-0.042532697,-0.025640408,0.08112753
0.005221324,-0.075374626,0.055585872,0.05759881,-0.31086874,-0.1207371,0.071660735,0.16668081,-0.05422008,0.02705443,0.5352081
-0.01103277,-0.4347421,-0.20135108,0.29973263,0.11531153,0.09334239,0.011867064,-0.058548458,-0.070482194,0.043439306,-0.052012235
0.055388566,0.20820965,0.059425782,-0.21134122,0.09356435,-0.0035712565,0.05320192,0.17454897,0.08166474,-0.025063077,0.13923821
-0.035534665,0.107064486,0.037375327,-0.141601,0.0011149531,-0.08486675,0.034637097,0.013110791,-0.05992616,-0.019239275,-0.058527518
0.057097144,0.0882543,0.031191088,0.15128349,0.0672835,0.0911127,0.075293384,0.010856766,-0.2736154,0.030932035,0.05612158
-0.049730677,0.24734855,0.037816968,0.22747178,0.014934971,0.04875732,0.0007780702,-0.1900852,-0.004180576,-0.052282285,-0.22635002
-0.024800336,-0.053393688,-0.20268571,0.06701176,0.08685859,0.10746012,0.09758985,0.19509347,-0.08554437,-0.030129362,0.15681858
-0.006378228,-0.11244521,0.05843419,0.16170849,0.07668403,0.082167625,0.0145163275,0.02144599,-0.045376524,-0.044327054,0.17363058
0.040737316,-0.0756512,0.046757203,0.004554627,0.056353576,0.0815354,0.07839894,0.16797815,-0.09265286,0.08766706,0.30704078
0.02757868,-0.11828597,0.039995518,0.043261945,-0.0015463957,-0.18609004,0.036875013,-0.034194604,-0.07651668,0.01859909,0.13644591
0.008008634,-0.07433612,0.032621343,0.2018905,0.08615342,0.08539837,-0.13435753,-0.08683737,-0.029758357,-0.011774359,0.1438621
0.05620269,-0.006037835,0.09194955,0.02375224,0.07467249,-0.2247871,0.036408797,0.33537957,-0.07902127,0.049693715,0.57545215
-0.01723993,-0.5906554,-0.29743794,-0.35919058,0.0061484124,-0.49290553,-0.17779964,0.063407205,-0.029924326,-0.04460787,-0.019103078
-0.00225439,-0.10749292,0.057872154,-0.00282902,0.09349458,-0.20287813,0.026859311,0.09125045,-0.06620859,-0.009805556,-0.0062608267
-0.019351026,-0.10378827,0.05635044,0.012994083,0.0627286,-0.10919002,-0.06475612,0.037456304,0.004532832,-0.02061021,0.1053521
-0.03987887,-0.1177661,-0.17007726,0.08103786,0.008087274,0.06476599,-0.0033415798,-0.07895968,-0.06365334,-0.0092189405,-0.24247079
-0.04581897,-0.046486516,-0.16857573,0.08152686,0.016961265,0.07332618,-0.006308582,-0.07832796,-0.0566571,-0.009730907,-0.22941984
0.030909194,-0.1490066,-0.1447504,0.04044658,-0.18936133,0.020823473,-0.00844497,-0.07249559,0.018876465,0.014007644,-0.23873524
-0.044218734,0.02589139,0.06617679,0.08862408,0.08603593,0.115187936,0.053181972,0.12691161,0.05789215,-0.042085405,0.23871708
-0.0044835503,-0.10607189,-0.0064049787,-0.2787708,0.04497497,0.0071677873,0.03980903,0.016807836,-0.17637016,0.043255523,-0.030745557
-0.0105481725,-0.027372317,-0.1140611,-0.026770888,0.07405421,0.013628233,0.027616968,0.2808738,0.17812762,0.13485867,0.8108068
-0.044218734,0.02589139,0.06617679,0.08862408,0.08603593,0.115187936,0.053181972,0.12691161,0.05789215,-0.042085405,0.23871708
0.014767702,-0.55862695,-0.14932169,0.0069651036,-0.09216311,0.07134576,-0.08096576,-0.05990981,-0.04855936,0.008319184,-0.25215614
0.011952362,-0.096943036,-0.20905118,0.057665713,0.06545659,0.10244826,0.09839663,0.1139408,-0.050141092,-0.03400443,0.12663391
-0.015112254,-0.109563015,0.02601634,-0.11076129,0.017185269,0.09408369,0.14552988,0.09498196,-0.05999762,-0.0010394392,0.18870232
0.030565307,-0.03894692,-0.1376105,0.09304754,0.08077037,0.11691808,0.051376034,0.15894371,0.02766922,0.050749395,0.76262546
0.03918176,-0.055790707,0.030366184,0.04028103,0.06083183,-0.19771057,0.09785604,0.03331362,0.15821265,0.018733772,0.45884737
0.024829509,-0.058042195,-0.03680144,0.04646778,0.07587053,-0.21301192,0.04191901,0.22046643,-0.006325447,-0.012596698,0.6007493
-0.026943907,-0.13169317,-0.2572796,0.14978752,0.055301633,-0.65582997,0.034185935,0.033497047,-0.045511797,0.0030286463,-0.022552172
-0.013725673,-0.051462937,-0.07730997,0.07210338,0.07815232,0.10208961,-0.14585173,-0.08783565,0.26636192,0.00079412083,0.21980502
-0.042342387,0.12089586,0.006239654,0.004662088,0.0034191366,-0.010517284,0.085360914,0.063734956,-0.06908765,0.009479344,0.0628651
0.023402212,0.06263895,0.044790946,-0.05138536,0.020148069,-0.036054872,0.079268605,0.23653503,-0.009729623,-0.036059454,0.16055553
0.0010436188,0.04498062,0.04191964,0.19426323,0.022381738,0.12090672,0.14487529,-0.073976554,-0.05103627,0.021098584,-0.016166028
0.040771153,0.07390479,0.036584865,0.05485736,0.017193828,0.10128329,0.028520586,0.09375502,-0.05008166,0.0943252,0.06498275
-0.0135426195,-0.052962355,0.040177196,0.021518333,0.024986506,0.11379145,-0.120913416,0.008910282,-0.05340541,0.090312675,-0.0054179733
-0.043351695,-0.07731705,0.020876879,0.1580046,0.07439153,0.10986494,0.04183601,-0.03222133,-0.051943943,0.068660334,0.14161456
-0.015283106,-0.08560306,-0.13895552,0.16734496,0.12998454,0.047655426,0.09737376,-0.05709268,-0.007350756,-0.00054175715,-0.20515594
0.029156629,-0.25649258,-0.030857306,-0.09958644,-0.012126562,0.09707234,-0.17455365,0.035805397,0.016781593,0.03526991,-0.1270283
-0.03367755,0.03887838,-0.001750762,-0.14548588,0.055150345,0.09790855,0.08674661,0.10713461,-0.10783494,0.06645362,0.14672165
0.029156629,-0.25649258,-0.030857306,-0.09958644,-0.012126562,0.09707234,-0.17455365,0.035805397,0.016781593,0.03526991,-0.1270283
0.006617886,-0.2357988,0.008783054,0.22758178,-0.016662218,0.096324295,-0.15664266,-0.14304104,0.023803366,0.05902939,-0.08647879
-0.03467392,0.03231248,-0.0065827193,-0.1580257,0.054376476,0.09545356,0.08589429,0.10696745,-0.10726112,0.06577042,0.18141805
0.044340566,-0.0023118237,0.06297921,-0.20995228,0.05561761,0.15314795,0.10698611,0.14558613,-0.13640665,0.051859543,0.1123134
-0.08626417,0.014188061,0.041607365,-0.15857169,0.07000055,0.0529529,0.101342306,0.17980248,0.16586447,-0.077397175,0.34517863
0.03294934,0.13360849,0.026855642,0.014068473,0.019198209,0.08403313,-0.18702228,-0.09198686,-0.070812166,0.0325417,-0.14782535
0.030743668,-0.067145415,-0.17136098,0.0039485954,0.06387174,0.10341772,0.08663972,0.12727241,-0.04169292,-0.045374427,0.45169944
0.009372437,0.002581299,0.053106107,-0.09702538,0.09281606,0.11352793,0.0091205025,0.22565013,0.1193046,-0.050768226,0.6873856
-0.031167839,0.18426017,0.057097755,-0.1831078,0.045067355,-0.039794106,0.08508939,0.14530835,0.043006387,0.047921516,0.06853472
-0.062560186,-0.0021693865,0.061249044,-0.22551702,0.017931823,0.088177115,0.042368628,0.15780866,0.20346743,0.016934024,0.10485954
0.0054958845,-0.6162563,-0.074101515,-0.111865945,-0.12780981,0.06971445,-0.084227964,-0.05074376,-0.013357703,0.0355958,-0.1845441
0.010014193,-0.40568388,-0.19615513,0.16705692,0.03320597,-0.42054832,-0.018658929,-0.111655064,0.14001493,-0.023635225,-0.048390176
0.012322188,-0.4055626,-0.19723298,0.16691928,0.033166107,-0.42060342,-0.018960241,-0.11163303,0.14001286,-0.024450945,-0.048411895
-0.062705114,-0.0495769,-0.05008119,0.07630662,0.09109224,0.15329622,0.07978447,0.15560493,0.008902981,0.09953755,0.67400867
-0.0476211,-0.10571023,-0.011806763,-0.08761529,-0.12826453,0.08006055,-0.10809342,0.008636474,-0.05017709,0.019968553,-0.20864707
0.044811696,-0.010285676,0.08350882,0.00073612086,0.07534994,-0.10221561,0.003360896,0.3201676,-0.021912714,-0.028712023,0.6635239
-0.028551694,-0.08088597,0.04531111,0.17358083,-0.001997816,0.13819388,0.033280905,-0.023774477,-0.03557971,0.09319966,0.16440189
-0.028772928,-0.08060833,0.04531111,0.17388833,-0.0020352998,0.13819388,0.0337046,-0.023774477,-0.035500683,0.09319966,0.1703493
0.013444974,-0.0917871,-0.036568385,-0.009872924,0.076059125,0.096361734,0.033198174,0.12551211,-0.08482302,-0.07178005,0.6719123
0.055026464,0.02783693,-0.03824406,-0.15059401,0.0017249547,0.058035456,0.056126937,0.17826484,-0.14920604,-0.0011958168,0.095324494
0.03906373,-0.0913501,-0.0840138,-0.05093701,0.12153928,-0.25831857,-0.009294804,0.17714778,0.04735748,0.055770777,0.37846318
0.019662626,0.0397532,0.016626539,-0.23791808,-0.027917057,0.045467928,-0.01392239,0.014160809,-0.062662765,-0.053296056,0.109345205
0.059876867,0.09831123,0.06904925,0.13452908,0.041285492,0.07387763,0.007329882,0.016049288,-0.05099419,-0.0457826,0.41293266
-0.039149232,0.19515792,0.042369224,0.070200495,0.08673027,0.119739905,0.04945906,-0.011242888,0.092563905,0.12789026,-0.0606375
-0.04981178,0.2053196,0.023801602,0.0663292,0.10475522,0.109194025,0.095013276,-0.0094418945,0.09249548,0.12695979,-0.07022287
-0.018107917,-0.14286473,-0.011265826,0.06829332,-0.060440566,0.05118782,-0.068277486,-0.19145344,-0.03788275,-0.022235578,-0.30066246
-0.04981178,0.2053196,0.023801602,0.0663292,0.10475522,0.109194025,0.095013276,-0.0094418945,0.09249548,0.12695979,-0.07022287
-0.039149232,0.19515792,0.042369224,0.070200495,0.08673027,0.119739905,0.04945906,-0.011242888,0.092563905,0.12789026,-0.0606375
-0.06581981,-0.023901569,0.025666706,-0.23076358,-0.038194627,-0.21000646,0.045103043,0.08620909,0.12646309,-0.06533375,0.16834661
0.020659674,-0.11309306,0.040296618,0.14933027,0.097693235,0.095211625,0.03363701,-0.19803806,-0.034200165,0.032115687,-0.37096268
-0.06645742,-0.08904478,-0.27176827,-0.20776445,0.08264294,0.032426164,-0.04951696,0.034763094,0.17208476,-0.084980726,-0.06007643
-0.041777436,-0.020942183,0.1400408,0.16309884,0.12350923,0.08862724,0.06020936,0.13757595,0.063439585,0.007193458,0.33861387
-0.051765293,-0.014246385,0.058856532,0.021718148,0.09963284,0.10658415,0.025639515,0.19901301,0.19532196,0.0825958,0.2280749
-0.075431645,0.08451775,0.019149287,0.0105850035,0.005486098,0.12043369,0.045065414,0.014425129,0.022393005,0.11349625,-0.07242074
0.021897512,0.01226618,0.05529167,0.095805064,0.011918473,0.09421661,0.10857325,-0.16389269,-0.051315326,0.017508179,-0.22259903
-0.067771144,-0.089188434,-0.27181512,-0.20862713,0.0826588,0.03235869,-0.049798883,0.034765147,0.17127515,-0.085014224,-0.0565348
-0.021940812,-0.75038844,-0.22169337,-0.22882472,-0.08255226,-0.022513064,0.03497525,0.017368663,-0.08271158,-0.034237776,-0.10271936
0.036645263,-0.054142974,0.010386847,-0.21699151,0.053651042,-0.23756316,-0.13950542,0.26952255,-0.046242237,-0.056812555,0.63598615
0.012556662,-0.11785477,0.045465324,-0.51136875,0.14850384,-0.044545222,-0.1750532,0.2210376,-0.0043971553,-0.06015422,0.33370078
0.03986998,-0.07584979,0.04053552,-0.24041523,-0.003972947,0.11865167,0.07874868,0.13198625,-0.059466533,-0.079019316,0.4168654
-0.07673097,0.021334529,0.03140393,-0.24126987,0.07163209,0.12050016,-0.14212126,0.095466755,0.16575767,-0.07398668,0.10300401
0.017627666,-0.061084412,0.035649415,0.10826821,-0.15254885,-0.057082478,0.06868727,-0.20995055,-0.05526335,0.01905973,-0.09215366
0.044865347,0.26780713,0.05755177,0.2446024,0.044680506,-0.041118275,-0.00806379,-0.13917115,-0.108051986,-0.04604309,-0.17934154
0.054480236,0.35509577,0.082563065,0.16882737,0.024412928,0.062776476,-0.0340835,-0.12945127,0.020261658,0.027440704,-0.14399107
-0.025991725,-0.07010178,0.040093318,-0.12429873,-0.13509329,0.012948171,-0.057401545,-0.072277255,0.119193435,0.017430358,-0.29938793
0.001408366,-0.035248358,0.028146723,0.17895512,0.06996194,0.102978125,0.0923285,0.058730744,-0.06276582,0.03435068,0.6842279
-0.0044946345,0.24378917,-0.058575604,-0.19862205,-0.016429331,-0.1548297,-0.054167494,0.2382971,-0.10655203,0.12663944,0.4334608
0.041103054,-0.069252044,-0.013579833,-0.097163826,0.009809488,0.0670794,0.0963263,0.07221054,-0.044355437,0.011014087,-0.26235044
-0.0023038315,-0.15234824,0.045453206,0.15965715,0.021231117,0.102714926,-0.04045608,-0.16185836,-0.021819662,0.056537032,-0.22729182
0.012316391,-0.34487084,-0.15051283,0.12444493,0.04543451,0.08160313,0.024500828,-0.07008873,0.015940703,-0.014210023,-0.1321046
-0.08583627,0.32108924,0.053841043,-0.07334295,0.099440314,0.05694153,0.08010807,0.21697475,0.15764348,-0.044608414,0.17304316
-0.020233067,-0.083797485,0.022339478,0.06769874,-0.10397159,0.081400305,-0.10348747,-0.11018614,-0.039870217,0.016730031,-0.24963537
-0.026046712,-0.023093846,-0.13506593,0.10911121,-0.16277064,0.11378481,0.05091723,-0.07994467,0.12905116,-0.042749915,0.02802433
-0.017924033,0.011551944,0.054385915,-0.080194935,0.07459114,0.054887213,0.03322229,0.1823157,-0.03358586,0.07901364,0.26510236
-0.050620496,0.05740616,-0.16657634,0.180715,-0.13188414,0.09221882,0.09666345,-0.07788502,0.12477845,-0.055843815,0.026674785
0.0077471444,-0.11697511,0.06367505,-0.11035315,0.10602997,0.03432416,0.07170502,0.026448589,0.03472221,0.049799334,-0.08168063
-0.12971699,-0.026702011,0.043718647,-0.060985748,0.05198204,0.104042046,0.022728577,0.16356067,0.113343604,0.021671046,0.4460949
-0.030660238,-0.02492351,0.043141622,0.089581065,0.10212729,0.06340294,0.04188228,0.18616104,0.068055525,-0.05428087,0.4234881
-0.04105737,0.057589658,-0.16430542,0.1809196,-0.13597615,0.093592785,0.09779638,-0.07775841,0.12265951,-0.054263517,0.027276494
0.019805329,-0.06763886,0.07650692,0.023072392,0.0071066124,-0.09053122,0.10813704,0.06721131,0.025031036,-0.03294806,0.20115633
0.03735168,0.35204273,0.05105481,0.11221883,0.089002036,-0.14882788,0.05135386,-0.12408608,-0.015121395,-0.13881207,-0.23686196
0.02667693,-0.14458191,0.0024523633,-0.01281307,0.06769174,-0.39543223,0.001767612,0.23804213,-0.026837777,0.076893546,0.018594775
-0.096692085,0.075569175,0.037248697,-0.14253455,-0.09650316,0.10664756,0.07768601,0.08260573,0.049850807,-0.04212522,-0.05085168
0.0009254181,0.058940668,-0.18160006,0.10245009,0.010922714,0.076563746,0.030517373,-0.075986095,-0.077426404,-0.006126836,-0.18641177
0.032002877,-0.09073571,0.05784462,-0.17533149,0.008713167,-0.23865257,0.0631483,0.16220868,-0.06673255,0.00796076,0.31587932
-0.028748984,-0.122976586,0.03910963,0.14628762,0.13187185,0.04818245,0.14098045,-0.08398238,0.1430123,0.0061462065,-0.10971427
-0.039204404,0.018573461,0.07379341,0.0658891,-0.1294424,0.06001873,0.045267437,-0.09627411,-0.0134595465,0.016855588,-0.29096553
-0.017111646,-0.10016345,-0.0026114779,0.066805184,-0.08481563,0.08506657,-0.07156175,-0.08071469,-0.046077013,-0.028390914,-0.2634274
0.021206208,-0.16507843,0.030654563,0.17837355,0.09033578,0.10835027,0.11614642,-0.10486698,-0.05891375,0.022979721,-0.06934203
-0.022062568,-0.074646086,-0.07024676,-0.12138938,0.071689345,0.10026536,0.077703744,0.023354113,0.13684994,0.020486526,0.48455504
0.04609122,0.07201818,0.03995831,0.15427922,0.08524027,0.08832025,0.088951446,-0.074129984,-0.0054896725,-0.04168647,-0.06930814
0.035324454,-0.18849881,0.027075816,-0.07652549,-0.008115545,-0.7472381,-0.16916974,0.035330757,0.025493357,-0.03389459,0.05532508
-0.049736924,-0.1145044,-0.011407364,-0.09504497,-0.042970207,-0.34252837,-0.011523919,-0.040004868,-0.12086243,0.009897819,0.3203145
-0.047061853,-0.04776258,0.020392414,0.16442186,0.1170929,0.11742247,0.041387454,0.020065088,0.14985196,-0.056497995,0.22361659
-0.0739622,0.09969084,-0.14774469,-0.21011312,0.06159864,0.0806799,0.10241672,0.025334666,0.16300657,-0.07141398,-0.029312303
-0.07191228,0.10033472,0.054915592,-0.16082422,0.005433936,0.051255893,-0.04904612,0.20384131,0.13786592,-0.06875636,0.14336993
0.002019366,0.2709801,0.0897752,-0.042372283,0.012895059,-0.09862857,-0.011428241,0.07020805,-0.03594504,0.025652155,0.014337343
0.00094692234,0.28045812,0.08702186,-0.045638196,0.0136253955,-0.18513635,0.0035887691,0.08342399,-0.03398516,0.026440872,0.017083218
-0.089166485,0.001740756,0.031113304,0.20591255,0.07251007,0.08945383,0.036747728,0.06911374,-0.014618676,0.06102294,0.42740965
-0.08671426,-0.040310215,-0.058804344,-0.061609767,0.10251683,0.082558244,0.08870171,0.15991539,0.18505454,0.05850362,0.42214707
-0.07191228,0.10033472,0.054915592,-0.16082422,0.005433936,0.051255893,-0.04904612,0.20384131,0.13786592,-0.06875636,0.14336993
-0.042100307,-0.15501742,-0.013392634,-0.079820834,-0.09485866,0.105826944,-0.116256826,0.01680831,-0.062164456,0.003514111,-0.23263572
-0.019779826,-0.028108329,0.043268993,0.047183856,0.081104174,0.097176634,0.033258025,0.081953876,-0.10529602,-0.045072217,0.10070523
-0.029633256,-0.03474547,0.038314816,0.043664217,0.07516498,0.079392746,0.041327626,0.07868739,-0.0779483,-0.044185553,0.019160962
-0.10907981,0.103898376,0.010388255,-0.20513465,0.00903203,0.075203404,-0.019953584,-0.0015176339,0.108442694,-0.09541931,0.14125358
0.01967357,0.029038318,-0.18278253,-0.015166598,-0.0007445395,-0.17726621,-0.013908267,-0.09009386,-0.02287933,0.03161768,-0.1883641
-0.06726693,-0.11751048,-0.23518106,-0.049595617,-0.08437281,-1.3203208,-0.5655287,0.0026269932,0.107491165,0.029814646,-0.16434054
-0.026763313,0.085841246,0.03545237,0.13234392,0.011826053,0.114900805,0.044779755,-0.099572234,-0.09829199,-0.037541002,-0.28249943
0.010832555,-0.010691183,0.08620682,0.21259129,0.105289,0.02997696,0.090851985,-0.029434929,-0.08536228,0.006566565,-0.04735897
-0.019203423,-0.1324093,-0.027994687,0.1197427,-0.08902626,0.06670499,-0.09244532,-0.16899256,0.002605573,0.06961767,-0.28234795
0.030121198,-0.09441377,-0.006875927,0.14240819,-0.10798256,0.0632721,-0.082626656,-0.15561521,-0.0010339458,0.063116804,-0.28048876
0.036202237,-0.10497529,0.008144331,0.09624909,0.11841061,0.09856229,-0.09680087,-0.09163206,-0.07800858,0.050941244,-0.100500226
-0.008419368,0.024177862,0.09722141,-0.1623171,0.061567236,0.084249735,0.073739685,0.19214381,-0.06036473,0.10257182,0.36632016
-0.094162494,0.03429847,-0.026212707,-0.12583779,0.036241673,0.0328102,0.03754996,0.1549139,0.14812894,0.06739585,0.20319958
-0.01940617,0.23129195,0.046217516,0.15070814,0.015371545,0.08060564,0.03204742,-0.14684312,-0.03994086,0.03060921,-0.18199141
0.045531858,-0.077766374,-0.16601829,-0.02886805,0.09725179,-0.067363456,0.04356491,0.15478519,-0.038605485,-0.0057300148,0.38800204
-0.039222475,-0.022895513,0.0028303426,0.022226945,0.07383121,0.08102683,0.028406309,0.197223,-0.0758363,-0.0503522,0.67608213
0.042779434,0.045927674,0.049896464,0.040628146,-0.0073226467,0.04133284,0.025075981,0.15506496,-0.089740925,0.007355745,0.21778105
0.04352594,0.25719684,0.0060871425,0.058441397,-0.09843174,0.08543847,0.10488502,-0.076170795,-0.034974232,-0.0595695,-0.18469518
-0.052845147,0.31642765,0.07399519,0.17548211,0.092815146,0.0904644,0.098032236,-0.15851736,-0.0072777006,-0.045494482,-0.26881376
-0.02596919,-0.023583109,0.06950631,-0.083828785,0.06734196,-0.048217118,0.014967829,0.1682881,0.19258083,-0.049180567,0.3987701
-0.032913435,-0.03211095,-0.0425705,0.032287892,0.09639663,0.13696206,0.070234045,0.16954547,0.08361757,0.09614884,0.32487947
-0.02089374,-0.003118588,0.05711971,0.05444479,-0.025117712,0.06916788,0.067152545,0.01204067,-0.09810187,-0.04143382,0.14247452
0.09645569,-0.039859995,0.09108846,-0.0769269,0.08024248,-0.12038076,0.09669103,0.3513753,0.31570932,0.012780336,0.67616445
0.028002175,-0.07172981,-0.038551588,0.115192175,-0.013899815,0.08855113,0.05233293,0.12849064,0.028863342,0.04060806,0.56231654
0.06436664,0.2968014,-0.015269153,-0.11454004,-0.08221678,0.054344375,-0.027653096,0.104300566,0.044436898,-0.04923773,-0.21787313
0.0030963328,-0.07917894,0.06256892,0.17124783,-0.013381167,0.0939395,-0.0011224835,-0.1566011,-0.032840706,0.021859115,-0.23515876
-0.021730805,-0.10738237,0.014442989,0.052202906,-0.06030887,0.058687855,-0.07425871,-0.16705836,-0.036721285,0.016166398,-0.29757416
0.07883582,0.08083644,0.07469129,-0.036831018,-0.007070346,-0.0069035017,-0.061494138,0.29181394,-0.08012441,-0.038203552,0.2488167
0.017761258,0.019778242,0.03325731,-0.2705645,0.016570099,-0.9131234,0.01322991,-0.0026819045,-0.04964205,-0.03875094,-0.020899793
-0.033560835,-0.017217925,0.043511253,-0.13959439,-0.12337241,0.10368347,0.11996626,0.04748842,0.108401455,-0.03224414,-0.1064177
-0.03856832,-0.022996707,0.025895352,-0.16486293,-0.082020395,0.10634131,0.09392639,0.036811985,-0.016619213,-0.025506817,-0.063050084
-0.049595922,-0.044914126,0.03864789,-0.08501052,0.07941569,0.0748495,0.0063331197,0.16111764,-0.085445166,0.04354686,0.40587798
0.0015792199,-0.092310764,-0.05914483,0.20409042,0.11935033,0.091261365,0.09185799,-0.18943715,-0.03660379,-0.025759734,-0.07320519
-0.005647133,-0.7328993,-0.31722063,-0.526631,0.019043602,0.032566432,0.045846727,0.0928104,-0.07882732,-0.041124158,-0.09899599
-0.035424944,-0.11351848,-0.22351968,0.032355186,0.005204303,0.07254924,0.03387702,-0.078572616,-0.06335117,-0.014083264,-0.24341111
-0.017414477,-0.114568815,-0.23623523,0.03091281,0.003608347,0.065582454,0.036512993,-0.08235615,-0.07416183,-0.018259428,-0.23749392
0.02228588,-0.13898496,0.019542836,0.15346906,0.012441259,0.076364756,0.1217337,-0.1845616,-0.029269617,0.014968643,-0.3564594
-0.0074224262,-0.18058531,0.039394252,0.14774776,0.007850253,0.109885484,-0.049263947,-0.12495767,-0.06721298,0.06807575,-0.15261313
0.047934156,0.036861856,0.066350445,0.029457457,0.054096736,0.07930866,0.009753909,0.17306048,-0.08304389,-0.02993758,0.1565571
-0.0030258403,-0.02339527,0.11330564,0.10250811,0.124195494,0.10654348,0.14467032,0.2706743,0.29650518,0.016527463,0.7590967
0.005531527,0.028926741,0.1046324,0.09594481,0.12739761,0.105067216,0.105522454,0.28658164,0.29213414,0.018683407,0.76219094
0.0060816086,-0.5553254,0.02247039,-0.1654511,0.08375582,0.008745758,0.049886975,0.21172284,-0.09087725,-0.021593887,0.66223586
-0.022305327,-0.06227536,0.014576711,0.0063174875,0.067468405,0.07110056,0.105710015,0.12021367,-0.061849114,-0.016585374,0.18045662
-0.039687913,-0.48989874,-0.2451427,-0.006532126,0.081248514,0.001377297,0.029291447,0.13691206,0.11166357,0.1907521,0.67336667
-0.04520413,-0.13460459,0.054119676,0.052053664,-0.08914766,0.06687344,-0.00077692926,-0.09884833,-0.027151521,0.017903844,-0.28157648
-0.045695655,-0.14096649,0.053725503,0.049227864,-0.1250827,0.06348964,-0.0035809798,-0.09911127,-0.04395144,0.00929476,-0.28268585
0.027332606,0.4191514,0.06244133,-0.095918514,0.08501104,0.13575433,0.032862894,0.09484218,-0.058891494,0.055611134,0.03945885
-0.0573744,-0.06685122,0.048077118,-0.10559871,-0.0018278809,0.07313781,0.087995745,0.15637486,0.056946676,0.020178635,0.42633566
-0.040087007,-0.1311054,-0.1516461,0.25059986,0.011658573,0.06646072,0.09347999,-0.2349971,-0.054104496,-0.034108076,-0.117517546
-0.00793758,-0.009350534,-0.1438135,0.07045495,-0.027295297,0.09154409,0.03185505,-0.06918115,-0.032770082,-0.030552713,-0.010392806
-0.08454259,0.008043602,0.044510774,-0.1410893,0.04053016,0.1333228,0.1001413,0.13023783,0.088644855,-0.06184835,0.1289909
-0.03171199,-0.037493277,0.05456558,0.022292243,0.11126764,0.04951239,0.11829828,0.21732125,0.29396468,0.08656464,0.711562
0.002077901,-0.055447377,0.08674788,0.14813305,0.069255635,0.09633208,0.07643114,0.10756644,-0.09063837,-0.00027757516,0.36471653
-0.0385119,-0.094454594,-0.15171695,-0.26379052,-0.00977266,-0.52630186,-0.3352485,0.1893801,-0.18751033,-0.1633032,0.22426851
0.029609235,-0.023097146,0.042130105,0.06469445,0.10895793,0.035472255,0.0932777,-0.079485476,-0.05262213,-0.03558709,-0.2794921
0.033059835,-0.10948578,-0.12866545,0.1535638,-0.096412905,0.09581501,0.039037947,-0.060082823,0.0065395995,0.1067824,-0.2288086
-0.041680705,0.11630171,0.04392901,0.1488206,0.05874932,0.06576767,0.019954022,0.020277267,-0.19540904,0.05104525,0.033690013
0.005326795,-0.123747684,0.017137894,0.11552649,-0.1124736,-0.44889882,0.020739887,-0.22272724,-0.06392343,0.006738728,0.038299806
-0.03172275,-0.0021055075,-0.05653275,-0.1072753,-0.11262044,0.17699505,0.02927538,0.051437072,-0.04622676,0.13506983,0.010184316
-0.031375926,-0.089031674,0.024947265,-0.013404903,-0.16809288,0.06413903,0.008914917,-0.068110555,0.1634956,-0.016951697,-0.30949065
0.043446496,0.20899294,0.009794975,-0.11622792,-0.085906364,-0.10573893,0.017819574,0.15090044,0.12505448,0.036045536,0.14392504
-0.040008567,0.015307224,0.040932342,-0.12248541,0.14572676,0.12467367,0.07580865,0.2611025,0.21446566,-0.05582884,0.14117779
-0.05952009,-0.11570163,0.017752726,-0.16576533,-0.056942653,0.061401386,-0.10943529,0.015678851,-0.018409947,-0.025648342,-0.24046984
0.00733457,-0.050935533,0.01878403,0.048481226,0.018035611,-0.19941516,0.040749606,0.17609586,-0.08291995,0.004506468,0.4251709
0.054675702,-0.42294943,-0.054074366,0.017683357,0.05185347,-0.16778442,0.06286418,0.18115385,-0.0040322603,0.36888543,0.6754922
-0.015554024,-0.057635248,-0.11086467,0.16339931,0.09811623,0.09666226,0.03757655,-0.058060285,-0.044943854,-0.022527643,-0.06221125
-0.04895276,-0.074868195,-0.040259283,0.048021294,0.07899047,0.107595325,0.09537426,0.12916113,-0.061571468,0.09413169,0.14937553
0.038026046,-0.08279653,-0.08244414,-0.050347574,0.045513585,-0.23065282,-0.03215655,0.2728142,-0.08198716,0.15172596,0.46685967
0.025203917,0.0459379,-0.026422745,-0.17449667,-0.013621007,-0.10996631,0.035169322,0.019182755,-0.0674544,-0.022850476,0.17450672
0.01843843,0.047233302,-0.00071246776,-0.107967176,0.04962124,0.062241927,-0.050686765,-0.0076119816,-0.0821254,-0.03725346,0.16550851
0.04881733,-0.06520108,0.04040846,0.088901065,-0.08955458,-0.0045419186,0.08113007,0.08311048,-0.053693503,-0.02502436,0.3635668
-0.035282526,0.05595138,0.040958073,0.10158333,0.017079487,0.070063315,0.0065669953,-0.2129179,-0.049369484,-0.053522587,-0.272368
-0.04606225,-0.078631245,0.053543806,0.053363863,-0.029816074,0.103649884,0.060649283,-0.10845795,0.22933826,0.052174177,0.06799033
0.022635626,0.070606425,0.051542282,-0.19864927,0.019243062,0.06774726,0.032192815,0.15137431,-0.07215454,0.093448065,0.062368177
-0.03328642,-0.08259782,0.048170887,0.15203136,0.083395176,-0.006487352,0.048049983,0.017314639,-0.0058008498,-0.029254742,0.44822085
-0.0010835336,-0.07676985,0.06855887,-0.07223843,-0.11950291,-0.059077874,0.057256624,0.11915185,-0.048612736,-0.09198815,0.20809889
-0.033025373,-0.08789855,0.009042947,-0.07327673,-0.036688335,-0.03169265,0.05687754,0.04654193,-0.004232825,-0.031481966,-0.2156771
0.017322358,-0.13227162,0.008911219,-0.09434862,-0.03751737,-0.087977275,0.034492552,0.05460394,-0.090611406,-0.042448666,-0.0010502714
-0.055353425,-0.05278975,0.0628187,-0.24039818,0.08334535,0.08319274,0.10875665,0.08633616,0.19739178,0.07766232,0.12239795
-0.07324652,0.01482898,0.05456119,-0.09300951,0.060947306,0.074975275,0.0913037,0.1933594,0.2357649,0.039880034,0.3058371
-0.07248444,-0.06770608,-0.009254303,-0.18993919,0.09269418,0.097955234,0.06880997,0.07801573,0.23111746,0.029427605,-0.035900958
0.0122747775,-0.21486177,0.055418693,0.11826706,-0.18647362,-0.17127846,0.054760408,-0.19977969,-0.01175312,0.013199273,-0.20486213
0.020546561,-0.0626649,0.018412389,0.13300951,0.067034595,0.08591175,-0.24489081,0.0073750485,-0.13396749,-0.046458602,0.6060385
-0.039145287,-0.030270603,-0.11471025,0.1207159,0.09893178,0.08726124,0.08342841,-0.018189762,0.19121462,0.011138008,0.13784842
-0.034956917,-0.10720667,-0.28992444,-0.1239222,0.008050491,-0.69894105,-0.22649102,0.02984936,-0.00011983892,-0.07302146,-0.08997085
0.024850808,-0.04598728,0.074051425,0.1713884,0.1138621,0.09923442,0.13540295,0.033076063,0.05271621,-0.06840769,0.40233096
-0.081271686,0.092990994,-0.08973679,-0.13808145,-0.078792214,0.21716984,-0.055036772,0.114618674,0.11764402,0.11604267,0.15762392
0.0026210255,-0.07893141,0.05815676,-0.2309521,-0.0086063035,0.118627176,0.05332382,0.13428296,-0.10495097,-0.04982714,0.121046655
-0.035189558,-0.06805814,-0.044611253,-0.014344439,-0.029693674,0.08425483,-0.134333,0.1245513,-0.061588313,-0.042610474,0.17817222
-0.016542463,-0.05825382,-0.18636186,-0.21890053,-0.010997776,0.07754722,-0.035591915,0.19680448,0.011513016,-0.07182261,0.32011726
0.032525733,-0.1931627,0.07686545,-0.01036254,-0.16596541,-0.17394726,0.042918988,0.012599151,-0.058443185,0.0075552524,-0.2385416
-0.024871575,-0.04081356,0.044460945,-0.011211038,-0.035768487,0.072249554,0.0051720142,0.20899369,0.038498197,-0.063703865,0.41622818
-0.05806406,-0.08437288,-0.2941826,0.1250598,0.08088152,0.14591095,0.11673969,0.19647755,0.23547997,-0.06399713,0.45898077
0.03439907,-0.073832996,0.03044386,-0.0063389335,-0.004017626,0.14255199,-0.026908439,0.099794865,-0.090780854,0.03161816,0.15569194
-0.019570027,-0.14081909,0.004307232,0.042533666,-0.058033403,0.098321564,-0.023028227,-0.10850594,-0.022768687,-0.0031836282,-0.27392858
-0.0116868215,0.015910354,-0.001148548,-0.08855899,0.011901292,-0.25068074,0.0210095,0.048948836,0.059628457,0.024896167,0.1562926
-0.0059729028,5.0156814e-06,-0.28068754,-0.07318676,-0.035482742,-0.08250868,-0.033771094,0.15333505,0.030288825,0.049512442,0.11513089
0.0053838007,-0.034978196,0.0733111,0.021964533,0.0024638993,0.0064849104,0.001146726,0.19181193,-0.049556322,0.06273052,0.41134015
0.06638256,0.060418822,0.03084284,0.2166736,-0.018040303,0.0091326395,-0.03322269,-0.1880057,-0.0021221468,-0.026023982,-0.22794972
-0.016714389,-0.08840976,0.04479222,0.15840428,-0.006593011,-0.1051712,0.057996012,-0.078762546,-0.005876144,-0.010842503,0.17419834
-0.013212148,-0.098056205,0.015436693,0.046939313,-0.04690354,0.083424546,-0.123846106,-0.108078614,-0.008519816,-0.029448545,-0.27863613
-0.018189738,-0.10582319,0.027845018,0.15656787,0.012777116,0.030252336,0.076473854,0.07198169,-0.10364861,-0.01525946,0.18391228
0.0103721665,-0.18774909,0.052615423,0.12469603,-0.016647613,-0.015325432,0.074100256,-0.00034764138,-0.022990972,-0.007844297,0.118285425
0.01901506,-0.078947216,0.052448146,0.0037745566,0.14474143,-0.09650122,0.01335796,0.18849218,-0.055388536,0.02393504,0.17375267
-0.08926815,0.051842727,0.044393465,-0.12116786,-0.12744929,0.08569148,0.045424435,0.16588454,0.050578374,-0.05809177,0.16113941
-0.015268663,-0.027959203,0.04291611,0.08248947,0.07224913,0.09789028,0.06089897,0.25321943,-0.064077854,0.014018151,0.7010654
-0.023962442,-0.04978355,-0.1689801,-0.09364833,-0.08978827,-0.03347415,0.019235406,0.024680344,0.012813778,-0.043286525,-0.21986446
-0.006224743,-0.032211542,0.036196098,-0.07794501,-0.014804014,0.06412463,0.11062456,0.20958294,-0.05499902,-0.0598524,0.64997035
-0.04762861,-0.036005367,-0.19251107,-0.061150305,-0.02185169,0.10718047,0.09579517,0.119356036,0.06469273,0.028516393,0.15628228
0.030916309,-0.3456568,0.046486013,-0.16594502,0.04672617,-0.68728834,-0.0764578,0.32889637,-0.041448683,-0.0071651377,0.73437184
-0.07409249,0.08632116,0.045671895,0.012147066,-0.028403271,0.117118455,0.1084589,0.013716293,0.039608013,0.11577057,0.03502538
0.033363562,0.11270109,0.06843563,0.19438957,0.060232386,-0.45906246,0.082264654,-0.18744756,-0.032328077,0.04313397,-0.14323975
-0.011230271,-0.04166345,0.068434745,0.14482275,0.29657677,0.08947292,0.070008226,0.04170554,-0.0670816,-0.006710552,0.1863596
-0.04065642,-0.03547596,-0.013580681,-0.100418344,0.060313106,-0.09638337,0.03925314,0.19339475,0.1565304,0.020108381,0.22796625
-0.040088076,-0.11073803,0.028848274,0.15566559,0.10284001,0.08053573,-0.11167776,-0.15654425,-0.067813724,0.06173993,-0.23920283
-0.080236204,-0.015029362,0.04325309,-0.09353403,0.056175247,0.07164123,0.068653226,0.1476848,0.13115852,-0.005277297,0.24439143
-0.024443394,0.11596595,0.06049506,-0.039088536,-0.013505424,-0.10835727,0.06092054,0.043030787,0.16648987,0.030258395,-0.16397679
0.02954269,0.12705489,0.0108656185,-0.2126992,0.04817854,-0.1226465,0.11736929,0.057185307,-0.0077485056,-0.021451594,-0.15737164
-0.02086622,-0.042607654,0.040387303,0.017547192,0.08856987,0.12360092,0.11471962,0.1557421,0.2649051,0.09772219,0.1911504
0.04557127,-0.26594794,-0.21695954,-0.31548455,0.05163489,-0.14235707,-0.036991682,0.00035857921,-0.019181017,-0.018301228,-0.21242276
0.011464342,-0.21627346,-0.23801397,-0.27823114,0.032559477,-0.66360176,-0.053438146,0.036505412,-0.106429726,-0.14461224,-0.16505688
0.012276044,-0.124762535,0.045977075,0.060155567,-0.01967866,0.11555299,-0.0013550019,-0.10340364,-0.046681598,0.011863559,-0.28051
0.0075677275,0.049937915,0.06459322,0.14281926,0.09238478,0.05949914,0.08983257,-0.0757019,-0.009453726,0.01776234,-0.2741617
-0.03565324,-0.08835335,-0.2706212,-0.17937659,0.060788926,0.08993167,0.007085296,0.020009382,0.02238818,-0.07686415,0.022119967
0.010863319,-0.076895885,-0.21381368,-0.08726757,0.08888935,0.104318514,0.030671367,0.14734021,0.033118747,-0.07319229,0.1945789
0.0116288755,-0.14495853,0.03998166,0.061657656,-0.019813307,0.12790777,-0.0830119,-0.113277026,-0.051015347,0.0041756122,-0.2728589
0.012276044,-0.124762535,0.04651322,0.060155567,-0.01967866,0.117274456,-5.5357108e-05,-0.10355225,-0.046681598,0.011863559,-0.2715346
-0.019810755,0.0407889,0.06059223,0.10251226,0.043947767,0.13486488,0.091962434,0.08687684,-0.03544527,0.2541544,0.33994108
0.050980262,0.044141483,0.0074554784,0.024748515,0.09839397,-0.69768965,-0.033611048,0.3873305,0.0009732146,0.1968463,0.8026947
0.035492737,0.1491104,0.05671118,-0.1736193,-0.11006146,0.068095185,0.07890881,0.027270159,-0.054223422,0.029819611,-0.24333532
-0.0043060277,0.047684137,0.06712412,0.14280684,0.09238478,0.05949914,0.08961991,-0.07572196,-0.00953544,0.018110879,-0.27610967
-0.03063691,-0.024361862,0.059667103,-0.026518604,0.07416822,0.045129523,0.049515836,0.18065819,-0.060913265,-0.037829943,0.307542
-0.06901057,0.06286728,0.040441528,-0.27811807,0.046769515,0.045759033,0.067349024,0.12688006,-0.0910917,-0.064138025,-0.021712765
0.05290318,0.07954629,0.02965329,-0.14084165,0.05508983,0.09388325,0.0680375,0.004727614,0.028756227,0.053956848,-0.23088019
-0.025809199,0.03544336,0.060974333,-0.053837776,0.05212638,-0.005476592,0.07992616,0.14293177,0.032051224,0.010617679,0.13634038
0.011433278,-0.14232443,0.04462566,0.061843913,-0.023174165,0.085132256,-0.024064433,-0.11180795,-0.040843345,-0.034941066,-0.25784338
0.04699506,0.054406535,-0.1583698,-0.17258543,0.0029813075,0.07424959,0.0012627345,0.041349474,-0.035622064,-0.044345345,-0.22528043
-0.010558549,-0.035623375,0.035107728,-0.1097227,0.11849292,-0.04234664,0.003888702,0.3009301,0.182397,-0.03813485,0.645276
-0.05709173,-0.013262894,-0.002118133,-0.4293171,0.228628,-0.012493957,0.059740216,0.21753877,0.018207146,-0.062444337,0.23483226
